기준월,대분류,지표명,항목,값,단위,출처
2015-01-01,PF금리,CD(91일) 수익률,CD(91일),2.129,%,ECOS
2015-02-01,PF금리,CD(91일) 수익률,CD(91일),2.115,%,ECOS
2015-03-01,PF금리,CD(91일) 수익률,CD(91일),1.954,%,ECOS
2015-04-01,PF금리,CD(91일) 수익률,CD(91일),1.813,%,ECOS
2015-05-01,PF금리,CD(91일) 수익률,CD(91일),1.8,%,ECOS
2015-06-01,PF금리,CD(91일) 수익률,CD(91일),1.705,%,ECOS
2015-07-01,PF금리,CD(91일) 수익률,CD(91일),1.648,%,ECOS
2015-08-01,PF금리,CD(91일) 수익률,CD(91일),1.64,%,ECOS
2015-09-01,PF금리,CD(91일) 수익률,CD(91일),1.602,%,ECOS
2015-10-01,PF금리,CD(91일) 수익률,CD(91일),1.577,%,ECOS
2015-11-01,PF금리,CD(91일) 수익률,CD(91일),1.585,%,ECOS
2015-12-01,PF금리,CD(91일) 수익률,CD(91일),1.67,%,ECOS
2016-01-01,PF금리,CD(91일) 수익률,CD(91일),1.665,%,ECOS
2016-02-01,PF금리,CD(91일) 수익률,CD(91일),1.637,%,ECOS
2016-03-01,PF금리,CD(91일) 수익률,CD(91일),1.626,%,ECOS
2016-04-01,PF금리,CD(91일) 수익률,CD(91일),1.61,%,ECOS
2016-05-01,PF금리,CD(91일) 수익률,CD(91일),1.581,%,ECOS
2016-06-01,PF금리,CD(91일) 수익률,CD(91일),1.426,%,ECOS
2016-07-01,PF금리,CD(91일) 수익률,CD(91일),1.362,%,ECOS
2016-08-01,PF금리,CD(91일) 수익률,CD(91일),1.349,%,ECOS
2016-09-01,PF금리,CD(91일) 수익률,CD(91일),1.34,%,ECOS
2016-10-01,PF금리,CD(91일) 수익률,CD(91일),1.354,%,ECOS
2016-11-01,PF금리,CD(91일) 수익률,CD(91일),1.419,%,ECOS
2016-12-01,PF금리,CD(91일) 수익률,CD(91일),1.537,%,ECOS
2017-01-01,PF금리,CD(91일) 수익률,CD(91일),1.495,%,ECOS
2017-02-01,PF금리,CD(91일) 수익률,CD(91일),1.49,%,ECOS
2017-03-01,PF금리,CD(91일) 수익률,CD(91일),1.479,%,ECOS
2017-04-01,PF금리,CD(91일) 수익률,CD(91일),1.43,%,ECOS
2017-05-01,PF금리,CD(91일) 수익률,CD(91일),1.393,%,ECOS
2017-06-01,PF금리,CD(91일) 수익률,CD(91일),1.38,%,ECOS
2017-07-01,PF금리,CD(91일) 수익률,CD(91일),1.389,%,ECOS
2017-08-01,PF금리,CD(91일) 수익률,CD(91일),1.389,%,ECOS
2017-09-01,PF금리,CD(91일) 수익률,CD(91일),1.38,%,ECOS
2017-10-01,PF금리,CD(91일) 수익률,CD(91일),1.384,%,ECOS
2017-11-01,PF금리,CD(91일) 수익률,CD(91일),1.45,%,ECOS
2017-12-01,PF금리,CD(91일) 수익률,CD(91일),1.66,%,ECOS
2018-01-01,PF금리,CD(91일) 수익률,CD(91일),1.655,%,ECOS
2018-02-01,PF금리,CD(91일) 수익률,CD(91일),1.65,%,ECOS
2018-03-01,PF금리,CD(91일) 수익률,CD(91일),1.65,%,ECOS
2018-04-01,PF금리,CD(91일) 수익률,CD(91일),1.65,%,ECOS
2018-05-01,PF금리,CD(91일) 수익률,CD(91일),1.65,%,ECOS
2018-06-01,PF금리,CD(91일) 수익률,CD(91일),1.65,%,ECOS
2018-07-01,PF금리,CD(91일) 수익률,CD(91일),1.65,%,ECOS
2018-08-01,PF금리,CD(91일) 수익률,CD(91일),1.65,%,ECOS
2018-09-01,PF금리,CD(91일) 수익률,CD(91일),1.65,%,ECOS
2018-10-01,PF금리,CD(91일) 수익률,CD(91일),1.678,%,ECOS
2018-11-01,PF금리,CD(91일) 수익률,CD(91일),1.709,%,ECOS
2018-12-01,PF금리,CD(91일) 수익률,CD(91일),1.905,%,ECOS
2019-01-01,PF금리,CD(91일) 수익률,CD(91일),1.866,%,ECOS
2019-02-01,PF금리,CD(91일) 수익률,CD(91일),1.874,%,ECOS
2019-03-01,PF금리,CD(91일) 수익률,CD(91일),1.895,%,ECOS
2019-04-01,PF금리,CD(91일) 수익률,CD(91일),1.86,%,ECOS
2019-05-01,PF금리,CD(91일) 수익률,CD(91일),1.84,%,ECOS
2019-06-01,PF금리,CD(91일) 수익률,CD(91일),1.804,%,ECOS
2019-07-01,PF금리,CD(91일) 수익률,CD(91일),1.68,%,ECOS
2019-08-01,PF금리,CD(91일) 수익률,CD(91일),1.491,%,ECOS
2019-09-01,PF금리,CD(91일) 수익률,CD(91일),1.536,%,ECOS
2019-10-01,PF금리,CD(91일) 수익률,CD(91일),1.458,%,ECOS
2019-11-01,PF금리,CD(91일) 수익률,CD(91일),1.518,%,ECOS
2019-12-01,PF금리,CD(91일) 수익률,CD(91일),1.53,%,ECOS
2020-01-01,PF금리,CD(91일) 수익률,CD(91일),1.465,%,ECOS
2020-02-01,PF금리,CD(91일) 수익률,CD(91일),1.416,%,ECOS
2020-03-01,PF금리,CD(91일) 수익률,CD(91일),1.23,%,ECOS
2020-04-01,PF금리,CD(91일) 수익률,CD(91일),1.1,%,ECOS
2020-05-01,PF금리,CD(91일) 수익률,CD(91일),1.022,%,ECOS
2020-06-01,PF금리,CD(91일) 수익률,CD(91일),0.793,%,ECOS
2020-07-01,PF금리,CD(91일) 수익률,CD(91일),0.787,%,ECOS
2020-08-01,PF금리,CD(91일) 수익률,CD(91일),0.68,%,ECOS
2020-09-01,PF금리,CD(91일) 수익률,CD(91일),0.63,%,ECOS
2020-10-01,PF금리,CD(91일) 수익률,CD(91일),0.63,%,ECOS
2020-11-01,PF금리,CD(91일) 수익률,CD(91일),0.66,%,ECOS
2020-12-01,PF금리,CD(91일) 수익률,CD(91일),0.66,%,ECOS
2021-01-01,PF금리,CD(91일) 수익률,CD(91일),0.678,%,ECOS
2021-02-01,PF금리,CD(91일) 수익률,CD(91일),0.733,%,ECOS
2021-03-01,PF금리,CD(91일) 수익률,CD(91일),0.748,%,ECOS
2021-04-01,PF금리,CD(91일) 수익률,CD(91일),0.737,%,ECOS
2021-05-01,PF금리,CD(91일) 수익률,CD(91일),0.682,%,ECOS
2021-06-01,PF금리,CD(91일) 수익률,CD(91일),0.663,%,ECOS
2021-07-01,PF금리,CD(91일) 수익률,CD(91일),0.694,%,ECOS
2021-08-01,PF금리,CD(91일) 수익률,CD(91일),0.765,%,ECOS
2021-09-01,PF금리,CD(91일) 수익률,CD(91일),0.981,%,ECOS
2021-10-01,PF금리,CD(91일) 수익률,CD(91일),1.076,%,ECOS
2021-11-01,PF금리,CD(91일) 수익률,CD(91일),1.168,%,ECOS
2021-12-01,PF금리,CD(91일) 수익률,CD(91일),1.272,%,ECOS
2022-01-01,PF금리,CD(91일) 수익률,CD(91일),1.394,%,ECOS
2022-02-01,PF금리,CD(91일) 수익률,CD(91일),1.5,%,ECOS
2022-03-01,PF금리,CD(91일) 수익률,CD(91일),1.503,%,ECOS
2022-04-01,PF금리,CD(91일) 수익률,CD(91일),1.63,%,ECOS
2022-05-01,PF금리,CD(91일) 수익률,CD(91일),1.77,%,ECOS
2022-06-01,PF금리,CD(91일) 수익률,CD(91일),1.986,%,ECOS
2022-07-01,PF금리,CD(91일) 수익률,CD(91일),2.407,%,ECOS
2022-08-01,PF금리,CD(91일) 수익률,CD(91일),2.79,%,ECOS
2022-09-01,PF금리,CD(91일) 수익률,CD(91일),3.014,%,ECOS
2022-10-01,PF금리,CD(91일) 수익률,CD(91일),3.693,%,ECOS
2022-11-01,PF금리,CD(91일) 수익률,CD(91일),3.992,%,ECOS
2022-12-01,PF금리,CD(91일) 수익률,CD(91일),4.021,%,ECOS
2023-01-01,PF금리,CD(91일) 수익률,CD(91일),3.801,%,ECOS
2023-02-01,PF금리,CD(91일) 수익률,CD(91일),3.519,%,ECOS
2023-03-01,PF금리,CD(91일) 수익률,CD(91일),3.607,%,ECOS
2023-04-01,PF금리,CD(91일) 수익률,CD(91일),3.498,%,ECOS
2023-05-01,PF금리,CD(91일) 수익률,CD(91일),3.644,%,ECOS
2023-06-01,PF금리,CD(91일) 수익률,CD(91일),3.751,%,ECOS
2023-07-01,PF금리,CD(91일) 수익률,CD(91일),3.747,%,ECOS
2023-08-01,PF금리,CD(91일) 수익률,CD(91일),3.702,%,ECOS
2023-09-01,PF금리,CD(91일) 수익률,CD(91일),3.763,%,ECOS
2023-10-01,PF금리,CD(91일) 수익률,CD(91일),3.822,%,ECOS
2023-11-01,PF금리,CD(91일) 수익률,CD(91일),3.833,%,ECOS
2023-12-01,PF금리,CD(91일) 수익률,CD(91일),3.834,%,ECOS
2024-01-01,PF금리,CD(91일) 수익률,CD(91일),3.737,%,ECOS
2024-02-01,PF금리,CD(91일) 수익률,CD(91일),3.685,%,ECOS
2024-03-01,PF금리,CD(91일) 수익률,CD(91일),3.654,%,ECOS
2024-04-01,PF금리,CD(91일) 수익률,CD(91일),3.575,%,ECOS
2024-05-01,PF금리,CD(91일) 수익률,CD(91일),3.596,%,ECOS
2024-06-01,PF금리,CD(91일) 수익률,CD(91일),3.601,%,ECOS
2024-07-01,PF금리,CD(91일) 수익률,CD(91일),3.541,%,ECOS
2024-08-01,PF금리,CD(91일) 수익률,CD(91일),3.497,%,ECOS
2024-09-01,PF금리,CD(91일) 수익률,CD(91일),3.521,%,ECOS
2024-10-01,PF금리,CD(91일) 수익률,CD(91일),3.43,%,ECOS
2024-11-01,PF금리,CD(91일) 수익률,CD(91일),3.423,%,ECOS
2024-12-01,PF금리,CD(91일) 수익률,CD(91일),3.349,%,ECOS
2025-01-01,PF금리,CD(91일) 수익률,CD(91일),3.037,%,ECOS
2025-02-01,PF금리,CD(91일) 수익률,CD(91일),2.947,%,ECOS
2025-03-01,PF금리,CD(91일) 수익률,CD(91일),2.842,%,ECOS
2025-04-01,PF금리,CD(91일) 수익률,CD(91일),2.739,%,ECOS
2025-05-01,PF금리,CD(91일) 수익률,CD(91일),2.671,%,ECOS
2025-06-01,PF금리,CD(91일) 수익률,CD(91일),2.567,%,ECOS
2025-07-01,PF금리,CD(91일) 수익률,CD(91일),2.513,%,ECOS
2025-08-01,PF금리,CD(91일) 수익률,CD(91일),2.513,%,ECOS
2025-09-01,PF금리,CD(91일) 수익률,CD(91일),2.558,%,ECOS
2025-10-01,PF금리,CD(91일) 수익률,CD(91일),2.545,%,ECOS
2025-11-01,PF금리,CD(91일) 수익률,CD(91일),2.687,%,ECOS
2025-12-01,PF금리,CD(91일) 수익률,CD(91일),2.835,%,ECOS
2026-01-01,PF금리,CD(91일) 수익률,CD(91일),2.705,%,ECOS
2026-02-01,PF금리,CD(91일) 수익률,CD(91일),2.779,%,ECOS
2026-03-01,PF금리,CD(91일) 수익률,CD(91일),2.821,%,ECOS
2026-04-01,PF금리,CD(91일) 수익률,CD(91일),2.819,%,ECOS
2026-05-01,PF금리,CD(91일) 수익률,CD(91일),2.821,%,ECOS
2026-06-01,PF금리,CD(91일) 수익률,CD(91일),2.913,%,ECOS
2026-07-01,PF금리,CD(91일) 수익률,CD(91일),2.91,%,ECOS
2015-01-01,PF금리,국고채(3년) 수익률,국고채(3년),2.039,%,ECOS
2015-02-01,PF금리,국고채(3년) 수익률,국고채(3년),2.024,%,ECOS
2015-03-01,PF금리,국고채(3년) 수익률,국고채(3년),1.865,%,ECOS
2015-04-01,PF금리,국고채(3년) 수익률,국고채(3년),1.739,%,ECOS
2015-05-01,PF금리,국고채(3년) 수익률,국고채(3년),1.875,%,ECOS
2015-06-01,PF금리,국고채(3년) 수익률,국고채(3년),1.773,%,ECOS
2015-07-01,PF금리,국고채(3년) 수익률,국고채(3년),1.777,%,ECOS
2015-08-01,PF금리,국고채(3년) 수익률,국고채(3년),1.735,%,ECOS
2015-09-01,PF금리,국고채(3년) 수익률,국고채(3년),1.651,%,ECOS
2015-10-01,PF금리,국고채(3년) 수익률,국고채(3년),1.627,%,ECOS
2015-11-01,PF금리,국고채(3년) 수익률,국고채(3년),1.752,%,ECOS
2015-12-01,PF금리,국고채(3년) 수익률,국고채(3년),1.719,%,ECOS
2016-01-01,PF금리,국고채(3년) 수익률,국고채(3년),1.628,%,ECOS
2016-02-01,PF금리,국고채(3년) 수익률,국고채(3년),1.474,%,ECOS
2016-03-01,PF금리,국고채(3년) 수익률,국고채(3년),1.498,%,ECOS
2016-04-01,PF금리,국고채(3년) 수익률,국고채(3년),1.468,%,ECOS
2016-05-01,PF금리,국고채(3년) 수익률,국고채(3년),1.454,%,ECOS
2016-06-01,PF금리,국고채(3년) 수익률,국고채(3년),1.334,%,ECOS
2016-07-01,PF금리,국고채(3년) 수익률,국고채(3년),1.218,%,ECOS
2016-08-01,PF금리,국고채(3년) 수익률,국고채(3년),1.238,%,ECOS
2016-09-01,PF금리,국고채(3년) 수익률,국고채(3년),1.312,%,ECOS
2016-10-01,PF금리,국고채(3년) 수익률,국고채(3년),1.361,%,ECOS
2016-11-01,PF금리,국고채(3년) 수익률,국고채(3년),1.609,%,ECOS
2016-12-01,PF금리,국고채(3년) 수익률,국고채(3년),1.692,%,ECOS
2017-01-01,PF금리,국고채(3년) 수익률,국고채(3년),1.643,%,ECOS
2017-02-01,PF금리,국고채(3년) 수익률,국고채(3년),1.665,%,ECOS
2017-03-01,PF금리,국고채(3년) 수익률,국고채(3년),1.709,%,ECOS
2017-04-01,PF금리,국고채(3년) 수익률,국고채(3년),1.678,%,ECOS
2017-05-01,PF금리,국고채(3년) 수익률,국고채(3년),1.69,%,ECOS
2017-06-01,PF금리,국고채(3년) 수익률,국고채(3년),1.673,%,ECOS
2017-07-01,PF금리,국고채(3년) 수익률,국고채(3년),1.74,%,ECOS
2017-08-01,PF금리,국고채(3년) 수익률,국고채(3년),1.78,%,ECOS
2017-09-01,PF금리,국고채(3년) 수익률,국고채(3년),1.785,%,ECOS
2017-10-01,PF금리,국고채(3년) 수익률,국고채(3년),2.026,%,ECOS
2017-11-01,PF금리,국고채(3년) 수익률,국고채(3년),2.15,%,ECOS
2017-12-01,PF금리,국고채(3년) 수익률,국고채(3년),2.1,%,ECOS
2018-01-01,PF금리,국고채(3년) 수익률,국고채(3년),2.19,%,ECOS
2018-02-01,PF금리,국고채(3년) 수익률,국고채(3년),2.277,%,ECOS
2018-03-01,PF금리,국고채(3년) 수익률,국고채(3년),2.271,%,ECOS
2018-04-01,PF금리,국고채(3년) 수익률,국고채(3년),2.192,%,ECOS
2018-05-01,PF금리,국고채(3년) 수익률,국고채(3년),2.25,%,ECOS
2018-06-01,PF금리,국고채(3년) 수익률,국고채(3년),2.175,%,ECOS
2018-07-01,PF금리,국고채(3년) 수익률,국고채(3년),2.097,%,ECOS
2018-08-01,PF금리,국고채(3년) 수익률,국고채(3년),2.019,%,ECOS
2018-09-01,PF금리,국고채(3년) 수익률,국고채(3년),1.953,%,ECOS
2018-10-01,PF금리,국고채(3년) 수익률,국고채(3년),2.01,%,ECOS
2018-11-01,PF금리,국고채(3년) 수익률,국고채(3년),1.94,%,ECOS
2018-12-01,PF금리,국고채(3년) 수익률,국고채(3년),1.825,%,ECOS
2019-01-01,PF금리,국고채(3년) 수익률,국고채(3년),1.807,%,ECOS
2019-02-01,PF금리,국고채(3년) 수익률,국고채(3년),1.802,%,ECOS
2019-03-01,PF금리,국고채(3년) 수익률,국고채(3년),1.789,%,ECOS
2019-04-01,PF금리,국고채(3년) 수익률,국고채(3년),1.736,%,ECOS
2019-05-01,PF금리,국고채(3년) 수익률,국고채(3년),1.679,%,ECOS
2019-06-01,PF금리,국고채(3년) 수익률,국고채(3년),1.496,%,ECOS
2019-07-01,PF금리,국고채(3년) 수익률,국고채(3년),1.382,%,ECOS
2019-08-01,PF금리,국고채(3년) 수익률,국고채(3년),1.164,%,ECOS
2019-09-01,PF금리,국고채(3년) 수익률,국고채(3년),1.287,%,ECOS
2019-10-01,PF금리,국고채(3년) 수익률,국고채(3년),1.357,%,ECOS
2019-11-01,PF금리,국고채(3년) 수익률,국고채(3년),1.492,%,ECOS
2019-12-01,PF금리,국고채(3년) 수익률,국고채(3년),1.39,%,ECOS
2020-01-01,PF금리,국고채(3년) 수익률,국고채(3년),1.373,%,ECOS
2020-02-01,PF금리,국고채(3년) 수익률,국고채(3년),1.253,%,ECOS
2020-03-01,PF금리,국고채(3년) 수익률,국고채(3년),1.091,%,ECOS
2020-04-01,PF금리,국고채(3년) 수익률,국고채(3년),1.024,%,ECOS
2020-05-01,PF금리,국고채(3년) 수익률,국고채(3년),0.878,%,ECOS
2020-06-01,PF금리,국고채(3년) 수익률,국고채(3년),0.85,%,ECOS
2020-07-01,PF금리,국고채(3년) 수익률,국고채(3년),0.826,%,ECOS
2020-08-01,PF금리,국고채(3년) 수익률,국고채(3년),0.829,%,ECOS
2020-09-01,PF금리,국고채(3년) 수익률,국고채(3년),0.908,%,ECOS
2020-10-01,PF금리,국고채(3년) 수익률,국고채(3년),0.91,%,ECOS
2020-11-01,PF금리,국고채(3년) 수익률,국고채(3년),0.965,%,ECOS
2020-12-01,PF금리,국고채(3년) 수익률,국고채(3년),0.97,%,ECOS
2021-01-01,PF금리,국고채(3년) 수익률,국고채(3년),0.975,%,ECOS
2021-02-01,PF금리,국고채(3년) 수익률,국고채(3년),0.995,%,ECOS
2021-03-01,PF금리,국고채(3년) 수익률,국고채(3년),1.133,%,ECOS
2021-04-01,PF금리,국고채(3년) 수익률,국고채(3년),1.138,%,ECOS
2021-05-01,PF금리,국고채(3년) 수익률,국고채(3년),1.134,%,ECOS
2021-06-01,PF금리,국고채(3년) 수익률,국고채(3년),1.302,%,ECOS
2021-07-01,PF금리,국고채(3년) 수익률,국고채(3년),1.419,%,ECOS
2021-08-01,PF금리,국고채(3년) 수익률,국고채(3년),1.411,%,ECOS
2021-09-01,PF금리,국고채(3년) 수익률,국고채(3년),1.515,%,ECOS
2021-10-01,PF금리,국고채(3년) 수익률,국고채(3년),1.842,%,ECOS
2021-11-01,PF금리,국고채(3년) 수익률,국고채(3년),1.953,%,ECOS
2021-12-01,PF금리,국고채(3년) 수익률,국고채(3년),1.8,%,ECOS
2022-01-01,PF금리,국고채(3년) 수익률,국고채(3년),2.06,%,ECOS
2022-02-01,PF금리,국고채(3년) 수익률,국고채(3년),2.285,%,ECOS
2022-03-01,PF금리,국고채(3년) 수익률,국고채(3년),2.369,%,ECOS
2022-04-01,PF금리,국고채(3년) 수익률,국고채(3년),2.941,%,ECOS
2022-05-01,PF금리,국고채(3년) 수익률,국고채(3년),3.019,%,ECOS
2022-06-01,PF금리,국고채(3년) 수익률,국고채(3년),3.477,%,ECOS
2022-07-01,PF금리,국고채(3년) 수익률,국고채(3년),3.238,%,ECOS
2022-08-01,PF금리,국고채(3년) 수익률,국고채(3년),3.247,%,ECOS
2022-09-01,PF금리,국고채(3년) 수익률,국고채(3년),3.903,%,ECOS
2022-10-01,PF금리,국고채(3년) 수익률,국고채(3년),4.235,%,ECOS
2022-11-01,PF금리,국고채(3년) 수익률,국고채(3년),3.895,%,ECOS
2022-12-01,PF금리,국고채(3년) 수익률,국고채(3년),3.63,%,ECOS
2023-01-01,PF금리,국고채(3년) 수익률,국고채(3년),3.46,%,ECOS
2023-02-01,PF금리,국고채(3년) 수익률,국고채(3년),3.47,%,ECOS
2023-03-01,PF금리,국고채(3년) 수익률,국고채(3년),3.461,%,ECOS
2023-04-01,PF금리,국고채(3년) 수익률,국고채(3년),3.263,%,ECOS
2023-05-01,PF금리,국고채(3년) 수익률,국고채(3년),3.33,%,ECOS
2023-06-01,PF금리,국고채(3년) 수익률,국고채(3년),3.548,%,ECOS
2023-07-01,PF금리,국고채(3년) 수익률,국고채(3년),3.638,%,ECOS
2023-08-01,PF금리,국고채(3년) 수익률,국고채(3년),3.727,%,ECOS
2023-09-01,PF금리,국고채(3년) 수익률,국고채(3년),3.842,%,ECOS
2023-10-01,PF금리,국고채(3년) 수익률,국고채(3년),4.031,%,ECOS
2023-11-01,PF금리,국고채(3년) 수익률,국고채(3년),3.771,%,ECOS
2023-12-01,PF금리,국고채(3년) 수익률,국고채(3년),3.35,%,ECOS
2024-01-01,PF금리,국고채(3년) 수익률,국고채(3년),3.266,%,ECOS
2024-02-01,PF금리,국고채(3년) 수익률,국고채(3년),3.351,%,ECOS
2024-03-01,PF금리,국고채(3년) 수익률,국고채(3년),3.31,%,ECOS
2024-04-01,PF금리,국고채(3년) 수익률,국고채(3년),3.439,%,ECOS
2024-05-01,PF금리,국고채(3년) 수익률,국고채(3년),3.432,%,ECOS
2024-06-01,PF금리,국고채(3년) 수익률,국고채(3년),3.262,%,ECOS
2024-07-01,PF금리,국고채(3년) 수익률,국고채(3년),3.083,%,ECOS
2024-08-01,PF금리,국고채(3년) 수익률,국고채(3년),2.924,%,ECOS
2024-09-01,PF금리,국고채(3년) 수익률,국고채(3년),2.868,%,ECOS
2024-10-01,PF금리,국고채(3년) 수익률,국고채(3년),2.911,%,ECOS
2024-11-01,PF금리,국고채(3년) 수익률,국고채(3년),2.858,%,ECOS
2024-12-01,PF금리,국고채(3년) 수익률,국고채(3년),2.59,%,ECOS
2025-01-01,PF금리,국고채(3년) 수익률,국고채(3년),2.571,%,ECOS
2025-02-01,PF금리,국고채(3년) 수익률,국고채(3년),2.61,%,ECOS
2025-03-01,PF금리,국고채(3년) 수익률,국고채(3년),2.59,%,ECOS
2025-04-01,PF금리,국고채(3년) 수익률,국고채(3년),2.395,%,ECOS
2025-05-01,PF금리,국고채(3년) 수익률,국고채(3년),2.331,%,ECOS
2025-06-01,PF금리,국고채(3년) 수익률,국고채(3년),2.441,%,ECOS
2025-07-01,PF금리,국고채(3년) 수익률,국고채(3년),2.465,%,ECOS
2025-08-01,PF금리,국고채(3년) 수익률,국고채(3년),2.427,%,ECOS
2025-09-01,PF금리,국고채(3년) 수익률,국고채(3년),2.464,%,ECOS
2025-10-01,PF금리,국고채(3년) 수익률,국고채(3년),2.601,%,ECOS
2025-11-01,PF금리,국고채(3년) 수익률,국고채(3년),2.88,%,ECOS
2025-12-01,PF금리,국고채(3년) 수익률,국고채(3년),3.01,%,ECOS
2026-01-01,PF금리,국고채(3년) 수익률,국고채(3년),3.044,%,ECOS
2026-02-01,PF금리,국고채(3년) 수익률,국고채(3년),3.167,%,ECOS
2026-03-01,PF금리,국고채(3년) 수익률,국고채(3년),3.378,%,ECOS
2026-04-01,PF금리,국고채(3년) 수익률,국고채(3년),3.413,%,ECOS
2026-05-01,PF금리,국고채(3년) 수익률,국고채(3년),3.682,%,ECOS
2026-06-01,PF금리,국고채(3년) 수익률,국고채(3년),3.794,%,ECOS
2026-07-01,PF금리,국고채(3년) 수익률,국고채(3년),3.831,%,ECOS
2015-01-01,PF금리,"회사채(3년, AA-) 수익률","회사채(3년, AA-)",2.356,%,ECOS
2015-02-01,PF금리,"회사채(3년, AA-) 수익률","회사채(3년, AA-)",2.3,%,ECOS
2015-03-01,PF금리,"회사채(3년, AA-) 수익률","회사채(3년, AA-)",2.128,%,ECOS
2015-04-01,PF금리,"회사채(3년, AA-) 수익률","회사채(3년, AA-)",1.988,%,ECOS
2015-05-01,PF금리,"회사채(3년, AA-) 수익률","회사채(3년, AA-)",2.115,%,ECOS
2015-06-01,PF금리,"회사채(3년, AA-) 수익률","회사채(3년, AA-)",2.012,%,ECOS
2015-07-01,PF금리,"회사채(3년, AA-) 수익률","회사채(3년, AA-)",2.001,%,ECOS
2015-08-01,PF금리,"회사채(3년, AA-) 수익률","회사채(3년, AA-)",1.98,%,ECOS
2015-09-01,PF금리,"회사채(3년, AA-) 수익률","회사채(3년, AA-)",1.946,%,ECOS
2015-10-01,PF금리,"회사채(3년, AA-) 수익률","회사채(3년, AA-)",1.962,%,ECOS
2015-11-01,PF금리,"회사채(3년, AA-) 수익률","회사채(3년, AA-)",2.118,%,ECOS
2015-12-01,PF금리,"회사채(3년, AA-) 수익률","회사채(3년, AA-)",2.143,%,ECOS
2016-01-01,PF금리,"회사채(3년, AA-) 수익률","회사채(3년, AA-)",2.091,%,ECOS
2016-02-01,PF금리,"회사채(3년, AA-) 수익률","회사채(3년, AA-)",1.95,%,ECOS
2016-03-01,PF금리,"회사채(3년, AA-) 수익률","회사채(3년, AA-)",1.979,%,ECOS
2016-04-01,PF금리,"회사채(3년, AA-) 수익률","회사채(3년, AA-)",1.94,%,ECOS
2016-05-01,PF금리,"회사채(3년, AA-) 수익률","회사채(3년, AA-)",1.91,%,ECOS
2016-06-01,PF금리,"회사채(3년, AA-) 수익률","회사채(3년, AA-)",1.789,%,ECOS
2016-07-01,PF금리,"회사채(3년, AA-) 수익률","회사채(3년, AA-)",1.65,%,ECOS
2016-08-01,PF금리,"회사채(3년, AA-) 수익률","회사채(3년, AA-)",1.645,%,ECOS
2016-09-01,PF금리,"회사채(3년, AA-) 수익률","회사채(3년, AA-)",1.704,%,ECOS
2016-10-01,PF금리,"회사채(3년, AA-) 수익률","회사채(3년, AA-)",1.781,%,ECOS
2016-11-01,PF금리,"회사채(3년, AA-) 수익률","회사채(3년, AA-)",2.021,%,ECOS
2016-12-01,PF금리,"회사채(3년, AA-) 수익률","회사채(3년, AA-)",2.162,%,ECOS
2017-01-01,PF금리,"회사채(3년, AA-) 수익률","회사채(3년, AA-)",2.104,%,ECOS
2017-02-01,PF금리,"회사채(3년, AA-) 수익률","회사채(3년, AA-)",2.129,%,ECOS
2017-03-01,PF금리,"회사채(3년, AA-) 수익률","회사채(3년, AA-)",2.208,%,ECOS
2017-04-01,PF금리,"회사채(3년, AA-) 수익률","회사채(3년, AA-)",2.195,%,ECOS
2017-05-01,PF금리,"회사채(3년, AA-) 수익률","회사채(3년, AA-)",2.216,%,ECOS
2017-06-01,PF금리,"회사채(3년, AA-) 수익률","회사채(3년, AA-)",2.208,%,ECOS
2017-07-01,PF금리,"회사채(3년, AA-) 수익률","회사채(3년, AA-)",2.278,%,ECOS
2017-08-01,PF금리,"회사채(3년, AA-) 수익률","회사채(3년, AA-)",2.32,%,ECOS
2017-09-01,PF금리,"회사채(3년, AA-) 수익률","회사채(3년, AA-)",2.333,%,ECOS
2017-10-01,PF금리,"회사채(3년, AA-) 수익률","회사채(3년, AA-)",2.574,%,ECOS
2017-11-01,PF금리,"회사채(3년, AA-) 수익률","회사채(3년, AA-)",2.709,%,ECOS
2017-12-01,PF금리,"회사채(3년, AA-) 수익률","회사채(3년, AA-)",2.649,%,ECOS
2018-01-01,PF금리,"회사채(3년, AA-) 수익률","회사채(3년, AA-)",2.722,%,ECOS
2018-02-01,PF금리,"회사채(3년, AA-) 수익률","회사채(3년, AA-)",2.815,%,ECOS
2018-03-01,PF금리,"회사채(3년, AA-) 수익률","회사채(3년, AA-)",2.831,%,ECOS
2018-04-01,PF금리,"회사채(3년, AA-) 수익률","회사채(3년, AA-)",2.794,%,ECOS
2018-05-01,PF금리,"회사채(3년, AA-) 수익률","회사채(3년, AA-)",2.86,%,ECOS
2018-06-01,PF금리,"회사채(3년, AA-) 수익률","회사채(3년, AA-)",2.805,%,ECOS
2018-07-01,PF금리,"회사채(3년, AA-) 수익률","회사채(3년, AA-)",2.75,%,ECOS
2018-08-01,PF금리,"회사채(3년, AA-) 수익률","회사채(3년, AA-)",2.656,%,ECOS
2018-09-01,PF금리,"회사채(3년, AA-) 수익률","회사채(3년, AA-)",2.403,%,ECOS
2018-10-01,PF금리,"회사채(3년, AA-) 수익률","회사채(3년, AA-)",2.452,%,ECOS
2018-11-01,PF금리,"회사채(3년, AA-) 수익률","회사채(3년, AA-)",2.403,%,ECOS
2018-12-01,PF금리,"회사채(3년, AA-) 수익률","회사채(3년, AA-)",2.304,%,ECOS
2019-01-01,PF금리,"회사채(3년, AA-) 수익률","회사채(3년, AA-)",2.263,%,ECOS
2019-02-01,PF금리,"회사채(3년, AA-) 수익률","회사채(3년, AA-)",2.249,%,ECOS
2019-03-01,PF금리,"회사채(3년, AA-) 수익률","회사채(3년, AA-)",2.244,%,ECOS
2019-04-01,PF금리,"회사채(3년, AA-) 수익률","회사채(3년, AA-)",2.207,%,ECOS
2019-05-01,PF금리,"회사채(3년, AA-) 수익률","회사채(3년, AA-)",2.153,%,ECOS
2019-06-01,PF금리,"회사채(3년, AA-) 수익률","회사채(3년, AA-)",2.004,%,ECOS
2019-07-01,PF금리,"회사채(3년, AA-) 수익률","회사채(3년, AA-)",1.885,%,ECOS
2019-08-01,PF금리,"회사채(3년, AA-) 수익률","회사채(3년, AA-)",1.689,%,ECOS
2019-09-01,PF금리,"회사채(3년, AA-) 수익률","회사채(3년, AA-)",1.792,%,ECOS
2019-10-01,PF금리,"회사채(3년, AA-) 수익률","회사채(3년, AA-)",1.861,%,ECOS
2019-11-01,PF금리,"회사채(3년, AA-) 수익률","회사채(3년, AA-)",2.002,%,ECOS
2019-12-01,PF금리,"회사채(3년, AA-) 수익률","회사채(3년, AA-)",1.948,%,ECOS
2020-01-01,PF금리,"회사채(3년, AA-) 수익률","회사채(3년, AA-)",1.955,%,ECOS
2020-02-01,PF금리,"회사채(3년, AA-) 수익률","회사채(3년, AA-)",1.847,%,ECOS
2020-03-01,PF금리,"회사채(3년, AA-) 수익률","회사채(3년, AA-)",1.84,%,ECOS
2020-04-01,PF금리,"회사채(3년, AA-) 수익률","회사채(3년, AA-)",2.145,%,ECOS
2020-05-01,PF금리,"회사채(3년, AA-) 수익률","회사채(3년, AA-)",2.179,%,ECOS
2020-06-01,PF금리,"회사채(3년, AA-) 수익률","회사채(3년, AA-)",2.218,%,ECOS
2020-07-01,PF금리,"회사채(3년, AA-) 수익률","회사채(3년, AA-)",2.219,%,ECOS
2020-08-01,PF금리,"회사채(3년, AA-) 수익률","회사채(3년, AA-)",2.192,%,ECOS
2020-09-01,PF금리,"회사채(3년, AA-) 수익률","회사채(3년, AA-)",2.239,%,ECOS
2020-10-01,PF금리,"회사채(3년, AA-) 수익률","회사채(3년, AA-)",2.239,%,ECOS
2020-11-01,PF금리,"회사채(3년, AA-) 수익률","회사채(3년, AA-)",2.247,%,ECOS
2020-12-01,PF금리,"회사채(3년, AA-) 수익률","회사채(3년, AA-)",2.211,%,ECOS
2021-01-01,PF금리,"회사채(3년, AA-) 수익률","회사채(3년, AA-)",2.143,%,ECOS
2021-02-01,PF금리,"회사채(3년, AA-) 수익률","회사채(3년, AA-)",2.055,%,ECOS
2021-03-01,PF금리,"회사채(3년, AA-) 수익률","회사채(3년, AA-)",2.091,%,ECOS
2021-04-01,PF금리,"회사채(3년, AA-) 수익률","회사채(3년, AA-)",1.983,%,ECOS
2021-05-01,PF금리,"회사채(3년, AA-) 수익률","회사채(3년, AA-)",1.891,%,ECOS
2021-06-01,PF금리,"회사채(3년, AA-) 수익률","회사채(3년, AA-)",1.913,%,ECOS
2021-07-01,PF금리,"회사채(3년, AA-) 수익률","회사채(3년, AA-)",1.888,%,ECOS
2021-08-01,PF금리,"회사채(3년, AA-) 수익률","회사채(3년, AA-)",1.838,%,ECOS
2021-09-01,PF금리,"회사채(3년, AA-) 수익률","회사채(3년, AA-)",1.953,%,ECOS
2021-10-01,PF금리,"회사채(3년, AA-) 수익률","회사채(3년, AA-)",2.302,%,ECOS
2021-11-01,PF금리,"회사채(3년, AA-) 수익률","회사채(3년, AA-)",2.492,%,ECOS
2021-12-01,PF금리,"회사채(3년, AA-) 수익률","회사채(3년, AA-)",2.41,%,ECOS
2022-01-01,PF금리,"회사채(3년, AA-) 수익률","회사채(3년, AA-)",2.632,%,ECOS
2022-02-01,PF금리,"회사채(3년, AA-) 수익률","회사채(3년, AA-)",2.873,%,ECOS
2022-03-01,PF금리,"회사채(3년, AA-) 수익률","회사채(3년, AA-)",3.028,%,ECOS
2022-04-01,PF금리,"회사채(3년, AA-) 수익률","회사채(3년, AA-)",3.631,%,ECOS
2022-05-01,PF금리,"회사채(3년, AA-) 수익률","회사채(3년, AA-)",3.775,%,ECOS
2022-06-01,PF금리,"회사채(3년, AA-) 수익률","회사채(3년, AA-)",4.233,%,ECOS
2022-07-01,PF금리,"회사채(3년, AA-) 수익률","회사채(3년, AA-)",4.126,%,ECOS
2022-08-01,PF금리,"회사채(3년, AA-) 수익률","회사채(3년, AA-)",4.227,%,ECOS
2022-09-01,PF금리,"회사채(3년, AA-) 수익률","회사채(3년, AA-)",4.9,%,ECOS
2022-10-01,PF금리,"회사채(3년, AA-) 수익률","회사채(3년, AA-)",5.436,%,ECOS
2022-11-01,PF금리,"회사채(3년, AA-) 수익률","회사채(3년, AA-)",5.487,%,ECOS
2022-12-01,PF금리,"회사채(3년, AA-) 수익률","회사채(3년, AA-)",5.302,%,ECOS
2023-01-01,PF금리,"회사채(3년, AA-) 수익률","회사채(3년, AA-)",4.704,%,ECOS
2023-02-01,PF금리,"회사채(3년, AA-) 수익률","회사채(3년, AA-)",4.274,%,ECOS
2023-03-01,PF금리,"회사채(3년, AA-) 수익률","회사채(3년, AA-)",4.184,%,ECOS
2023-04-01,PF금리,"회사채(3년, AA-) 수익률","회사채(3년, AA-)",4.072,%,ECOS
2023-05-01,PF금리,"회사채(3년, AA-) 수익률","회사채(3년, AA-)",4.139,%,ECOS
2023-06-01,PF금리,"회사채(3년, AA-) 수익률","회사채(3년, AA-)",4.356,%,ECOS
2023-07-01,PF금리,"회사채(3년, AA-) 수익률","회사채(3년, AA-)",4.437,%,ECOS
2023-08-01,PF금리,"회사채(3년, AA-) 수익률","회사채(3년, AA-)",4.5,%,ECOS
2023-09-01,PF금리,"회사채(3년, AA-) 수익률","회사채(3년, AA-)",4.602,%,ECOS
2023-10-01,PF금리,"회사채(3년, AA-) 수익률","회사채(3년, AA-)",4.827,%,ECOS
2023-11-01,PF금리,"회사채(3년, AA-) 수익률","회사채(3년, AA-)",4.583,%,ECOS
2023-12-01,PF금리,"회사채(3년, AA-) 수익률","회사채(3년, AA-)",4.076,%,ECOS
2024-01-01,PF금리,"회사채(3년, AA-) 수익률","회사채(3년, AA-)",4.013,%,ECOS
2024-02-01,PF금리,"회사채(3년, AA-) 수익률","회사채(3년, AA-)",4.053,%,ECOS
2024-03-01,PF금리,"회사채(3년, AA-) 수익률","회사채(3년, AA-)",3.944,%,ECOS
2024-04-01,PF금리,"회사채(3년, AA-) 수익률","회사채(3년, AA-)",3.974,%,ECOS
2024-05-01,PF금리,"회사채(3년, AA-) 수익률","회사채(3년, AA-)",3.876,%,ECOS
2024-06-01,PF금리,"회사채(3년, AA-) 수익률","회사채(3년, AA-)",3.708,%,ECOS
2024-07-01,PF금리,"회사채(3년, AA-) 수익률","회사채(3년, AA-)",3.542,%,ECOS
2024-08-01,PF금리,"회사채(3년, AA-) 수익률","회사채(3년, AA-)",3.418,%,ECOS
2024-09-01,PF금리,"회사채(3년, AA-) 수익률","회사채(3년, AA-)",3.448,%,ECOS
2024-10-01,PF금리,"회사채(3년, AA-) 수익률","회사채(3년, AA-)",3.485,%,ECOS
2024-11-01,PF금리,"회사채(3년, AA-) 수익률","회사채(3년, AA-)",3.428,%,ECOS
2024-12-01,PF금리,"회사채(3년, AA-) 수익률","회사채(3년, AA-)",3.236,%,ECOS
2025-01-01,PF금리,"회사채(3년, AA-) 수익률","회사채(3년, AA-)",3.229,%,ECOS
2025-02-01,PF금리,"회사채(3년, AA-) 수익률","회사채(3년, AA-)",3.206,%,ECOS
2025-03-01,PF금리,"회사채(3년, AA-) 수익률","회사채(3년, AA-)",3.161,%,ECOS
2025-04-01,PF금리,"회사채(3년, AA-) 수익률","회사채(3년, AA-)",2.98,%,ECOS
2025-05-01,PF금리,"회사채(3년, AA-) 수익률","회사채(3년, AA-)",2.908,%,ECOS
2025-06-01,PF금리,"회사채(3년, AA-) 수익률","회사채(3년, AA-)",2.98,%,ECOS
2025-07-01,PF금리,"회사채(3년, AA-) 수익률","회사채(3년, AA-)",2.957,%,ECOS
2025-08-01,PF금리,"회사채(3년, AA-) 수익률","회사채(3년, AA-)",2.914,%,ECOS
2025-09-01,PF금리,"회사채(3년, AA-) 수익률","회사채(3년, AA-)",2.926,%,ECOS
2025-10-01,PF금리,"회사채(3년, AA-) 수익률","회사채(3년, AA-)",3.028,%,ECOS
2025-11-01,PF금리,"회사채(3년, AA-) 수익률","회사채(3년, AA-)",3.299,%,ECOS
2025-12-01,PF금리,"회사채(3년, AA-) 수익률","회사채(3년, AA-)",3.502,%,ECOS
2026-01-01,PF금리,"회사채(3년, AA-) 수익률","회사채(3년, AA-)",3.545,%,ECOS
2026-02-01,PF금리,"회사채(3년, AA-) 수익률","회사채(3년, AA-)",3.718,%,ECOS
2026-03-01,PF금리,"회사채(3년, AA-) 수익률","회사채(3년, AA-)",3.969,%,ECOS
2026-04-01,PF금리,"회사채(3년, AA-) 수익률","회사채(3년, AA-)",4.07,%,ECOS
2026-05-01,PF금리,"회사채(3년, AA-) 수익률","회사채(3년, AA-)",4.316,%,ECOS
2026-06-01,PF금리,"회사채(3년, AA-) 수익률","회사채(3년, AA-)",4.429,%,ECOS
2026-07-01,PF금리,"회사채(3년, AA-) 수익률","회사채(3년, AA-)",4.524,%,ECOS
2015-01-01,PF금리,"회사채(3년, BBB-) 수익률","회사채(3년, BBB-)",8.209,%,ECOS
2015-02-01,PF금리,"회사채(3년, BBB-) 수익률","회사채(3년, BBB-)",8.191,%,ECOS
2015-03-01,PF금리,"회사채(3년, BBB-) 수익률","회사채(3년, BBB-)",8.027,%,ECOS
2015-04-01,PF금리,"회사채(3년, BBB-) 수익률","회사채(3년, BBB-)",7.888,%,ECOS
2015-05-01,PF금리,"회사채(3년, BBB-) 수익률","회사채(3년, BBB-)",8.025,%,ECOS
2015-06-01,PF금리,"회사채(3년, BBB-) 수익률","회사채(3년, BBB-)",7.923,%,ECOS
2015-07-01,PF금리,"회사채(3년, BBB-) 수익률","회사채(3년, BBB-)",7.919,%,ECOS
2015-08-01,PF금리,"회사채(3년, BBB-) 수익률","회사채(3년, BBB-)",7.909,%,ECOS
2015-09-01,PF금리,"회사채(3년, BBB-) 수익률","회사채(3년, BBB-)",7.872,%,ECOS
2015-10-01,PF금리,"회사채(3년, BBB-) 수익률","회사채(3년, BBB-)",7.894,%,ECOS
2015-11-01,PF금리,"회사채(3년, BBB-) 수익률","회사채(3년, BBB-)",8.064,%,ECOS
2015-12-01,PF금리,"회사채(3년, BBB-) 수익률","회사채(3년, BBB-)",8.085,%,ECOS
2016-01-01,PF금리,"회사채(3년, BBB-) 수익률","회사채(3년, BBB-)",8.033,%,ECOS
2016-02-01,PF금리,"회사채(3년, BBB-) 수익률","회사채(3년, BBB-)",7.901,%,ECOS
2016-03-01,PF금리,"회사채(3년, BBB-) 수익률","회사채(3년, BBB-)",7.952,%,ECOS
2016-04-01,PF금리,"회사채(3년, BBB-) 수익률","회사채(3년, BBB-)",7.936,%,ECOS
2016-05-01,PF금리,"회사채(3년, BBB-) 수익률","회사채(3년, BBB-)",7.94,%,ECOS
2016-06-01,PF금리,"회사채(3년, BBB-) 수익률","회사채(3년, BBB-)",7.833,%,ECOS
2016-07-01,PF금리,"회사채(3년, BBB-) 수익률","회사채(3년, BBB-)",7.721,%,ECOS
2016-08-01,PF금리,"회사채(3년, BBB-) 수익률","회사채(3년, BBB-)",7.725,%,ECOS
2016-09-01,PF금리,"회사채(3년, BBB-) 수익률","회사채(3년, BBB-)",7.791,%,ECOS
2016-10-01,PF금리,"회사채(3년, BBB-) 수익률","회사채(3년, BBB-)",7.87,%,ECOS
2016-11-01,PF금리,"회사채(3년, BBB-) 수익률","회사채(3년, BBB-)",8.128,%,ECOS
2016-12-01,PF금리,"회사채(3년, BBB-) 수익률","회사채(3년, BBB-)",8.281,%,ECOS
2017-01-01,PF금리,"회사채(3년, BBB-) 수익률","회사채(3년, BBB-)",8.281,%,ECOS
2017-02-01,PF금리,"회사채(3년, BBB-) 수익률","회사채(3년, BBB-)",8.331,%,ECOS
2017-03-01,PF금리,"회사채(3년, BBB-) 수익률","회사채(3년, BBB-)",8.413,%,ECOS
2017-04-01,PF금리,"회사채(3년, BBB-) 수익률","회사채(3년, BBB-)",8.411,%,ECOS
2017-05-01,PF금리,"회사채(3년, BBB-) 수익률","회사채(3년, BBB-)",8.443,%,ECOS
2017-06-01,PF금리,"회사채(3년, BBB-) 수익률","회사채(3년, BBB-)",8.444,%,ECOS
2017-07-01,PF금리,"회사채(3년, BBB-) 수익률","회사채(3년, BBB-)",8.52,%,ECOS
2017-08-01,PF금리,"회사채(3년, BBB-) 수익률","회사채(3년, BBB-)",8.565,%,ECOS
2017-09-01,PF금리,"회사채(3년, BBB-) 수익률","회사채(3년, BBB-)",8.576,%,ECOS
2017-10-01,PF금리,"회사채(3년, BBB-) 수익률","회사채(3년, BBB-)",8.823,%,ECOS
2017-11-01,PF금리,"회사채(3년, BBB-) 수익률","회사채(3년, BBB-)",8.959,%,ECOS
2017-12-01,PF금리,"회사채(3년, BBB-) 수익률","회사채(3년, BBB-)",8.909,%,ECOS
2018-01-01,PF금리,"회사채(3년, BBB-) 수익률","회사채(3년, BBB-)",8.984,%,ECOS
2018-02-01,PF금리,"회사채(3년, BBB-) 수익률","회사채(3년, BBB-)",9.051,%,ECOS
2018-03-01,PF금리,"회사채(3년, BBB-) 수익률","회사채(3년, BBB-)",9.051,%,ECOS
2018-04-01,PF금리,"회사채(3년, BBB-) 수익률","회사채(3년, BBB-)",9.013,%,ECOS
2018-05-01,PF금리,"회사채(3년, BBB-) 수익률","회사채(3년, BBB-)",9.073,%,ECOS
2018-06-01,PF금리,"회사채(3년, BBB-) 수익률","회사채(3년, BBB-)",9.016,%,ECOS
2018-07-01,PF금리,"회사채(3년, BBB-) 수익률","회사채(3년, BBB-)",8.957,%,ECOS
2018-08-01,PF금리,"회사채(3년, BBB-) 수익률","회사채(3년, BBB-)",8.846,%,ECOS
2018-09-01,PF금리,"회사채(3년, BBB-) 수익률","회사채(3년, BBB-)",8.476,%,ECOS
2018-10-01,PF금리,"회사채(3년, BBB-) 수익률","회사채(3년, BBB-)",8.515,%,ECOS
2018-11-01,PF금리,"회사채(3년, BBB-) 수익률","회사채(3년, BBB-)",8.454,%,ECOS
2018-12-01,PF금리,"회사채(3년, BBB-) 수익률","회사채(3년, BBB-)",8.373,%,ECOS
2019-01-01,PF금리,"회사채(3년, BBB-) 수익률","회사채(3년, BBB-)",8.343,%,ECOS
2019-02-01,PF금리,"회사채(3년, BBB-) 수익률","회사채(3년, BBB-)",8.329,%,ECOS
2019-03-01,PF금리,"회사채(3년, BBB-) 수익률","회사채(3년, BBB-)",8.318,%,ECOS
2019-04-01,PF금리,"회사채(3년, BBB-) 수익률","회사채(3년, BBB-)",8.28,%,ECOS
2019-05-01,PF금리,"회사채(3년, BBB-) 수익률","회사채(3년, BBB-)",8.224,%,ECOS
2019-06-01,PF금리,"회사채(3년, BBB-) 수익률","회사채(3년, BBB-)",8.097,%,ECOS
2019-07-01,PF금리,"회사채(3년, BBB-) 수익률","회사채(3년, BBB-)",7.989,%,ECOS
2019-08-01,PF금리,"회사채(3년, BBB-) 수익률","회사채(3년, BBB-)",7.791,%,ECOS
2019-09-01,PF금리,"회사채(3년, BBB-) 수익률","회사채(3년, BBB-)",7.894,%,ECOS
2019-10-01,PF금리,"회사채(3년, BBB-) 수익률","회사채(3년, BBB-)",7.97,%,ECOS
2019-11-01,PF금리,"회사채(3년, BBB-) 수익률","회사채(3년, BBB-)",8.112,%,ECOS
2019-12-01,PF금리,"회사채(3년, BBB-) 수익률","회사채(3년, BBB-)",8.059,%,ECOS
2020-01-01,PF금리,"회사채(3년, BBB-) 수익률","회사채(3년, BBB-)",8.068,%,ECOS
2020-02-01,PF금리,"회사채(3년, BBB-) 수익률","회사채(3년, BBB-)",7.971,%,ECOS
2020-03-01,PF금리,"회사채(3년, BBB-) 수익률","회사채(3년, BBB-)",8.005,%,ECOS
2020-04-01,PF금리,"회사채(3년, BBB-) 수익률","회사채(3년, BBB-)",8.367,%,ECOS
2020-05-01,PF금리,"회사채(3년, BBB-) 수익률","회사채(3년, BBB-)",8.44,%,ECOS
2020-06-01,PF금리,"회사채(3년, BBB-) 수익률","회사채(3년, BBB-)",8.515,%,ECOS
2020-07-01,PF금리,"회사채(3년, BBB-) 수익률","회사채(3년, BBB-)",8.544,%,ECOS
2020-08-01,PF금리,"회사채(3년, BBB-) 수익률","회사채(3년, BBB-)",8.542,%,ECOS
2020-09-01,PF금리,"회사채(3년, BBB-) 수익률","회사채(3년, BBB-)",8.59,%,ECOS
2020-10-01,PF금리,"회사채(3년, BBB-) 수익률","회사채(3년, BBB-)",8.598,%,ECOS
2020-11-01,PF금리,"회사채(3년, BBB-) 수익률","회사채(3년, BBB-)",8.636,%,ECOS
2020-12-01,PF금리,"회사채(3년, BBB-) 수익률","회사채(3년, BBB-)",8.619,%,ECOS
2021-01-01,PF금리,"회사채(3년, BBB-) 수익률","회사채(3년, BBB-)",8.543,%,ECOS
2021-02-01,PF금리,"회사채(3년, BBB-) 수익률","회사채(3년, BBB-)",8.439,%,ECOS
2021-03-01,PF금리,"회사채(3년, BBB-) 수익률","회사채(3년, BBB-)",8.459,%,ECOS
2021-04-01,PF금리,"회사채(3년, BBB-) 수익률","회사채(3년, BBB-)",8.351,%,ECOS
2021-05-01,PF금리,"회사채(3년, BBB-) 수익률","회사채(3년, BBB-)",8.259,%,ECOS
2021-06-01,PF금리,"회사채(3년, BBB-) 수익률","회사채(3년, BBB-)",8.29,%,ECOS
2021-07-01,PF금리,"회사채(3년, BBB-) 수익률","회사채(3년, BBB-)",8.245,%,ECOS
2021-08-01,PF금리,"회사채(3년, BBB-) 수익률","회사채(3년, BBB-)",8.17,%,ECOS
2021-09-01,PF금리,"회사채(3년, BBB-) 수익률","회사채(3년, BBB-)",8.197,%,ECOS
2021-10-01,PF금리,"회사채(3년, BBB-) 수익률","회사채(3년, BBB-)",8.376,%,ECOS
2021-11-01,PF금리,"회사채(3년, BBB-) 수익률","회사채(3년, BBB-)",8.374,%,ECOS
2021-12-01,PF금리,"회사채(3년, BBB-) 수익률","회사채(3년, BBB-)",8.263,%,ECOS
2022-01-01,PF금리,"회사채(3년, BBB-) 수익률","회사채(3년, BBB-)",8.506,%,ECOS
2022-02-01,PF금리,"회사채(3년, BBB-) 수익률","회사채(3년, BBB-)",8.724,%,ECOS
2022-03-01,PF금리,"회사채(3년, BBB-) 수익률","회사채(3년, BBB-)",8.858,%,ECOS
2022-04-01,PF금리,"회사채(3년, BBB-) 수익률","회사채(3년, BBB-)",9.471,%,ECOS
2022-05-01,PF금리,"회사채(3년, BBB-) 수익률","회사채(3년, BBB-)",9.618,%,ECOS
2022-06-01,PF금리,"회사채(3년, BBB-) 수익률","회사채(3년, BBB-)",10.08,%,ECOS
2022-07-01,PF금리,"회사채(3년, BBB-) 수익률","회사채(3년, BBB-)",9.976,%,ECOS
2022-08-01,PF금리,"회사채(3년, BBB-) 수익률","회사채(3년, BBB-)",10.078,%,ECOS
2022-09-01,PF금리,"회사채(3년, BBB-) 수익률","회사채(3년, BBB-)",10.756,%,ECOS
2022-10-01,PF금리,"회사채(3년, BBB-) 수익률","회사채(3년, BBB-)",11.288,%,ECOS
2022-11-01,PF금리,"회사채(3년, BBB-) 수익률","회사채(3년, BBB-)",11.331,%,ECOS
2022-12-01,PF금리,"회사채(3년, BBB-) 수익률","회사채(3년, BBB-)",11.173,%,ECOS
2023-01-01,PF금리,"회사채(3년, BBB-) 수익률","회사채(3년, BBB-)",10.788,%,ECOS
2023-02-01,PF금리,"회사채(3년, BBB-) 수익률","회사채(3년, BBB-)",10.631,%,ECOS
2023-03-01,PF금리,"회사채(3년, BBB-) 수익률","회사채(3년, BBB-)",10.595,%,ECOS
2023-04-01,PF금리,"회사채(3년, BBB-) 수익률","회사채(3년, BBB-)",10.458,%,ECOS
2023-05-01,PF금리,"회사채(3년, BBB-) 수익률","회사채(3년, BBB-)",10.524,%,ECOS
2023-06-01,PF금리,"회사채(3년, BBB-) 수익률","회사채(3년, BBB-)",10.744,%,ECOS
2023-07-01,PF금리,"회사채(3년, BBB-) 수익률","회사채(3년, BBB-)",10.829,%,ECOS
2023-08-01,PF금리,"회사채(3년, BBB-) 수익률","회사채(3년, BBB-)",10.91,%,ECOS
2023-09-01,PF금리,"회사채(3년, BBB-) 수익률","회사채(3년, BBB-)",11.022,%,ECOS
2023-10-01,PF금리,"회사채(3년, BBB-) 수익률","회사채(3년, BBB-)",11.222,%,ECOS
2023-11-01,PF금리,"회사채(3년, BBB-) 수익률","회사채(3년, BBB-)",10.978,%,ECOS
2023-12-01,PF금리,"회사채(3년, BBB-) 수익률","회사채(3년, BBB-)",10.529,%,ECOS
2024-01-01,PF금리,"회사채(3년, BBB-) 수익률","회사채(3년, BBB-)",10.453,%,ECOS
2024-02-01,PF금리,"회사채(3년, BBB-) 수익률","회사채(3년, BBB-)",10.44,%,ECOS
2024-03-01,PF금리,"회사채(3년, BBB-) 수익률","회사채(3년, BBB-)",10.21,%,ECOS
2024-04-01,PF금리,"회사채(3년, BBB-) 수익률","회사채(3년, BBB-)",10.189,%,ECOS
2024-05-01,PF금리,"회사채(3년, BBB-) 수익률","회사채(3년, BBB-)",10.054,%,ECOS
2024-06-01,PF금리,"회사채(3년, BBB-) 수익률","회사채(3년, BBB-)",9.824,%,ECOS
2024-07-01,PF금리,"회사채(3년, BBB-) 수익률","회사채(3년, BBB-)",9.614,%,ECOS
2024-08-01,PF금리,"회사채(3년, BBB-) 수익률","회사채(3년, BBB-)",9.4,%,ECOS
2024-09-01,PF금리,"회사채(3년, BBB-) 수익률","회사채(3년, BBB-)",9.335,%,ECOS
2024-10-01,PF금리,"회사채(3년, BBB-) 수익률","회사채(3년, BBB-)",9.342,%,ECOS
2024-11-01,PF금리,"회사채(3년, BBB-) 수익률","회사채(3년, BBB-)",9.248,%,ECOS
2024-12-01,PF금리,"회사채(3년, BBB-) 수익률","회사채(3년, BBB-)",9.014,%,ECOS
2025-01-01,PF금리,"회사채(3년, BBB-) 수익률","회사채(3년, BBB-)",8.989,%,ECOS
2025-02-01,PF금리,"회사채(3년, BBB-) 수익률","회사채(3년, BBB-)",8.972,%,ECOS
2025-03-01,PF금리,"회사채(3년, BBB-) 수익률","회사채(3년, BBB-)",8.922,%,ECOS
2025-04-01,PF금리,"회사채(3년, BBB-) 수익률","회사채(3년, BBB-)",8.733,%,ECOS
2025-05-01,PF금리,"회사채(3년, BBB-) 수익률","회사채(3년, BBB-)",8.657,%,ECOS
2025-06-01,PF금리,"회사채(3년, BBB-) 수익률","회사채(3년, BBB-)",8.763,%,ECOS
2025-07-01,PF금리,"회사채(3년, BBB-) 수익률","회사채(3년, BBB-)",8.784,%,ECOS
2025-08-01,PF금리,"회사채(3년, BBB-) 수익률","회사채(3년, BBB-)",8.752,%,ECOS
2025-09-01,PF금리,"회사채(3년, BBB-) 수익률","회사채(3년, BBB-)",8.772,%,ECOS
2025-10-01,PF금리,"회사채(3년, BBB-) 수익률","회사채(3년, BBB-)",8.877,%,ECOS
2025-11-01,PF금리,"회사채(3년, BBB-) 수익률","회사채(3년, BBB-)",9.151,%,ECOS
2025-12-01,PF금리,"회사채(3년, BBB-) 수익률","회사채(3년, BBB-)",9.343,%,ECOS
2026-01-01,PF금리,"회사채(3년, BBB-) 수익률","회사채(3년, BBB-)",9.39,%,ECOS
2026-02-01,PF금리,"회사채(3년, BBB-) 수익률","회사채(3년, BBB-)",9.542,%,ECOS
2026-03-01,PF금리,"회사채(3년, BBB-) 수익률","회사채(3년, BBB-)",9.771,%,ECOS
2026-04-01,PF금리,"회사채(3년, BBB-) 수익률","회사채(3년, BBB-)",9.871,%,ECOS
2026-05-01,PF금리,"회사채(3년, BBB-) 수익률","회사채(3년, BBB-)",10.115,%,ECOS
2026-06-01,PF금리,"회사채(3년, BBB-) 수익률","회사채(3년, BBB-)",10.246,%,ECOS
2026-07-01,PF금리,"회사채(3년, BBB-) 수익률","회사채(3년, BBB-)",10.331,%,ECOS
2015-01-01,보상비,소비자물가지수(총지수),총지수,94.643,2020=100,ECOS
2015-02-01,보상비,소비자물가지수(총지수),총지수,94.587,2020=100,ECOS
2015-03-01,보상비,소비자물가지수(총지수),총지수,94.596,2020=100,ECOS
2015-04-01,보상비,소비자물가지수(총지수),총지수,94.625,2020=100,ECOS
2015-05-01,보상비,소비자물가지수(총지수),총지수,94.89,2020=100,ECOS
2015-06-01,보상비,소비자물가지수(총지수),총지수,94.909,2020=100,ECOS
2015-07-01,보상비,소비자물가지수(총지수),총지수,95.08,2020=100,ECOS
2015-08-01,보상비,소비자물가지수(총지수),총지수,95.213,2020=100,ECOS
2015-09-01,보상비,소비자물가지수(총지수),총지수,94.966,2020=100,ECOS
2015-10-01,보상비,소비자물가지수(총지수),총지수,94.966,2020=100,ECOS
2015-11-01,보상비,소비자물가지수(총지수),총지수,94.786,2020=100,ECOS
2015-12-01,보상비,소비자물가지수(총지수),총지수,95.07,2020=100,ECOS
2016-01-01,보상비,소비자물가지수(총지수),총지수,95.232,2020=100,ECOS
2016-02-01,보상비,소비자물가지수(총지수),총지수,95.64,2020=100,ECOS
2016-03-01,보상비,소비자물가지수(총지수),총지수,95.393,2020=100,ECOS
2016-04-01,보상비,소비자물가지수(총지수),총지수,95.573,2020=100,ECOS
2016-05-01,보상비,소비자물가지수(총지수),총지수,95.63,2020=100,ECOS
2016-06-01,보상비,소비자물가지수(총지수),총지수,95.611,2020=100,ECOS
2016-07-01,보상비,소비자물가지수(총지수),총지수,95.431,2020=100,ECOS
2016-08-01,보상비,소비자물가지수(총지수),총지수,95.677,2020=100,ECOS
2016-09-01,보상비,소비자물가지수(총지수),총지수,96.247,2020=100,ECOS
2016-10-01,보상비,소비자물가지수(총지수),총지수,96.379,2020=100,ECOS
2016-11-01,보상비,소비자물가지수(총지수),총지수,96.237,2020=100,ECOS
2016-12-01,보상비,소비자물가지수(총지수),총지수,96.342,2020=100,ECOS
2017-01-01,보상비,소비자물가지수(총지수),총지수,97.366,2020=100,ECOS
2017-02-01,보상비,소비자물가지수(총지수),총지수,97.632,2020=100,ECOS
2017-03-01,보상비,소비자물가지수(총지수),총지수,97.565,2020=100,ECOS
2017-04-01,보상비,소비자물가지수(총지수),총지수,97.442,2020=100,ECOS
2017-05-01,보상비,소비자물가지수(총지수),총지수,97.546,2020=100,ECOS
2017-06-01,보상비,소비자물가지수(총지수),총지수,97.338,2020=100,ECOS
2017-07-01,보상비,소비자물가지수(총지수),총지수,97.499,2020=100,ECOS
2017-08-01,보상비,소비자물가지수(총지수),총지수,98.058,2020=100,ECOS
2017-09-01,보상비,소비자물가지수(총지수),총지수,98.172,2020=100,ECOS
2017-10-01,보상비,소비자물가지수(총지수),총지수,98.077,2020=100,ECOS
2017-11-01,보상비,소비자물가지수(총지수),총지수,97.347,2020=100,ECOS
2017-12-01,보상비,소비자물가지수(총지수),총지수,97.698,2020=100,ECOS
2018-01-01,보상비,소비자물가지수(총지수),총지수,98.106,2020=100,ECOS
2018-02-01,보상비,소비자물가지수(총지수),총지수,98.855,2020=100,ECOS
2018-03-01,보상비,소비자물가지수(총지수),총지수,98.751,2020=100,ECOS
2018-04-01,보상비,소비자물가지수(총지수),총지수,98.931,2020=100,ECOS
2018-05-01,보상비,소비자물가지수(총지수),총지수,98.979,2020=100,ECOS
2018-06-01,보상비,소비자물가지수(총지수),총지수,98.779,2020=100,ECOS
2018-07-01,보상비,소비자물가지수(총지수),총지수,98.59,2020=100,ECOS
2018-08-01,보상비,소비자물가지수(총지수),총지수,99.462,2020=100,ECOS
2018-09-01,보상비,소비자물가지수(총지수),총지수,100.221,2020=100,ECOS
2018-10-01,보상비,소비자물가지수(총지수),총지수,100.041,2020=100,ECOS
2018-11-01,보상비,소비자물가지수(총지수),총지수,99.33,2020=100,ECOS
2018-12-01,보상비,소비자물가지수(총지수),총지수,98.988,2020=100,ECOS
2019-01-01,보상비,소비자물가지수(총지수),총지수,98.884,2020=100,ECOS
2019-02-01,보상비,소비자물가지수(총지수),총지수,99.311,2020=100,ECOS
2019-03-01,보상비,소비자물가지수(총지수),총지수,99.121,2020=100,ECOS
2019-04-01,보상비,소비자물가지수(총지수),총지수,99.481,2020=100,ECOS
2019-05-01,보상비,소비자물가지수(총지수),총지수,99.652,2020=100,ECOS
2019-06-01,보상비,소비자물가지수(총지수),총지수,99.491,2020=100,ECOS
2019-07-01,보상비,소비자물가지수(총지수),총지수,99.187,2020=100,ECOS
2019-08-01,보상비,소비자물가지수(총지수),총지수,99.425,2020=100,ECOS
2019-09-01,보상비,소비자물가지수(총지수),총지수,99.794,2020=100,ECOS
2019-10-01,보상비,소비자물가지수(총지수),총지수,100.041,2020=100,ECOS
2019-11-01,보상비,소비자물가지수(총지수),총지수,99.481,2020=100,ECOS
2019-12-01,보상비,소비자물가지수(총지수),총지수,99.719,2020=100,ECOS
2020-01-01,보상비,소비자물가지수(총지수),총지수,100.09,2020=100,ECOS
2020-02-01,보상비,소비자물가지수(총지수),총지수,100.16,2020=100,ECOS
2020-03-01,보상비,소비자물가지수(총지수),총지수,99.94,2020=100,ECOS
2020-04-01,보상비,소비자물가지수(총지수),총지수,99.5,2020=100,ECOS
2020-05-01,보상비,소비자물가지수(총지수),총지수,99.44,2020=100,ECOS
2020-06-01,보상비,소비자물가지수(총지수),총지수,99.71,2020=100,ECOS
2020-07-01,보상비,소비자물가지수(총지수),총지수,99.63,2020=100,ECOS
2020-08-01,보상비,소비자물가지수(총지수),총지수,100.19,2020=100,ECOS
2020-09-01,보상비,소비자물가지수(총지수),총지수,100.74,2020=100,ECOS
2020-10-01,보상비,소비자물가지수(총지수),총지수,100.18,2020=100,ECOS
2020-11-01,보상비,소비자물가지수(총지수),총지수,100.09,2020=100,ECOS
2020-12-01,보상비,소비자물가지수(총지수),총지수,100.33,2020=100,ECOS
2021-01-01,보상비,소비자물가지수(총지수),총지수,101.04,2020=100,ECOS
2021-02-01,보상비,소비자물가지수(총지수),총지수,101.58,2020=100,ECOS
2021-03-01,보상비,소비자물가지수(총지수),총지수,101.84,2020=100,ECOS
2021-04-01,보상비,소비자물가지수(총지수),총지수,101.98,2020=100,ECOS
2021-05-01,보상비,소비자물가지수(총지수),총지수,102.05,2020=100,ECOS
2021-06-01,보상비,소비자물가지수(총지수),총지수,102.05,2020=100,ECOS
2021-07-01,보상비,소비자물가지수(총지수),총지수,102.26,2020=100,ECOS
2021-08-01,보상비,소비자물가지수(총지수),총지수,102.75,2020=100,ECOS
2021-09-01,보상비,소비자물가지수(총지수),총지수,103.17,2020=100,ECOS
2021-10-01,보상비,소비자물가지수(총지수),총지수,103.35,2020=100,ECOS
2021-11-01,보상비,소비자물가지수(총지수),총지수,103.87,2020=100,ECOS
2021-12-01,보상비,소비자물가지수(총지수),총지수,104.04,2020=100,ECOS
2022-01-01,보상비,소비자물가지수(총지수),총지수,104.85,2020=100,ECOS
2022-02-01,보상비,소비자물가지수(총지수),총지수,105.42,2020=100,ECOS
2022-03-01,보상비,소비자물가지수(총지수),총지수,106.1,2020=100,ECOS
2022-04-01,보상비,소비자물가지수(총지수),총지수,106.83,2020=100,ECOS
2022-05-01,보상비,소비자물가지수(총지수),총지수,107.5,2020=100,ECOS
2022-06-01,보상비,소비자물가지수(총지수),총지수,108.21,2020=100,ECOS
2022-07-01,보상비,소비자물가지수(총지수),총지수,108.73,2020=100,ECOS
2022-08-01,보상비,소비자물가지수(총지수),총지수,108.63,2020=100,ECOS
2022-09-01,보상비,소비자물가지수(총지수),총지수,108.82,2020=100,ECOS
2022-10-01,보상비,소비자물가지수(총지수),총지수,109.16,2020=100,ECOS
2022-11-01,보상비,소비자물가지수(총지수),총지수,109.07,2020=100,ECOS
2022-12-01,보상비,소비자물가지수(총지수),총지수,109.26,2020=100,ECOS
2023-01-01,보상비,소비자물가지수(총지수),총지수,110.07,2020=100,ECOS
2023-02-01,보상비,소비자물가지수(총지수),총지수,110.33,2020=100,ECOS
2023-03-01,보상비,소비자물가지수(총지수),총지수,110.52,2020=100,ECOS
2023-04-01,보상비,소비자물가지수(총지수),총지수,110.77,2020=100,ECOS
2023-05-01,보상비,소비자물가지수(총지수),총지수,111.13,2020=100,ECOS
2023-06-01,보상비,소비자물가지수(총지수),총지수,111.16,2020=100,ECOS
2023-07-01,보상비,소비자물가지수(총지수),총지수,111.29,2020=100,ECOS
2023-08-01,보상비,소비자물가지수(총지수),총지수,112.28,2020=100,ECOS
2023-09-01,보상비,소비자물가지수(총지수),총지수,112.85,2020=100,ECOS
2023-10-01,보상비,소비자물가지수(총지수),총지수,113.27,2020=100,ECOS
2023-11-01,보상비,소비자물가지수(총지수),총지수,112.68,2020=100,ECOS
2023-12-01,보상비,소비자물가지수(총지수),총지수,112.73,2020=100,ECOS
2024-01-01,보상비,소비자물가지수(총지수),총지수,113.17,2020=100,ECOS
2024-02-01,보상비,소비자물가지수(총지수),총지수,113.78,2020=100,ECOS
2024-03-01,보상비,소비자물가지수(총지수),총지수,113.95,2020=100,ECOS
2024-04-01,보상비,소비자물가지수(총지수),총지수,114.01,2020=100,ECOS
2024-05-01,보상비,소비자물가지수(총지수),총지수,114.1,2020=100,ECOS
2024-06-01,보상비,소비자물가지수(총지수),총지수,113.84,2020=100,ECOS
2024-07-01,보상비,소비자물가지수(총지수),총지수,114.13,2020=100,ECOS
2024-08-01,보상비,소비자물가지수(총지수),총지수,114.54,2020=100,ECOS
2024-09-01,보상비,소비자물가지수(총지수),총지수,114.65,2020=100,ECOS
2024-10-01,보상비,소비자물가지수(총지수),총지수,114.69,2020=100,ECOS
2024-11-01,보상비,소비자물가지수(총지수),총지수,114.4,2020=100,ECOS
2024-12-01,보상비,소비자물가지수(총지수),총지수,114.91,2020=100,ECOS
2025-01-01,보상비,소비자물가지수(총지수),총지수,115.71,2020=100,ECOS
2025-02-01,보상비,소비자물가지수(총지수),총지수,116.08,2020=100,ECOS
2025-03-01,보상비,소비자물가지수(총지수),총지수,116.29,2020=100,ECOS
2025-04-01,보상비,소비자물가지수(총지수),총지수,116.38,2020=100,ECOS
2025-05-01,보상비,소비자물가지수(총지수),총지수,116.27,2020=100,ECOS
2025-06-01,보상비,소비자물가지수(총지수),총지수,116.31,2020=100,ECOS
2025-07-01,보상비,소비자물가지수(총지수),총지수,116.52,2020=100,ECOS
2025-08-01,보상비,소비자물가지수(총지수),총지수,116.45,2020=100,ECOS
2025-09-01,보상비,소비자물가지수(총지수),총지수,117.06,2020=100,ECOS
2025-10-01,보상비,소비자물가지수(총지수),총지수,117.42,2020=100,ECOS
2025-11-01,보상비,소비자물가지수(총지수),총지수,117.2,2020=100,ECOS
2025-12-01,보상비,소비자물가지수(총지수),총지수,117.57,2020=100,ECOS
2026-01-01,보상비,소비자물가지수(총지수),총지수,118.03,2020=100,ECOS
2026-02-01,보상비,소비자물가지수(총지수),총지수,118.4,2020=100,ECOS
2026-03-01,보상비,소비자물가지수(총지수),총지수,118.8,2020=100,ECOS
2026-04-01,보상비,소비자물가지수(총지수),총지수,119.37,2020=100,ECOS
2026-05-01,보상비,소비자물가지수(총지수),총지수,119.92,2020=100,ECOS
2026-06-01,보상비,소비자물가지수(총지수),총지수,119.99,2020=100,ECOS
2015-01-01,공사비,건설공사비지수(총지수),건설 / 건설공사비지수,85.64,2020=100,KOSIS
2015-01-01,공사비,건설공사비지수(총지수),건축보수 / 건설공사비지수,86.07,2020=100,KOSIS
2015-01-01,공사비,건설공사비지수(총지수),도로시설 / 건설공사비지수,87.5,2020=100,KOSIS
2015-01-01,공사비,건설공사비지수(총지수),산업시설건설 / 건설공사비지수,85.22,2020=100,KOSIS
2015-01-01,공사비,건설공사비지수(총지수),건물건설 및 건축보수 / 건설공사비지수,85.51,2020=100,KOSIS
2015-01-01,공사비,건설공사비지수(총지수),도시토목 / 건설공사비지수,87.74,2020=100,KOSIS
2015-01-01,공사비,건설공사비지수(총지수),상하수도시설 / 건설공사비지수,86.98,2020=100,KOSIS
2015-01-01,공사비,건설공사비지수(총지수),기타건설 / 건설공사비지수,84.29,2020=100,KOSIS
2015-01-01,공사비,건설공사비지수(총지수),항만시설 / 건설공사비지수,85.89,2020=100,KOSIS
2015-01-01,공사비,건설공사비지수(총지수),일반토목시설건설 / 건설공사비지수,86.85,2020=100,KOSIS
2015-01-01,공사비,건설공사비지수(총지수),철도시설 / 건설공사비지수,86.48,2020=100,KOSIS
2015-01-01,공사비,건설공사비지수(총지수),토목건설 / 건설공사비지수,86.0,2020=100,KOSIS
2015-01-01,공사비,건설공사비지수(총지수),비주거용건물 / 건설공사비지수,85.66,2020=100,KOSIS
2015-01-01,공사비,건설공사비지수(총지수),하천사방 / 건설공사비지수,85.44,2020=100,KOSIS
2015-01-01,공사비,건설공사비지수(총지수),산업플랜트 / 건설공사비지수,83.88,2020=100,KOSIS
2015-01-01,공사비,건설공사비지수(총지수),환경정화시설 / 건설공사비지수,84.61,2020=100,KOSIS
2015-01-01,공사비,건설공사비지수(총지수),발전소시설 / 건설공사비지수,86.68,2020=100,KOSIS
2015-01-01,공사비,건설공사비지수(총지수),농림수산토목 / 건설공사비지수,84.36,2020=100,KOSIS
2015-01-01,공사비,건설공사비지수(총지수),교통시설건설 / 건설공사비지수,87.12,2020=100,KOSIS
2015-01-01,공사비,건설공사비지수(총지수),기타건설 / 건설공사비지수,84.29,2020=100,KOSIS
2015-01-01,공사비,건설공사비지수(총지수),주거용건물 / 건설공사비지수,85.2,2020=100,KOSIS
2015-01-01,공사비,건설공사비지수(총지수),주거용건물 / 건설공사비지수,85.2,2020=100,KOSIS
2015-01-01,공사비,건설공사비지수(총지수),건축보수 / 건설공사비지수,86.07,2020=100,KOSIS
2015-01-01,공사비,건설공사비지수(총지수),비주거용건물 / 건설공사비지수,85.66,2020=100,KOSIS
2015-02-01,공사비,건설공사비지수(총지수),비주거용건물 / 건설공사비지수,85.54,2020=100,KOSIS
2015-02-01,공사비,건설공사비지수(총지수),환경정화시설 / 건설공사비지수,84.44,2020=100,KOSIS
2015-02-01,공사비,건설공사비지수(총지수),건축보수 / 건설공사비지수,85.99,2020=100,KOSIS
2015-02-01,공사비,건설공사비지수(총지수),교통시설건설 / 건설공사비지수,87.04,2020=100,KOSIS
2015-02-01,공사비,건설공사비지수(총지수),산업플랜트 / 건설공사비지수,83.63,2020=100,KOSIS
2015-02-01,공사비,건설공사비지수(총지수),기타건설 / 건설공사비지수,83.71,2020=100,KOSIS
2015-02-01,공사비,건설공사비지수(총지수),하천사방 / 건설공사비지수,85.41,2020=100,KOSIS
2015-02-01,공사비,건설공사비지수(총지수),도로시설 / 건설공사비지수,87.46,2020=100,KOSIS
2015-02-01,공사비,건설공사비지수(총지수),건설 / 건설공사비지수,85.47,2020=100,KOSIS
2015-02-01,공사비,건설공사비지수(총지수),주거용건물 / 건설공사비지수,85.1,2020=100,KOSIS
2015-02-01,공사비,건설공사비지수(총지수),발전소시설 / 건설공사비지수,85.62,2020=100,KOSIS
2015-02-01,공사비,건설공사비지수(총지수),농림수산토목 / 건설공사비지수,84.47,2020=100,KOSIS
2015-02-01,공사비,건설공사비지수(총지수),산업시설건설 / 건설공사비지수,84.6,2020=100,KOSIS
2015-02-01,공사비,건설공사비지수(총지수),건물건설 및 건축보수 / 건설공사비지수,85.41,2020=100,KOSIS
2015-02-01,공사비,건설공사비지수(총지수),철도시설 / 건설공사비지수,86.26,2020=100,KOSIS
2015-02-01,공사비,건설공사비지수(총지수),주거용건물 / 건설공사비지수,85.1,2020=100,KOSIS
2015-02-01,공사비,건설공사비지수(총지수),도시토목 / 건설공사비지수,87.81,2020=100,KOSIS
2015-02-01,공사비,건설공사비지수(총지수),토목건설 / 건설공사비지수,85.67,2020=100,KOSIS
2015-02-01,공사비,건설공사비지수(총지수),일반토목시설건설 / 건설공사비지수,86.82,2020=100,KOSIS
2015-02-01,공사비,건설공사비지수(총지수),상하수도시설 / 건설공사비지수,86.74,2020=100,KOSIS
2015-02-01,공사비,건설공사비지수(총지수),항만시설 / 건설공사비지수,85.97,2020=100,KOSIS
2015-02-01,공사비,건설공사비지수(총지수),비주거용건물 / 건설공사비지수,85.54,2020=100,KOSIS
2015-02-01,공사비,건설공사비지수(총지수),건축보수 / 건설공사비지수,85.99,2020=100,KOSIS
2015-02-01,공사비,건설공사비지수(총지수),기타건설 / 건설공사비지수,83.71,2020=100,KOSIS
2015-03-01,공사비,건설공사비지수(총지수),토목건설 / 건설공사비지수,85.52,2020=100,KOSIS
2015-03-01,공사비,건설공사비지수(총지수),환경정화시설 / 건설공사비지수,84.19,2020=100,KOSIS
2015-03-01,공사비,건설공사비지수(총지수),건축보수 / 건설공사비지수,85.89,2020=100,KOSIS
2015-03-01,공사비,건설공사비지수(총지수),비주거용건물 / 건설공사비지수,85.45,2020=100,KOSIS
2015-03-01,공사비,건설공사비지수(총지수),산업플랜트 / 건설공사비지수,83.34,2020=100,KOSIS
2015-03-01,공사비,건설공사비지수(총지수),비주거용건물 / 건설공사비지수,85.45,2020=100,KOSIS
2015-03-01,공사비,건설공사비지수(총지수),건물건설 및 건축보수 / 건설공사비지수,85.32,2020=100,KOSIS
2015-03-01,공사비,건설공사비지수(총지수),도로시설 / 건설공사비지수,87.44,2020=100,KOSIS
2015-03-01,공사비,건설공사비지수(총지수),기타건설 / 건설공사비지수,83.61,2020=100,KOSIS
2015-03-01,공사비,건설공사비지수(총지수),주거용건물 / 건설공사비지수,85.02,2020=100,KOSIS
2015-03-01,공사비,건설공사비지수(총지수),항만시설 / 건설공사비지수,85.88,2020=100,KOSIS
2015-03-01,공사비,건설공사비지수(총지수),발전소시설 / 건설공사비지수,85.59,2020=100,KOSIS
2015-03-01,공사비,건설공사비지수(총지수),일반토목시설건설 / 건설공사비지수,86.62,2020=100,KOSIS
2015-03-01,공사비,건설공사비지수(총지수),산업시설건설 / 건설공사비지수,84.43,2020=100,KOSIS
2015-03-01,공사비,건설공사비지수(총지수),상하수도시설 / 건설공사비지수,86.25,2020=100,KOSIS
2015-03-01,공사비,건설공사비지수(총지수),하천사방 / 건설공사비지수,85.38,2020=100,KOSIS
2015-03-01,공사비,건설공사비지수(총지수),농림수산토목 / 건설공사비지수,84.4,2020=100,KOSIS
2015-03-01,공사비,건설공사비지수(총지수),도시토목 / 건설공사비지수,87.75,2020=100,KOSIS
2015-03-01,공사비,건설공사비지수(총지수),교통시설건설 / 건설공사비지수,86.92,2020=100,KOSIS
2015-03-01,공사비,건설공사비지수(총지수),건설 / 건설공사비지수,85.36,2020=100,KOSIS
2015-03-01,공사비,건설공사비지수(총지수),주거용건물 / 건설공사비지수,85.02,2020=100,KOSIS
2015-03-01,공사비,건설공사비지수(총지수),기타건설 / 건설공사비지수,83.61,2020=100,KOSIS
2015-03-01,공사비,건설공사비지수(총지수),건축보수 / 건설공사비지수,85.89,2020=100,KOSIS
2015-03-01,공사비,건설공사비지수(총지수),철도시설 / 건설공사비지수,85.89,2020=100,KOSIS
2015-04-01,공사비,건설공사비지수(총지수),건물건설 및 건축보수 / 건설공사비지수,85.03,2020=100,KOSIS
2015-04-01,공사비,건설공사비지수(총지수),기타건설 / 건설공사비지수,83.49,2020=100,KOSIS
2015-04-01,공사비,건설공사비지수(총지수),하천사방 / 건설공사비지수,85.14,2020=100,KOSIS
2015-04-01,공사비,건설공사비지수(총지수),철도시설 / 건설공사비지수,85.37,2020=100,KOSIS
2015-04-01,공사비,건설공사비지수(총지수),주거용건물 / 건설공사비지수,84.71,2020=100,KOSIS
2015-04-01,공사비,건설공사비지수(총지수),산업시설건설 / 건설공사비지수,84.32,2020=100,KOSIS
2015-04-01,공사비,건설공사비지수(총지수),발전소시설 / 건설공사비지수,85.65,2020=100,KOSIS
2015-04-01,공사비,건설공사비지수(총지수),도시토목 / 건설공사비지수,87.44,2020=100,KOSIS
2015-04-01,공사비,건설공사비지수(총지수),주거용건물 / 건설공사비지수,84.71,2020=100,KOSIS
2015-04-01,공사비,건설공사비지수(총지수),비주거용건물 / 건설공사비지수,85.16,2020=100,KOSIS
2015-04-01,공사비,건설공사비지수(총지수),도로시설 / 건설공사비지수,87.15,2020=100,KOSIS
2015-04-01,공사비,건설공사비지수(총지수),건설 / 건설공사비지수,85.1,2020=100,KOSIS
2015-04-01,공사비,건설공사비지수(총지수),상하수도시설 / 건설공사비지수,86.07,2020=100,KOSIS
2015-04-01,공사비,건설공사비지수(총지수),산업플랜트 / 건설공사비지수,83.11,2020=100,KOSIS
2015-04-01,공사비,건설공사비지수(총지수),건축보수 / 건설공사비지수,85.76,2020=100,KOSIS
2015-04-01,공사비,건설공사비지수(총지수),농림수산토목 / 건설공사비지수,84.18,2020=100,KOSIS
2015-04-01,공사비,건설공사비지수(총지수),비주거용건물 / 건설공사비지수,85.16,2020=100,KOSIS
2015-04-01,공사비,건설공사비지수(총지수),환경정화시설 / 건설공사비지수,83.76,2020=100,KOSIS
2015-04-01,공사비,건설공사비지수(총지수),건축보수 / 건설공사비지수,85.76,2020=100,KOSIS
2015-04-01,공사비,건설공사비지수(총지수),교통시설건설 / 건설공사비지수,86.57,2020=100,KOSIS
2015-04-01,공사비,건설공사비지수(총지수),항만시설 / 건설공사비지수,85.57,2020=100,KOSIS
2015-04-01,공사비,건설공사비지수(총지수),기타건설 / 건설공사비지수,83.49,2020=100,KOSIS
2015-04-01,공사비,건설공사비지수(총지수),일반토목시설건설 / 건설공사비지수,86.37,2020=100,KOSIS
2015-04-01,공사비,건설공사비지수(총지수),토목건설 / 건설공사비지수,85.31,2020=100,KOSIS
2015-05-01,공사비,건설공사비지수(총지수),주거용건물 / 건설공사비지수,84.62,2020=100,KOSIS
2015-05-01,공사비,건설공사비지수(총지수),기타건설 / 건설공사비지수,83.6,2020=100,KOSIS
2015-05-01,공사비,건설공사비지수(총지수),일반토목시설건설 / 건설공사비지수,86.42,2020=100,KOSIS
2015-05-01,공사비,건설공사비지수(총지수),산업시설건설 / 건설공사비지수,84.33,2020=100,KOSIS
2015-05-01,공사비,건설공사비지수(총지수),토목건설 / 건설공사비지수,85.35,2020=100,KOSIS
2015-05-01,공사비,건설공사비지수(총지수),철도시설 / 건설공사비지수,85.21,2020=100,KOSIS
2015-05-01,공사비,건설공사비지수(총지수),건물건설 및 건축보수 / 건설공사비지수,84.95,2020=100,KOSIS
2015-05-01,공사비,건설공사비지수(총지수),비주거용건물 / 건설공사비지수,85.06,2020=100,KOSIS
2015-05-01,공사비,건설공사비지수(총지수),농림수산토목 / 건설공사비지수,84.38,2020=100,KOSIS
2015-05-01,공사비,건설공사비지수(총지수),도시토목 / 건설공사비지수,87.54,2020=100,KOSIS
2015-05-01,공사비,건설공사비지수(총지수),주거용건물 / 건설공사비지수,84.62,2020=100,KOSIS
2015-05-01,공사비,건설공사비지수(총지수),도로시설 / 건설공사비지수,87.22,2020=100,KOSIS
2015-05-01,공사비,건설공사비지수(총지수),건축보수 / 건설공사비지수,85.73,2020=100,KOSIS
2015-05-01,공사비,건설공사비지수(총지수),상하수도시설 / 건설공사비지수,86.04,2020=100,KOSIS
2015-05-01,공사비,건설공사비지수(총지수),항만시설 / 건설공사비지수,85.73,2020=100,KOSIS
2015-05-01,공사비,건설공사비지수(총지수),하천사방 / 건설공사비지수,85.2,2020=100,KOSIS
2015-05-01,공사비,건설공사비지수(총지수),교통시설건설 / 건설공사비지수,86.59,2020=100,KOSIS
2015-05-01,공사비,건설공사비지수(총지수),기타건설 / 건설공사비지수,83.6,2020=100,KOSIS
2015-05-01,공사비,건설공사비지수(총지수),비주거용건물 / 건설공사비지수,85.06,2020=100,KOSIS
2015-05-01,공사비,건설공사비지수(총지수),환경정화시설 / 건설공사비지수,83.67,2020=100,KOSIS
2015-05-01,공사비,건설공사비지수(총지수),산업플랜트 / 건설공사비지수,82.98,2020=100,KOSIS
2015-05-01,공사비,건설공사비지수(총지수),건축보수 / 건설공사비지수,85.73,2020=100,KOSIS
2015-05-01,공사비,건설공사비지수(총지수),발전소시설 / 건설공사비지수,85.82,2020=100,KOSIS
2015-05-01,공사비,건설공사비지수(총지수),건설 / 건설공사비지수,85.05,2020=100,KOSIS
2015-06-01,공사비,건설공사비지수(총지수),환경정화시설 / 건설공사비지수,83.58,2020=100,KOSIS
2015-06-01,공사비,건설공사비지수(총지수),건축보수 / 건설공사비지수,85.69,2020=100,KOSIS
2015-06-01,공사비,건설공사비지수(총지수),하천사방 / 건설공사비지수,85.1,2020=100,KOSIS
2015-06-01,공사비,건설공사비지수(총지수),토목건설 / 건설공사비지수,85.26,2020=100,KOSIS
2015-06-01,공사비,건설공사비지수(총지수),기타건설 / 건설공사비지수,83.52,2020=100,KOSIS
2015-06-01,공사비,건설공사비지수(총지수),농림수산토목 / 건설공사비지수,84.25,2020=100,KOSIS
2015-06-01,공사비,건설공사비지수(총지수),건축보수 / 건설공사비지수,85.69,2020=100,KOSIS
2015-06-01,공사비,건설공사비지수(총지수),일반토목시설건설 / 건설공사비지수,86.26,2020=100,KOSIS
2015-06-01,공사비,건설공사비지수(총지수),산업시설건설 / 건설공사비지수,84.28,2020=100,KOSIS
2015-06-01,공사비,건설공사비지수(총지수),건물건설 및 건축보수 / 건설공사비지수,84.89,2020=100,KOSIS
2015-06-01,공사비,건설공사비지수(총지수),주거용건물 / 건설공사비지수,84.56,2020=100,KOSIS
2015-06-01,공사비,건설공사비지수(총지수),발전소시설 / 건설공사비지수,85.81,2020=100,KOSIS
2015-06-01,공사비,건설공사비지수(총지수),철도시설 / 건설공사비지수,85.27,2020=100,KOSIS
2015-06-01,공사비,건설공사비지수(총지수),상하수도시설 / 건설공사비지수,85.8,2020=100,KOSIS
2015-06-01,공사비,건설공사비지수(총지수),건설 / 건설공사비지수,84.99,2020=100,KOSIS
2015-06-01,공사비,건설공사비지수(총지수),주거용건물 / 건설공사비지수,84.56,2020=100,KOSIS
2015-06-01,공사비,건설공사비지수(총지수),교통시설건설 / 건설공사비지수,86.53,2020=100,KOSIS
2015-06-01,공사비,건설공사비지수(총지수),도로시설 / 건설공사비지수,87.12,2020=100,KOSIS
2015-06-01,공사비,건설공사비지수(총지수),비주거용건물 / 건설공사비지수,85.01,2020=100,KOSIS
2015-06-01,공사비,건설공사비지수(총지수),도시토목 / 건설공사비지수,87.4,2020=100,KOSIS
2015-06-01,공사비,건설공사비지수(총지수),항만시설 / 건설공사비지수,85.57,2020=100,KOSIS
2015-06-01,공사비,건설공사비지수(총지수),비주거용건물 / 건설공사비지수,85.01,2020=100,KOSIS
2015-06-01,공사비,건설공사비지수(총지수),기타건설 / 건설공사비지수,83.52,2020=100,KOSIS
2015-06-01,공사비,건설공사비지수(총지수),산업플랜트 / 건설공사비지수,82.89,2020=100,KOSIS
2015-07-01,공사비,건설공사비지수(총지수),도시토목 / 건설공사비지수,87.26,2020=100,KOSIS
2015-07-01,공사비,건설공사비지수(총지수),건설 / 건설공사비지수,85.0,2020=100,KOSIS
2015-07-01,공사비,건설공사비지수(총지수),환경정화시설 / 건설공사비지수,83.74,2020=100,KOSIS
2015-07-01,공사비,건설공사비지수(총지수),항만시설 / 건설공사비지수,85.43,2020=100,KOSIS
2015-07-01,공사비,건설공사비지수(총지수),농림수산토목 / 건설공사비지수,84.18,2020=100,KOSIS
2015-07-01,공사비,건설공사비지수(총지수),기타건설 / 건설공사비지수,83.26,2020=100,KOSIS
2015-07-01,공사비,건설공사비지수(총지수),산업플랜트 / 건설공사비지수,82.88,2020=100,KOSIS
2015-07-01,공사비,건설공사비지수(총지수),비주거용건물 / 건설공사비지수,85.1,2020=100,KOSIS
2015-07-01,공사비,건설공사비지수(총지수),건축보수 / 건설공사비지수,85.8,2020=100,KOSIS
2015-07-01,공사비,건설공사비지수(총지수),주거용건물 / 건설공사비지수,84.62,2020=100,KOSIS
2015-07-01,공사비,건설공사비지수(총지수),일반토목시설건설 / 건설공사비지수,86.16,2020=100,KOSIS
2015-07-01,공사비,건설공사비지수(총지수),상하수도시설 / 건설공사비지수,85.72,2020=100,KOSIS
2015-07-01,공사비,건설공사비지수(총지수),도로시설 / 건설공사비지수,86.97,2020=100,KOSIS
2015-07-01,공사비,건설공사비지수(총지수),비주거용건물 / 건설공사비지수,85.1,2020=100,KOSIS
2015-07-01,공사비,건설공사비지수(총지수),기타건설 / 건설공사비지수,83.26,2020=100,KOSIS
2015-07-01,공사비,건설공사비지수(총지수),철도시설 / 건설공사비지수,85.08,2020=100,KOSIS
2015-07-01,공사비,건설공사비지수(총지수),토목건설 / 건설공사비지수,85.1,2020=100,KOSIS
2015-07-01,공사비,건설공사비지수(총지수),발전소시설 / 건설공사비지수,85.47,2020=100,KOSIS
2015-07-01,공사비,건설공사비지수(총지수),하천사방 / 건설공사비지수,85.05,2020=100,KOSIS
2015-07-01,공사비,건설공사비지수(총지수),산업시설건설 / 건설공사비지수,84.13,2020=100,KOSIS
2015-07-01,공사비,건설공사비지수(총지수),건물건설 및 건축보수 / 건설공사비지수,84.97,2020=100,KOSIS
2015-07-01,공사비,건설공사비지수(총지수),주거용건물 / 건설공사비지수,84.62,2020=100,KOSIS
2015-07-01,공사비,건설공사비지수(총지수),교통시설건설 / 건설공사비지수,86.36,2020=100,KOSIS
2015-07-01,공사비,건설공사비지수(총지수),건축보수 / 건설공사비지수,85.8,2020=100,KOSIS
2015-08-01,공사비,건설공사비지수(총지수),주거용건물 / 건설공사비지수,84.56,2020=100,KOSIS
2015-08-01,공사비,건설공사비지수(총지수),하천사방 / 건설공사비지수,84.86,2020=100,KOSIS
2015-08-01,공사비,건설공사비지수(총지수),주거용건물 / 건설공사비지수,84.56,2020=100,KOSIS
2015-08-01,공사비,건설공사비지수(총지수),농림수산토목 / 건설공사비지수,83.83,2020=100,KOSIS
2015-08-01,공사비,건설공사비지수(총지수),비주거용건물 / 건설공사비지수,85.01,2020=100,KOSIS
2015-08-01,공사비,건설공사비지수(총지수),건설 / 건설공사비지수,84.87,2020=100,KOSIS
2015-08-01,공사비,건설공사비지수(총지수),기타건설 / 건설공사비지수,82.9,2020=100,KOSIS
2015-08-01,공사비,건설공사비지수(총지수),도시토목 / 건설공사비지수,87.01,2020=100,KOSIS
2015-08-01,공사비,건설공사비지수(총지수),산업플랜트 / 건설공사비지수,82.78,2020=100,KOSIS
2015-08-01,공사비,건설공사비지수(총지수),환경정화시설 / 건설공사비지수,83.68,2020=100,KOSIS
2015-08-01,공사비,건설공사비지수(총지수),비주거용건물 / 건설공사비지수,85.01,2020=100,KOSIS
2015-08-01,공사비,건설공사비지수(총지수),토목건설 / 건설공사비지수,84.86,2020=100,KOSIS
2015-08-01,공사비,건설공사비지수(총지수),일반토목시설건설 / 건설공사비지수,85.92,2020=100,KOSIS
2015-08-01,공사비,건설공사비지수(총지수),교통시설건설 / 건설공사비지수,86.15,2020=100,KOSIS
2015-08-01,공사비,건설공사비지수(총지수),기타건설 / 건설공사비지수,82.9,2020=100,KOSIS
2015-08-01,공사비,건설공사비지수(총지수),발전소시설 / 건설공사비지수,85.09,2020=100,KOSIS
2015-08-01,공사비,건설공사비지수(총지수),도로시설 / 건설공사비지수,86.74,2020=100,KOSIS
2015-08-01,공사비,건설공사비지수(총지수),건축보수 / 건설공사비지수,85.7,2020=100,KOSIS
2015-08-01,공사비,건설공사비지수(총지수),철도시설 / 건설공사비지수,84.91,2020=100,KOSIS
2015-08-01,공사비,건설공사비지수(총지수),상하수도시설 / 건설공사비지수,85.51,2020=100,KOSIS
2015-08-01,공사비,건설공사비지수(총지수),산업시설건설 / 건설공사비지수,83.9,2020=100,KOSIS
2015-08-01,공사비,건설공사비지수(총지수),건물건설 및 건축보수 / 건설공사비지수,84.9,2020=100,KOSIS
2015-08-01,공사비,건설공사비지수(총지수),항만시설 / 건설공사비지수,85.16,2020=100,KOSIS
2015-08-01,공사비,건설공사비지수(총지수),건축보수 / 건설공사비지수,85.7,2020=100,KOSIS
2015-09-01,공사비,건설공사비지수(총지수),비주거용건물 / 건설공사비지수,85.83,2020=100,KOSIS
2015-09-01,공사비,건설공사비지수(총지수),비주거용건물 / 건설공사비지수,85.83,2020=100,KOSIS
2015-09-01,공사비,건설공사비지수(총지수),상하수도시설 / 건설공사비지수,85.95,2020=100,KOSIS
2015-09-01,공사비,건설공사비지수(총지수),도로시설 / 건설공사비지수,87.45,2020=100,KOSIS
2015-09-01,공사비,건설공사비지수(총지수),주거용건물 / 건설공사비지수,85.41,2020=100,KOSIS
2015-09-01,공사비,건설공사비지수(총지수),건축보수 / 건설공사비지수,86.54,2020=100,KOSIS
2015-09-01,공사비,건설공사비지수(총지수),교통시설건설 / 건설공사비지수,86.9,2020=100,KOSIS
2015-09-01,공사비,건설공사비지수(총지수),토목건설 / 건설공사비지수,85.59,2020=100,KOSIS
2015-09-01,공사비,건설공사비지수(총지수),산업시설건설 / 건설공사비지수,84.63,2020=100,KOSIS
2015-09-01,공사비,건설공사비지수(총지수),건축보수 / 건설공사비지수,86.54,2020=100,KOSIS
2015-09-01,공사비,건설공사비지수(총지수),기타건설 / 건설공사비지수,83.67,2020=100,KOSIS
2015-09-01,공사비,건설공사비지수(총지수),기타건설 / 건설공사비지수,83.67,2020=100,KOSIS
2015-09-01,공사비,건설공사비지수(총지수),농림수산토목 / 건설공사비지수,84.74,2020=100,KOSIS
2015-09-01,공사비,건설공사비지수(총지수),발전소시설 / 건설공사비지수,85.59,2020=100,KOSIS
2015-09-01,공사비,건설공사비지수(총지수),항만시설 / 건설공사비지수,86.03,2020=100,KOSIS
2015-09-01,공사비,건설공사비지수(총지수),도시토목 / 건설공사비지수,87.79,2020=100,KOSIS
2015-09-01,공사비,건설공사비지수(총지수),건물건설 및 건축보수 / 건설공사비지수,85.73,2020=100,KOSIS
2015-09-01,공사비,건설공사비지수(총지수),하천사방 / 건설공사비지수,85.87,2020=100,KOSIS
2015-09-01,공사비,건설공사비지수(총지수),산업플랜트 / 건설공사비지수,83.71,2020=100,KOSIS
2015-09-01,공사비,건설공사비지수(총지수),일반토목시설건설 / 건설공사비지수,86.64,2020=100,KOSIS
2015-09-01,공사비,건설공사비지수(총지수),주거용건물 / 건설공사비지수,85.41,2020=100,KOSIS
2015-09-01,공사비,건설공사비지수(총지수),철도시설 / 건설공사비지수,85.7,2020=100,KOSIS
2015-09-01,공사비,건설공사비지수(총지수),환경정화시설 / 건설공사비지수,84.47,2020=100,KOSIS
2015-09-01,공사비,건설공사비지수(총지수),건설 / 건설공사비지수,85.68,2020=100,KOSIS
2015-10-01,공사비,건설공사비지수(총지수),산업시설건설 / 건설공사비지수,84.44,2020=100,KOSIS
2015-10-01,공사비,건설공사비지수(총지수),기타건설 / 건설공사비지수,83.46,2020=100,KOSIS
2015-10-01,공사비,건설공사비지수(총지수),일반토목시설건설 / 건설공사비지수,86.52,2020=100,KOSIS
2015-10-01,공사비,건설공사비지수(총지수),주거용건물 / 건설공사비지수,85.26,2020=100,KOSIS
2015-10-01,공사비,건설공사비지수(총지수),건물건설 및 건축보수 / 건설공사비지수,85.57,2020=100,KOSIS
2015-10-01,공사비,건설공사비지수(총지수),건축보수 / 건설공사비지수,86.43,2020=100,KOSIS
2015-10-01,공사비,건설공사비지수(총지수),농림수산토목 / 건설공사비지수,84.76,2020=100,KOSIS
2015-10-01,공사비,건설공사비지수(총지수),철도시설 / 건설공사비지수,85.49,2020=100,KOSIS
2015-10-01,공사비,건설공사비지수(총지수),비주거용건물 / 건설공사비지수,85.65,2020=100,KOSIS
2015-10-01,공사비,건설공사비지수(총지수),상하수도시설 / 건설공사비지수,85.81,2020=100,KOSIS
2015-10-01,공사비,건설공사비지수(총지수),도로시설 / 건설공사비지수,87.34,2020=100,KOSIS
2015-10-01,공사비,건설공사비지수(총지수),주거용건물 / 건설공사비지수,85.26,2020=100,KOSIS
2015-10-01,공사비,건설공사비지수(총지수),발전소시설 / 건설공사비지수,85.35,2020=100,KOSIS
2015-10-01,공사비,건설공사비지수(총지수),하천사방 / 건설공사비지수,85.74,2020=100,KOSIS
2015-10-01,공사비,건설공사비지수(총지수),건축보수 / 건설공사비지수,86.43,2020=100,KOSIS
2015-10-01,공사비,건설공사비지수(총지수),건설 / 건설공사비지수,85.52,2020=100,KOSIS
2015-10-01,공사비,건설공사비지수(총지수),환경정화시설 / 건설공사비지수,84.27,2020=100,KOSIS
2015-10-01,공사비,건설공사비지수(총지수),산업플랜트 / 건설공사비지수,83.57,2020=100,KOSIS
2015-10-01,공사비,건설공사비지수(총지수),도시토목 / 건설공사비지수,87.66,2020=100,KOSIS
2015-10-01,공사비,건설공사비지수(총지수),교통시설건설 / 건설공사비지수,86.76,2020=100,KOSIS
2015-10-01,공사비,건설공사비지수(총지수),항만시설 / 건설공사비지수,85.94,2020=100,KOSIS
2015-10-01,공사비,건설공사비지수(총지수),토목건설 / 건설공사비지수,85.43,2020=100,KOSIS
2015-10-01,공사비,건설공사비지수(총지수),비주거용건물 / 건설공사비지수,85.65,2020=100,KOSIS
2015-10-01,공사비,건설공사비지수(총지수),기타건설 / 건설공사비지수,83.46,2020=100,KOSIS
2015-11-01,공사비,건설공사비지수(총지수),산업플랜트 / 건설공사비지수,83.4,2020=100,KOSIS
2015-11-01,공사비,건설공사비지수(총지수),도로시설 / 건설공사비지수,87.1,2020=100,KOSIS
2015-11-01,공사비,건설공사비지수(총지수),건물건설 및 건축보수 / 건설공사비지수,85.45,2020=100,KOSIS
2015-11-01,공사비,건설공사비지수(총지수),발전소시설 / 건설공사비지수,84.69,2020=100,KOSIS
2015-11-01,공사비,건설공사비지수(총지수),환경정화시설 / 건설공사비지수,84.15,2020=100,KOSIS
2015-11-01,공사비,건설공사비지수(총지수),농림수산토목 / 건설공사비지수,84.6,2020=100,KOSIS
2015-11-01,공사비,건설공사비지수(총지수),건축보수 / 건설공사비지수,86.32,2020=100,KOSIS
2015-11-01,공사비,건설공사비지수(총지수),상하수도시설 / 건설공사비지수,85.67,2020=100,KOSIS
2015-11-01,공사비,건설공사비지수(총지수),비주거용건물 / 건설공사비지수,85.52,2020=100,KOSIS
2015-11-01,공사비,건설공사비지수(총지수),교통시설건설 / 건설공사비지수,86.52,2020=100,KOSIS
2015-11-01,공사비,건설공사비지수(총지수),건축보수 / 건설공사비지수,86.32,2020=100,KOSIS
2015-11-01,공사비,건설공사비지수(총지수),주거용건물 / 건설공사비지수,85.16,2020=100,KOSIS
2015-11-01,공사비,건설공사비지수(총지수),하천사방 / 건설공사비지수,85.62,2020=100,KOSIS
2015-11-01,공사비,건설공사비지수(총지수),토목건설 / 건설공사비지수,85.13,2020=100,KOSIS
2015-11-01,공사비,건설공사비지수(총지수),건설 / 건설공사비지수,85.35,2020=100,KOSIS
2015-11-01,공사비,건설공사비지수(총지수),산업시설건설 / 건설공사비지수,84.05,2020=100,KOSIS
2015-11-01,공사비,건설공사비지수(총지수),기타건설 / 건설공사비지수,83.02,2020=100,KOSIS
2015-11-01,공사비,건설공사비지수(총지수),도시토목 / 건설공사비지수,87.5,2020=100,KOSIS
2015-11-01,공사비,건설공사비지수(총지수),항만시설 / 건설공사비지수,85.81,2020=100,KOSIS
2015-11-01,공사비,건설공사비지수(총지수),주거용건물 / 건설공사비지수,85.16,2020=100,KOSIS
2015-11-01,공사비,건설공사비지수(총지수),일반토목시설건설 / 건설공사비지수,86.37,2020=100,KOSIS
2015-11-01,공사비,건설공사비지수(총지수),철도시설 / 건설공사비지수,85.23,2020=100,KOSIS
2015-11-01,공사비,건설공사비지수(총지수),비주거용건물 / 건설공사비지수,85.52,2020=100,KOSIS
2015-11-01,공사비,건설공사비지수(총지수),기타건설 / 건설공사비지수,83.02,2020=100,KOSIS
2015-12-01,공사비,건설공사비지수(총지수),철도시설 / 건설공사비지수,84.46,2020=100,KOSIS
2015-12-01,공사비,건설공사비지수(총지수),산업시설건설 / 건설공사비지수,83.66,2020=100,KOSIS
2015-12-01,공사비,건설공사비지수(총지수),주거용건물 / 건설공사비지수,84.62,2020=100,KOSIS
2015-12-01,공사비,건설공사비지수(총지수),상하수도시설 / 건설공사비지수,85.42,2020=100,KOSIS
2015-12-01,공사비,건설공사비지수(총지수),비주거용건물 / 건설공사비지수,85.04,2020=100,KOSIS
2015-12-01,공사비,건설공사비지수(총지수),발전소시설 / 건설공사비지수,84.12,2020=100,KOSIS
2015-12-01,공사비,건설공사비지수(총지수),비주거용건물 / 건설공사비지수,85.04,2020=100,KOSIS
2015-12-01,공사비,건설공사비지수(총지수),주거용건물 / 건설공사비지수,84.62,2020=100,KOSIS
2015-12-01,공사비,건설공사비지수(총지수),건축보수 / 건설공사비지수,85.97,2020=100,KOSIS
2015-12-01,공사비,건설공사비지수(총지수),토목건설 / 건설공사비지수,84.62,2020=100,KOSIS
2015-12-01,공사비,건설공사비지수(총지수),기타건설 / 건설공사비지수,82.4,2020=100,KOSIS
2015-12-01,공사비,건설공사비지수(총지수),항만시설 / 건설공사비지수,85.2,2020=100,KOSIS
2015-12-01,공사비,건설공사비지수(총지수),교통시설건설 / 건설공사비지수,85.87,2020=100,KOSIS
2015-12-01,공사비,건설공사비지수(총지수),환경정화시설 / 건설공사비지수,83.61,2020=100,KOSIS
2015-12-01,공사비,건설공사비지수(총지수),농림수산토목 / 건설공사비지수,84.11,2020=100,KOSIS
2015-12-01,공사비,건설공사비지수(총지수),하천사방 / 건설공사비지수,85.17,2020=100,KOSIS
2015-12-01,공사비,건설공사비지수(총지수),기타건설 / 건설공사비지수,82.4,2020=100,KOSIS
2015-12-01,공사비,건설공사비지수(총지수),산업플랜트 / 건설공사비지수,83.23,2020=100,KOSIS
2015-12-01,공사비,건설공사비지수(총지수),건설 / 건설공사비지수,84.86,2020=100,KOSIS
2015-12-01,공사비,건설공사비지수(총지수),도로시설 / 건설공사비지수,86.48,2020=100,KOSIS
2015-12-01,공사비,건설공사비지수(총지수),일반토목시설건설 / 건설공사비지수,85.9,2020=100,KOSIS
2015-12-01,공사비,건설공사비지수(총지수),건물건설 및 건축보수 / 건설공사비지수,84.96,2020=100,KOSIS
2015-12-01,공사비,건설공사비지수(총지수),건축보수 / 건설공사비지수,85.97,2020=100,KOSIS
2015-12-01,공사비,건설공사비지수(총지수),도시토목 / 건설공사비지수,86.86,2020=100,KOSIS
2016-01-01,공사비,건설공사비지수(총지수),교통시설건설 / 건설공사비지수,84.91,2020=100,KOSIS
2016-01-01,공사비,건설공사비지수(총지수),건축보수 / 건설공사비지수,86.69,2020=100,KOSIS
2016-01-01,공사비,건설공사비지수(총지수),도시토목 / 건설공사비지수,84.45,2020=100,KOSIS
2016-01-01,공사비,건설공사비지수(총지수),기타건설 / 건설공사비지수,83.05,2020=100,KOSIS
2016-01-01,공사비,건설공사비지수(총지수),도로시설 / 건설공사비지수,84.96,2020=100,KOSIS
2016-01-01,공사비,건설공사비지수(총지수),기타건설 / 건설공사비지수,83.05,2020=100,KOSIS
2016-01-01,공사비,건설공사비지수(총지수),산업플랜트 / 건설공사비지수,84.01,2020=100,KOSIS
2016-01-01,공사비,건설공사비지수(총지수),항만시설 / 건설공사비지수,85.29,2020=100,KOSIS
2016-01-01,공사비,건설공사비지수(총지수),비주거용건물 / 건설공사비지수,85.65,2020=100,KOSIS
2016-01-01,공사비,건설공사비지수(총지수),농림수산토목 / 건설공사비지수,84.42,2020=100,KOSIS
2016-01-01,공사비,건설공사비지수(총지수),상하수도시설 / 건설공사비지수,85.45,2020=100,KOSIS
2016-01-01,공사비,건설공사비지수(총지수),발전소시설 / 건설공사비지수,84.81,2020=100,KOSIS
2016-01-01,공사비,건설공사비지수(총지수),비주거용건물 / 건설공사비지수,85.65,2020=100,KOSIS
2016-01-01,공사비,건설공사비지수(총지수),환경정화시설 / 건설공사비지수,84.0,2020=100,KOSIS
2016-01-01,공사비,건설공사비지수(총지수),산업시설건설 / 건설공사비지수,84.38,2020=100,KOSIS
2016-01-01,공사비,건설공사비지수(총지수),하천사방 / 건설공사비지수,85.43,2020=100,KOSIS
2016-01-01,공사비,건설공사비지수(총지수),주거용건물 / 건설공사비지수,85.28,2020=100,KOSIS
2016-01-01,공사비,건설공사비지수(총지수),건축보수 / 건설공사비지수,86.69,2020=100,KOSIS
2016-01-01,공사비,건설공사비지수(총지수),건물건설 및 건축보수 / 건설공사비지수,85.6,2020=100,KOSIS
2016-01-01,공사비,건설공사비지수(총지수),일반토목시설건설 / 건설공사비지수,84.82,2020=100,KOSIS
2016-01-01,공사비,건설공사비지수(총지수),철도시설 / 건설공사비지수,84.68,2020=100,KOSIS
2016-01-01,공사비,건설공사비지수(총지수),건설 / 건설공사비지수,85.27,2020=100,KOSIS
2016-01-01,공사비,건설공사비지수(총지수),주거용건물 / 건설공사비지수,85.28,2020=100,KOSIS
2016-01-01,공사비,건설공사비지수(총지수),토목건설 / 건설공사비지수,84.45,2020=100,KOSIS
2016-02-01,공사비,건설공사비지수(총지수),일반토목시설건설 / 건설공사비지수,84.53,2020=100,KOSIS
2016-02-01,공사비,건설공사비지수(총지수),철도시설 / 건설공사비지수,84.5,2020=100,KOSIS
2016-02-01,공사비,건설공사비지수(총지수),농림수산토목 / 건설공사비지수,84.36,2020=100,KOSIS
2016-02-01,공사비,건설공사비지수(총지수),도로시설 / 건설공사비지수,84.82,2020=100,KOSIS
2016-02-01,공사비,건설공사비지수(총지수),환경정화시설 / 건설공사비지수,83.88,2020=100,KOSIS
2016-02-01,공사비,건설공사비지수(총지수),비주거용건물 / 건설공사비지수,85.57,2020=100,KOSIS
2016-02-01,공사비,건설공사비지수(총지수),주거용건물 / 건설공사비지수,85.21,2020=100,KOSIS
2016-02-01,공사비,건설공사비지수(총지수),건물건설 및 건축보수 / 건설공사비지수,85.53,2020=100,KOSIS
2016-02-01,공사비,건설공사비지수(총지수),건설 / 건설공사비지수,85.19,2020=100,KOSIS
2016-02-01,공사비,건설공사비지수(총지수),항만시설 / 건설공사비지수,85.07,2020=100,KOSIS
2016-02-01,공사비,건설공사비지수(총지수),토목건설 / 건설공사비지수,84.34,2020=100,KOSIS
2016-02-01,공사비,건설공사비지수(총지수),산업시설건설 / 건설공사비지수,84.36,2020=100,KOSIS
2016-02-01,공사비,건설공사비지수(총지수),발전소시설 / 건설공사비지수,84.96,2020=100,KOSIS
2016-02-01,공사비,건설공사비지수(총지수),기타건설 / 건설공사비지수,83.08,2020=100,KOSIS
2016-02-01,공사비,건설공사비지수(총지수),교통시설건설 / 건설공사비지수,84.75,2020=100,KOSIS
2016-02-01,공사비,건설공사비지수(총지수),주거용건물 / 건설공사비지수,85.21,2020=100,KOSIS
2016-02-01,공사비,건설공사비지수(총지수),기타건설 / 건설공사비지수,83.08,2020=100,KOSIS
2016-02-01,공사비,건설공사비지수(총지수),상하수도시설 / 건설공사비지수,84.73,2020=100,KOSIS
2016-02-01,공사비,건설공사비지수(총지수),도시토목 / 건설공사비지수,84.34,2020=100,KOSIS
2016-02-01,공사비,건설공사비지수(총지수),건축보수 / 건설공사비지수,86.65,2020=100,KOSIS
2016-02-01,공사비,건설공사비지수(총지수),산업플랜트 / 건설공사비지수,83.85,2020=100,KOSIS
2016-02-01,공사비,건설공사비지수(총지수),건축보수 / 건설공사비지수,86.65,2020=100,KOSIS
2016-02-01,공사비,건설공사비지수(총지수),비주거용건물 / 건설공사비지수,85.57,2020=100,KOSIS
2016-02-01,공사비,건설공사비지수(총지수),하천사방 / 건설공사비지수,85.36,2020=100,KOSIS
2016-03-01,공사비,건설공사비지수(총지수),발전소시설 / 건설공사비지수,85.39,2020=100,KOSIS
2016-03-01,공사비,건설공사비지수(총지수),환경정화시설 / 건설공사비지수,84.2,2020=100,KOSIS
2016-03-01,공사비,건설공사비지수(총지수),하천사방 / 건설공사비지수,85.57,2020=100,KOSIS
2016-03-01,공사비,건설공사비지수(총지수),도시토목 / 건설공사비지수,84.55,2020=100,KOSIS
2016-03-01,공사비,건설공사비지수(총지수),건축보수 / 건설공사비지수,86.69,2020=100,KOSIS
2016-03-01,공사비,건설공사비지수(총지수),농림수산토목 / 건설공사비지수,84.78,2020=100,KOSIS
2016-03-01,공사비,건설공사비지수(총지수),주거용건물 / 건설공사비지수,85.27,2020=100,KOSIS
2016-03-01,공사비,건설공사비지수(총지수),기타건설 / 건설공사비지수,83.49,2020=100,KOSIS
2016-03-01,공사비,건설공사비지수(총지수),토목건설 / 건설공사비지수,84.66,2020=100,KOSIS
2016-03-01,공사비,건설공사비지수(총지수),비주거용건물 / 건설공사비지수,85.6,2020=100,KOSIS
2016-03-01,공사비,건설공사비지수(총지수),일반토목시설건설 / 건설공사비지수,84.86,2020=100,KOSIS
2016-03-01,공사비,건설공사비지수(총지수),건설 / 건설공사비지수,85.31,2020=100,KOSIS
2016-03-01,공사비,건설공사비지수(총지수),산업플랜트 / 건설공사비지수,84.11,2020=100,KOSIS
2016-03-01,공사비,건설공사비지수(총지수),철도시설 / 건설공사비지수,84.51,2020=100,KOSIS
2016-03-01,공사비,건설공사비지수(총지수),산업시설건설 / 건설공사비지수,84.7,2020=100,KOSIS
2016-03-01,공사비,건설공사비지수(총지수),건축보수 / 건설공사비지수,86.69,2020=100,KOSIS
2016-03-01,공사비,건설공사비지수(총지수),건물건설 및 건축보수 / 건설공사비지수,85.58,2020=100,KOSIS
2016-03-01,공사비,건설공사비지수(총지수),상하수도시설 / 건설공사비지수,85.24,2020=100,KOSIS
2016-03-01,공사비,건설공사비지수(총지수),주거용건물 / 건설공사비지수,85.27,2020=100,KOSIS
2016-03-01,공사비,건설공사비지수(총지수),기타건설 / 건설공사비지수,83.49,2020=100,KOSIS
2016-03-01,공사비,건설공사비지수(총지수),비주거용건물 / 건설공사비지수,85.6,2020=100,KOSIS
2016-03-01,공사비,건설공사비지수(총지수),항만시설 / 건설공사비지수,85.52,2020=100,KOSIS
2016-03-01,공사비,건설공사비지수(총지수),교통시설건설 / 건설공사비지수,85.0,2020=100,KOSIS
2016-03-01,공사비,건설공사비지수(총지수),도로시설 / 건설공사비지수,85.14,2020=100,KOSIS
2016-04-01,공사비,건설공사비지수(총지수),교통시설건설 / 건설공사비지수,85.75,2020=100,KOSIS
2016-04-01,공사비,건설공사비지수(총지수),건축보수 / 건설공사비지수,87.13,2020=100,KOSIS
2016-04-01,공사비,건설공사비지수(총지수),주거용건물 / 건설공사비지수,85.98,2020=100,KOSIS
2016-04-01,공사비,건설공사비지수(총지수),도로시설 / 건설공사비지수,85.88,2020=100,KOSIS
2016-04-01,공사비,건설공사비지수(총지수),기타건설 / 건설공사비지수,83.8,2020=100,KOSIS
2016-04-01,공사비,건설공사비지수(총지수),건축보수 / 건설공사비지수,87.13,2020=100,KOSIS
2016-04-01,공사비,건설공사비지수(총지수),항만시설 / 건설공사비지수,85.93,2020=100,KOSIS
2016-04-01,공사비,건설공사비지수(총지수),건물건설 및 건축보수 / 건설공사비지수,86.24,2020=100,KOSIS
2016-04-01,공사비,건설공사비지수(총지수),일반토목시설건설 / 건설공사비지수,85.19,2020=100,KOSIS
2016-04-01,공사비,건설공사비지수(총지수),산업플랜트 / 건설공사비지수,84.53,2020=100,KOSIS
2016-04-01,공사비,건설공사비지수(총지수),기타건설 / 건설공사비지수,83.8,2020=100,KOSIS
2016-04-01,공사비,건설공사비지수(총지수),토목건설 / 건설공사비지수,85.1,2020=100,KOSIS
2016-04-01,공사비,건설공사비지수(총지수),비주거용건물 / 건설공사비지수,86.26,2020=100,KOSIS
2016-04-01,공사비,건설공사비지수(총지수),철도시설 / 건설공사비지수,85.39,2020=100,KOSIS
2016-04-01,공사비,건설공사비지수(총지수),하천사방 / 건설공사비지수,85.94,2020=100,KOSIS
2016-04-01,공사비,건설공사비지수(총지수),비주거용건물 / 건설공사비지수,86.26,2020=100,KOSIS
2016-04-01,공사비,건설공사비지수(총지수),주거용건물 / 건설공사비지수,85.98,2020=100,KOSIS
2016-04-01,공사비,건설공사비지수(총지수),건설 / 건설공사비지수,85.91,2020=100,KOSIS
2016-04-01,공사비,건설공사비지수(총지수),산업시설건설 / 건설공사비지수,84.99,2020=100,KOSIS
2016-04-01,공사비,건설공사비지수(총지수),도시토목 / 건설공사비지수,84.94,2020=100,KOSIS
2016-04-01,공사비,건설공사비지수(총지수),농림수산토목 / 건설공사비지수,85.28,2020=100,KOSIS
2016-04-01,공사비,건설공사비지수(총지수),발전소시설 / 건설공사비지수,85.46,2020=100,KOSIS
2016-04-01,공사비,건설공사비지수(총지수),환경정화시설 / 건설공사비지수,85.01,2020=100,KOSIS
2016-04-01,공사비,건설공사비지수(총지수),상하수도시설 / 건설공사비지수,85.42,2020=100,KOSIS
2016-05-01,공사비,건설공사비지수(총지수),발전소시설 / 건설공사비지수,85.51,2020=100,KOSIS
2016-05-01,공사비,건설공사비지수(총지수),하천사방 / 건설공사비지수,86.39,2020=100,KOSIS
2016-05-01,공사비,건설공사비지수(총지수),환경정화시설 / 건설공사비지수,85.31,2020=100,KOSIS
2016-05-01,공사비,건설공사비지수(총지수),일반토목시설건설 / 건설공사비지수,85.76,2020=100,KOSIS
2016-05-01,공사비,건설공사비지수(총지수),산업시설건설 / 건설공사비지수,85.2,2020=100,KOSIS
2016-05-01,공사비,건설공사비지수(총지수),항만시설 / 건설공사비지수,86.55,2020=100,KOSIS
2016-05-01,공사비,건설공사비지수(총지수),산업플랜트 / 건설공사비지수,84.88,2020=100,KOSIS
2016-05-01,공사비,건설공사비지수(총지수),주거용건물 / 건설공사비지수,86.25,2020=100,KOSIS
2016-05-01,공사비,건설공사비지수(총지수),철도시설 / 건설공사비지수,85.84,2020=100,KOSIS
2016-05-01,공사비,건설공사비지수(총지수),기타건설 / 건설공사비지수,84.09,2020=100,KOSIS
2016-05-01,공사비,건설공사비지수(총지수),비주거용건물 / 건설공사비지수,86.53,2020=100,KOSIS
2016-05-01,공사비,건설공사비지수(총지수),도시토목 / 건설공사비지수,85.47,2020=100,KOSIS
2016-05-01,공사비,건설공사비지수(총지수),건물건설 및 건축보수 / 건설공사비지수,86.5,2020=100,KOSIS
2016-05-01,공사비,건설공사비지수(총지수),건축보수 / 건설공사비지수,87.38,2020=100,KOSIS
2016-05-01,공사비,건설공사비지수(총지수),건설 / 건설공사비지수,86.21,2020=100,KOSIS
2016-05-01,공사비,건설공사비지수(총지수),비주거용건물 / 건설공사비지수,86.53,2020=100,KOSIS
2016-05-01,공사비,건설공사비지수(총지수),농림수산토목 / 건설공사비지수,85.82,2020=100,KOSIS
2016-05-01,공사비,건설공사비지수(총지수),교통시설건설 / 건설공사비지수,86.23,2020=100,KOSIS
2016-05-01,공사비,건설공사비지수(총지수),건축보수 / 건설공사비지수,87.38,2020=100,KOSIS
2016-05-01,공사비,건설공사비지수(총지수),주거용건물 / 건설공사비지수,86.25,2020=100,KOSIS
2016-05-01,공사비,건설공사비지수(총지수),도로시설 / 건설공사비지수,86.36,2020=100,KOSIS
2016-05-01,공사비,건설공사비지수(총지수),기타건설 / 건설공사비지수,84.09,2020=100,KOSIS
2016-05-01,공사비,건설공사비지수(총지수),상하수도시설 / 건설공사비지수,86.11,2020=100,KOSIS
2016-05-01,공사비,건설공사비지수(총지수),토목건설 / 건설공사비지수,85.48,2020=100,KOSIS
2016-06-01,공사비,건설공사비지수(총지수),건축보수 / 건설공사비지수,87.6,2020=100,KOSIS
2016-06-01,공사비,건설공사비지수(총지수),교통시설건설 / 건설공사비지수,86.82,2020=100,KOSIS
2016-06-01,공사비,건설공사비지수(총지수),철도시설 / 건설공사비지수,86.23,2020=100,KOSIS
2016-06-01,공사비,건설공사비지수(총지수),주거용건물 / 건설공사비지수,86.58,2020=100,KOSIS
2016-06-01,공사비,건설공사비지수(총지수),기타건설 / 건설공사비지수,84.32,2020=100,KOSIS
2016-06-01,공사비,건설공사비지수(총지수),기타건설 / 건설공사비지수,84.32,2020=100,KOSIS
2016-06-01,공사비,건설공사비지수(총지수),도로시설 / 건설공사비지수,87.03,2020=100,KOSIS
2016-06-01,공사비,건설공사비지수(총지수),비주거용건물 / 건설공사비지수,86.83,2020=100,KOSIS
2016-06-01,공사비,건설공사비지수(총지수),농림수산토목 / 건설공사비지수,86.21,2020=100,KOSIS
2016-06-01,공사비,건설공사비지수(총지수),도시토목 / 건설공사비지수,85.87,2020=100,KOSIS
2016-06-01,공사비,건설공사비지수(총지수),상하수도시설 / 건설공사비지수,86.38,2020=100,KOSIS
2016-06-01,공사비,건설공사비지수(총지수),항만시설 / 건설공사비지수,87.01,2020=100,KOSIS
2016-06-01,공사비,건설공사비지수(총지수),산업플랜트 / 건설공사비지수,85.27,2020=100,KOSIS
2016-06-01,공사비,건설공사비지수(총지수),하천사방 / 건설공사비지수,86.78,2020=100,KOSIS
2016-06-01,공사비,건설공사비지수(총지수),산업시설건설 / 건설공사비지수,85.4,2020=100,KOSIS
2016-06-01,공사비,건설공사비지수(총지수),비주거용건물 / 건설공사비지수,86.83,2020=100,KOSIS
2016-06-01,공사비,건설공사비지수(총지수),건물건설 및 건축보수 / 건설공사비지수,86.81,2020=100,KOSIS
2016-06-01,공사비,건설공사비지수(총지수),발전소시설 / 건설공사비지수,85.52,2020=100,KOSIS
2016-06-01,공사비,건설공사비지수(총지수),환경정화시설 / 건설공사비지수,85.49,2020=100,KOSIS
2016-06-01,공사비,건설공사비지수(총지수),토목건설 / 건설공사비지수,85.83,2020=100,KOSIS
2016-06-01,공사비,건설공사비지수(총지수),건축보수 / 건설공사비지수,87.6,2020=100,KOSIS
2016-06-01,공사비,건설공사비지수(총지수),주거용건물 / 건설공사비지수,86.58,2020=100,KOSIS
2016-06-01,공사비,건설공사비지수(총지수),일반토목시설건설 / 건설공사비지수,86.12,2020=100,KOSIS
2016-06-01,공사비,건설공사비지수(총지수),건설 / 건설공사비지수,86.52,2020=100,KOSIS
2016-07-01,공사비,건설공사비지수(총지수),산업플랜트 / 건설공사비지수,85.25,2020=100,KOSIS
2016-07-01,공사비,건설공사비지수(총지수),건축보수 / 건설공사비지수,87.58,2020=100,KOSIS
2016-07-01,공사비,건설공사비지수(총지수),발전소시설 / 건설공사비지수,85.31,2020=100,KOSIS
2016-07-01,공사비,건설공사비지수(총지수),비주거용건물 / 건설공사비지수,86.83,2020=100,KOSIS
2016-07-01,공사비,건설공사비지수(총지수),농림수산토목 / 건설공사비지수,86.17,2020=100,KOSIS
2016-07-01,공사비,건설공사비지수(총지수),건축보수 / 건설공사비지수,87.58,2020=100,KOSIS
2016-07-01,공사비,건설공사비지수(총지수),기타건설 / 건설공사비지수,84.15,2020=100,KOSIS
2016-07-01,공사비,건설공사비지수(총지수),토목건설 / 건설공사비지수,85.76,2020=100,KOSIS
2016-07-01,공사비,건설공사비지수(총지수),비주거용건물 / 건설공사비지수,86.83,2020=100,KOSIS
2016-07-01,공사비,건설공사비지수(총지수),항만시설 / 건설공사비지수,86.95,2020=100,KOSIS
2016-07-01,공사비,건설공사비지수(총지수),일반토목시설건설 / 건설공사비지수,86.03,2020=100,KOSIS
2016-07-01,공사비,건설공사비지수(총지수),산업시설건설 / 건설공사비지수,85.29,2020=100,KOSIS
2016-07-01,공사비,건설공사비지수(총지수),기타건설 / 건설공사비지수,84.15,2020=100,KOSIS
2016-07-01,공사비,건설공사비지수(총지수),환경정화시설 / 건설공사비지수,85.4,2020=100,KOSIS
2016-07-01,공사비,건설공사비지수(총지수),건설 / 건설공사비지수,86.52,2020=100,KOSIS
2016-07-01,공사비,건설공사비지수(총지수),주거용건물 / 건설공사비지수,86.62,2020=100,KOSIS
2016-07-01,공사비,건설공사비지수(총지수),주거용건물 / 건설공사비지수,86.62,2020=100,KOSIS
2016-07-01,공사비,건설공사비지수(총지수),하천사방 / 건설공사비지수,86.68,2020=100,KOSIS
2016-07-01,공사비,건설공사비지수(총지수),상하수도시설 / 건설공사비지수,86.36,2020=100,KOSIS
2016-07-01,공사비,건설공사비지수(총지수),도로시설 / 건설공사비지수,87.11,2020=100,KOSIS
2016-07-01,공사비,건설공사비지수(총지수),도시토목 / 건설공사비지수,85.73,2020=100,KOSIS
2016-07-01,공사비,건설공사비지수(총지수),교통시설건설 / 건설공사비지수,86.87,2020=100,KOSIS
2016-07-01,공사비,건설공사비지수(총지수),건물건설 및 건축보수 / 건설공사비지수,86.82,2020=100,KOSIS
2016-07-01,공사비,건설공사비지수(총지수),철도시설 / 건설공사비지수,86.25,2020=100,KOSIS
2016-08-01,공사비,건설공사비지수(총지수),건축보수 / 건설공사비지수,87.48,2020=100,KOSIS
2016-08-01,공사비,건설공사비지수(총지수),주거용건물 / 건설공사비지수,86.46,2020=100,KOSIS
2016-08-01,공사비,건설공사비지수(총지수),철도시설 / 건설공사비지수,86.11,2020=100,KOSIS
2016-08-01,공사비,건설공사비지수(총지수),교통시설건설 / 건설공사비지수,86.67,2020=100,KOSIS
2016-08-01,공사비,건설공사비지수(총지수),비주거용건물 / 건설공사비지수,86.68,2020=100,KOSIS
2016-08-01,공사비,건설공사비지수(총지수),건설 / 건설공사비지수,86.35,2020=100,KOSIS
2016-08-01,공사비,건설공사비지수(총지수),농림수산토목 / 건설공사비지수,85.93,2020=100,KOSIS
2016-08-01,공사비,건설공사비지수(총지수),건축보수 / 건설공사비지수,87.48,2020=100,KOSIS
2016-08-01,공사비,건설공사비지수(총지수),산업플랜트 / 건설공사비지수,85.09,2020=100,KOSIS
2016-08-01,공사비,건설공사비지수(총지수),발전소시설 / 건설공사비지수,85.1,2020=100,KOSIS
2016-08-01,공사비,건설공사비지수(총지수),도시토목 / 건설공사비지수,85.47,2020=100,KOSIS
2016-08-01,공사비,건설공사비지수(총지수),비주거용건물 / 건설공사비지수,86.68,2020=100,KOSIS
2016-08-01,공사비,건설공사비지수(총지수),환경정화시설 / 건설공사비지수,85.18,2020=100,KOSIS
2016-08-01,공사비,건설공사비지수(총지수),일반토목시설건설 / 건설공사비지수,85.83,2020=100,KOSIS
2016-08-01,공사비,건설공사비지수(총지수),토목건설 / 건설공사비지수,85.56,2020=100,KOSIS
2016-08-01,공사비,건설공사비지수(총지수),주거용건물 / 건설공사비지수,86.46,2020=100,KOSIS
2016-08-01,공사비,건설공사비지수(총지수),기타건설 / 건설공사비지수,83.89,2020=100,KOSIS
2016-08-01,공사비,건설공사비지수(총지수),상하수도시설 / 건설공사비지수,86.26,2020=100,KOSIS
2016-08-01,공사비,건설공사비지수(총지수),도로시설 / 건설공사비지수,86.88,2020=100,KOSIS
2016-08-01,공사비,건설공사비지수(총지수),기타건설 / 건설공사비지수,83.89,2020=100,KOSIS
2016-08-01,공사비,건설공사비지수(총지수),하천사방 / 건설공사비지수,86.43,2020=100,KOSIS
2016-08-01,공사비,건설공사비지수(총지수),산업시설건설 / 건설공사비지수,85.1,2020=100,KOSIS
2016-08-01,공사비,건설공사비지수(총지수),건물건설 및 건축보수 / 건설공사비지수,86.67,2020=100,KOSIS
2016-08-01,공사비,건설공사비지수(총지수),항만시설 / 건설공사비지수,86.73,2020=100,KOSIS
2016-09-01,공사비,건설공사비지수(총지수),토목건설 / 건설공사비지수,86.89,2020=100,KOSIS
2016-09-01,공사비,건설공사비지수(총지수),주거용건물 / 건설공사비지수,87.74,2020=100,KOSIS
2016-09-01,공사비,건설공사비지수(총지수),건축보수 / 건설공사비지수,88.59,2020=100,KOSIS
2016-09-01,공사비,건설공사비지수(총지수),비주거용건물 / 건설공사비지수,87.92,2020=100,KOSIS
2016-09-01,공사비,건설공사비지수(총지수),도시토목 / 건설공사비지수,86.79,2020=100,KOSIS
2016-09-01,공사비,건설공사비지수(총지수),하천사방 / 건설공사비지수,87.91,2020=100,KOSIS
2016-09-01,공사비,건설공사비지수(총지수),철도시설 / 건설공사비지수,87.4,2020=100,KOSIS
2016-09-01,공사비,건설공사비지수(총지수),산업시설건설 / 건설공사비지수,86.43,2020=100,KOSIS
2016-09-01,공사비,건설공사비지수(총지수),기타건설 / 건설공사비지수,85.35,2020=100,KOSIS
2016-09-01,공사비,건설공사비지수(총지수),건축보수 / 건설공사비지수,88.59,2020=100,KOSIS
2016-09-01,공사비,건설공사비지수(총지수),일반토목시설건설 / 건설공사비지수,87.19,2020=100,KOSIS
2016-09-01,공사비,건설공사비지수(총지수),환경정화시설 / 건설공사비지수,86.57,2020=100,KOSIS
2016-09-01,공사비,건설공사비지수(총지수),항만시설 / 건설공사비지수,88.2,2020=100,KOSIS
2016-09-01,공사비,건설공사비지수(총지수),산업플랜트 / 건설공사비지수,86.62,2020=100,KOSIS
2016-09-01,공사비,건설공사비지수(총지수),비주거용건물 / 건설공사비지수,87.92,2020=100,KOSIS
2016-09-01,공사비,건설공사비지수(총지수),주거용건물 / 건설공사비지수,87.74,2020=100,KOSIS
2016-09-01,공사비,건설공사비지수(총지수),발전소시설 / 건설공사비지수,86.21,2020=100,KOSIS
2016-09-01,공사비,건설공사비지수(총지수),상하수도시설 / 건설공사비지수,87.6,2020=100,KOSIS
2016-09-01,공사비,건설공사비지수(총지수),농림수산토목 / 건설공사비지수,87.38,2020=100,KOSIS
2016-09-01,공사비,건설공사비지수(총지수),도로시설 / 건설공사비지수,88.1,2020=100,KOSIS
2016-09-01,공사비,건설공사비지수(총지수),교통시설건설 / 건설공사비지수,87.92,2020=100,KOSIS
2016-09-01,공사비,건설공사비지수(총지수),건물건설 및 건축보수 / 건설공사비지수,87.92,2020=100,KOSIS
2016-09-01,공사비,건설공사비지수(총지수),기타건설 / 건설공사비지수,85.35,2020=100,KOSIS
2016-09-01,공사비,건설공사비지수(총지수),건설 / 건설공사비지수,87.62,2020=100,KOSIS
2016-10-01,공사비,건설공사비지수(총지수),산업플랜트 / 건설공사비지수,86.69,2020=100,KOSIS
2016-10-01,공사비,건설공사비지수(총지수),주거용건물 / 건설공사비지수,87.8,2020=100,KOSIS
2016-10-01,공사비,건설공사비지수(총지수),환경정화시설 / 건설공사비지수,86.59,2020=100,KOSIS
2016-10-01,공사비,건설공사비지수(총지수),건물건설 및 건축보수 / 건설공사비지수,87.98,2020=100,KOSIS
2016-10-01,공사비,건설공사비지수(총지수),기타건설 / 건설공사비지수,85.45,2020=100,KOSIS
2016-10-01,공사비,건설공사비지수(총지수),기타건설 / 건설공사비지수,85.45,2020=100,KOSIS
2016-10-01,공사비,건설공사비지수(총지수),건축보수 / 건설공사비지수,88.63,2020=100,KOSIS
2016-10-01,공사비,건설공사비지수(총지수),하천사방 / 건설공사비지수,88.09,2020=100,KOSIS
2016-10-01,공사비,건설공사비지수(총지수),항만시설 / 건설공사비지수,88.47,2020=100,KOSIS
2016-10-01,공사비,건설공사비지수(총지수),건설 / 건설공사비지수,87.71,2020=100,KOSIS
2016-10-01,공사비,건설공사비지수(총지수),상하수도시설 / 건설공사비지수,87.84,2020=100,KOSIS
2016-10-01,공사비,건설공사비지수(총지수),주거용건물 / 건설공사비지수,87.8,2020=100,KOSIS
2016-10-01,공사비,건설공사비지수(총지수),비주거용건물 / 건설공사비지수,87.98,2020=100,KOSIS
2016-10-01,공사비,건설공사비지수(총지수),일반토목시설건설 / 건설공사비지수,87.46,2020=100,KOSIS
2016-10-01,공사비,건설공사비지수(총지수),토목건설 / 건설공사비지수,87.05,2020=100,KOSIS
2016-10-01,공사비,건설공사비지수(총지수),농림수산토목 / 건설공사비지수,87.61,2020=100,KOSIS
2016-10-01,공사비,건설공사비지수(총지수),도로시설 / 건설공사비지수,88.38,2020=100,KOSIS
2016-10-01,공사비,건설공사비지수(총지수),발전소시설 / 건설공사비지수,86.25,2020=100,KOSIS
2016-10-01,공사비,건설공사비지수(총지수),비주거용건물 / 건설공사비지수,87.98,2020=100,KOSIS
2016-10-01,공사비,건설공사비지수(총지수),교통시설건설 / 건설공사비지수,88.17,2020=100,KOSIS
2016-10-01,공사비,건설공사비지수(총지수),도시토목 / 건설공사비지수,87.11,2020=100,KOSIS
2016-10-01,공사비,건설공사비지수(총지수),철도시설 / 건설공사비지수,87.56,2020=100,KOSIS
2016-10-01,공사비,건설공사비지수(총지수),건축보수 / 건설공사비지수,88.63,2020=100,KOSIS
2016-10-01,공사비,건설공사비지수(총지수),산업시설건설 / 건설공사비지수,86.48,2020=100,KOSIS
2016-11-01,공사비,건설공사비지수(총지수),도로시설 / 건설공사비지수,88.45,2020=100,KOSIS
2016-11-01,공사비,건설공사비지수(총지수),비주거용건물 / 건설공사비지수,88.14,2020=100,KOSIS
2016-11-01,공사비,건설공사비지수(총지수),항만시설 / 건설공사비지수,88.5,2020=100,KOSIS
2016-11-01,공사비,건설공사비지수(총지수),하천사방 / 건설공사비지수,88.17,2020=100,KOSIS
2016-11-01,공사비,건설공사비지수(총지수),건설 / 건설공사비지수,87.93,2020=100,KOSIS
2016-11-01,공사비,건설공사비지수(총지수),상하수도시설 / 건설공사비지수,88.06,2020=100,KOSIS
2016-11-01,공사비,건설공사비지수(총지수),발전소시설 / 건설공사비지수,87.56,2020=100,KOSIS
2016-11-01,공사비,건설공사비지수(총지수),주거용건물 / 건설공사비지수,87.93,2020=100,KOSIS
2016-11-01,공사비,건설공사비지수(총지수),비주거용건물 / 건설공사비지수,88.14,2020=100,KOSIS
2016-11-01,공사비,건설공사비지수(총지수),산업플랜트 / 건설공사비지수,86.92,2020=100,KOSIS
2016-11-01,공사비,건설공사비지수(총지수),주거용건물 / 건설공사비지수,87.93,2020=100,KOSIS
2016-11-01,공사비,건설공사비지수(총지수),건축보수 / 건설공사비지수,88.76,2020=100,KOSIS
2016-11-01,공사비,건설공사비지수(총지수),산업시설건설 / 건설공사비지수,87.21,2020=100,KOSIS
2016-11-01,공사비,건설공사비지수(총지수),농림수산토목 / 건설공사비지수,87.65,2020=100,KOSIS
2016-11-01,공사비,건설공사비지수(총지수),철도시설 / 건설공사비지수,87.69,2020=100,KOSIS
2016-11-01,공사비,건설공사비지수(총지수),환경정화시설 / 건설공사비지수,86.83,2020=100,KOSIS
2016-11-01,공사비,건설공사비지수(총지수),일반토목시설건설 / 건설공사비지수,87.6,2020=100,KOSIS
2016-11-01,공사비,건설공사비지수(총지수),도시토목 / 건설공사비지수,87.22,2020=100,KOSIS
2016-11-01,공사비,건설공사비지수(총지수),건축보수 / 건설공사비지수,88.76,2020=100,KOSIS
2016-11-01,공사비,건설공사비지수(총지수),기타건설 / 건설공사비지수,86.26,2020=100,KOSIS
2016-11-01,공사비,건설공사비지수(총지수),교통시설건설 / 건설공사비지수,88.25,2020=100,KOSIS
2016-11-01,공사비,건설공사비지수(총지수),기타건설 / 건설공사비지수,86.26,2020=100,KOSIS
2016-11-01,공사비,건설공사비지수(총지수),토목건설 / 건설공사비지수,87.47,2020=100,KOSIS
2016-11-01,공사비,건설공사비지수(총지수),건물건설 및 건축보수 / 건설공사비지수,88.12,2020=100,KOSIS
2016-12-01,공사비,건설공사비지수(총지수),건축보수 / 건설공사비지수,89.06,2020=100,KOSIS
2016-12-01,공사비,건설공사비지수(총지수),비주거용건물 / 건설공사비지수,88.52,2020=100,KOSIS
2016-12-01,공사비,건설공사비지수(총지수),주거용건물 / 건설공사비지수,88.27,2020=100,KOSIS
2016-12-01,공사비,건설공사비지수(총지수),농림수산토목 / 건설공사비지수,88.24,2020=100,KOSIS
2016-12-01,공사비,건설공사비지수(총지수),상하수도시설 / 건설공사비지수,88.79,2020=100,KOSIS
2016-12-01,공사비,건설공사비지수(총지수),일반토목시설건설 / 건설공사비지수,88.21,2020=100,KOSIS
2016-12-01,공사비,건설공사비지수(총지수),도시토목 / 건설공사비지수,87.81,2020=100,KOSIS
2016-12-01,공사비,건설공사비지수(총지수),철도시설 / 건설공사비지수,88.3,2020=100,KOSIS
2016-12-01,공사비,건설공사비지수(총지수),도로시설 / 건설공사비지수,89.01,2020=100,KOSIS
2016-12-01,공사비,건설공사비지수(총지수),건축보수 / 건설공사비지수,89.06,2020=100,KOSIS
2016-12-01,공사비,건설공사비지수(총지수),비주거용건물 / 건설공사비지수,88.52,2020=100,KOSIS
2016-12-01,공사비,건설공사비지수(총지수),건물건설 및 건축보수 / 건설공사비지수,88.48,2020=100,KOSIS
2016-12-01,공사비,건설공사비지수(총지수),하천사방 / 건설공사비지수,88.57,2020=100,KOSIS
2016-12-01,공사비,건설공사비지수(총지수),산업플랜트 / 건설공사비지수,87.39,2020=100,KOSIS
2016-12-01,공사비,건설공사비지수(총지수),산업시설건설 / 건설공사비지수,87.8,2020=100,KOSIS
2016-12-01,공사비,건설공사비지수(총지수),환경정화시설 / 건설공사비지수,87.42,2020=100,KOSIS
2016-12-01,공사비,건설공사비지수(총지수),주거용건물 / 건설공사비지수,88.27,2020=100,KOSIS
2016-12-01,공사비,건설공사비지수(총지수),기타건설 / 건설공사비지수,87.04,2020=100,KOSIS
2016-12-01,공사비,건설공사비지수(총지수),건설 / 건설공사비지수,88.36,2020=100,KOSIS
2016-12-01,공사비,건설공사비지수(총지수),항만시설 / 건설공사비지수,89.1,2020=100,KOSIS
2016-12-01,공사비,건설공사비지수(총지수),토목건설 / 건설공사비지수,88.09,2020=100,KOSIS
2016-12-01,공사비,건설공사비지수(총지수),교통시설건설 / 건설공사비지수,88.83,2020=100,KOSIS
2016-12-01,공사비,건설공사비지수(총지수),발전소시설 / 건설공사비지수,88.29,2020=100,KOSIS
2016-12-01,공사비,건설공사비지수(총지수),기타건설 / 건설공사비지수,87.04,2020=100,KOSIS
2017-01-01,공사비,건설공사비지수(총지수),기타건설 / 건설공사비지수,88.94,2020=100,KOSIS
2017-01-01,공사비,건설공사비지수(총지수),하천사방 / 건설공사비지수,90.12,2020=100,KOSIS
2017-01-01,공사비,건설공사비지수(총지수),주거용건물 / 건설공사비지수,89.86,2020=100,KOSIS
2017-01-01,공사비,건설공사비지수(총지수),일반토목시설건설 / 건설공사비지수,89.9,2020=100,KOSIS
2017-01-01,공사비,건설공사비지수(총지수),상하수도시설 / 건설공사비지수,90.48,2020=100,KOSIS
2017-01-01,공사비,건설공사비지수(총지수),건설 / 건설공사비지수,89.99,2020=100,KOSIS
2017-01-01,공사비,건설공사비지수(총지수),건물건설 및 건축보수 / 건설공사비지수,90.04,2020=100,KOSIS
2017-01-01,공사비,건설공사비지수(총지수),주거용건물 / 건설공사비지수,89.86,2020=100,KOSIS
2017-01-01,공사비,건설공사비지수(총지수),기타건설 / 건설공사비지수,88.94,2020=100,KOSIS
2017-01-01,공사비,건설공사비지수(총지수),철도시설 / 건설공사비지수,90.4,2020=100,KOSIS
2017-01-01,공사비,건설공사비지수(총지수),환경정화시설 / 건설공사비지수,89.2,2020=100,KOSIS
2017-01-01,공사비,건설공사비지수(총지수),항만시설 / 건설공사비지수,90.65,2020=100,KOSIS
2017-01-01,공사비,건설공사비지수(총지수),산업시설건설 / 건설공사비지수,89.53,2020=100,KOSIS
2017-01-01,공사비,건설공사비지수(총지수),도시토목 / 건설공사비지수,89.49,2020=100,KOSIS
2017-01-01,공사비,건설공사비지수(총지수),건축보수 / 건설공사비지수,90.48,2020=100,KOSIS
2017-01-01,공사비,건설공사비지수(총지수),비주거용건물 / 건설공사비지수,90.1,2020=100,KOSIS
2017-01-01,공사비,건설공사비지수(총지수),산업플랜트 / 건설공사비지수,89.21,2020=100,KOSIS
2017-01-01,공사비,건설공사비지수(총지수),건축보수 / 건설공사비지수,90.48,2020=100,KOSIS
2017-01-01,공사비,건설공사비지수(총지수),비주거용건물 / 건설공사비지수,90.1,2020=100,KOSIS
2017-01-01,공사비,건설공사비지수(총지수),교통시설건설 / 건설공사비지수,90.76,2020=100,KOSIS
2017-01-01,공사비,건설공사비지수(총지수),도로시설 / 건설공사비지수,90.92,2020=100,KOSIS
2017-01-01,공사비,건설공사비지수(총지수),토목건설 / 건설공사비지수,89.89,2020=100,KOSIS
2017-01-01,공사비,건설공사비지수(총지수),발전소시설 / 건설공사비지수,89.91,2020=100,KOSIS
2017-01-01,공사비,건설공사비지수(총지수),농림수산토목 / 건설공사비지수,90.04,2020=100,KOSIS
2017-02-01,공사비,건설공사비지수(총지수),도로시설 / 건설공사비지수,90.84,2020=100,KOSIS
2017-02-01,공사비,건설공사비지수(총지수),상하수도시설 / 건설공사비지수,90.81,2020=100,KOSIS
2017-02-01,공사비,건설공사비지수(총지수),건축보수 / 건설공사비지수,90.74,2020=100,KOSIS
2017-02-01,공사비,건설공사비지수(총지수),철도시설 / 건설공사비지수,90.53,2020=100,KOSIS
2017-02-01,공사비,건설공사비지수(총지수),환경정화시설 / 건설공사비지수,89.39,2020=100,KOSIS
2017-02-01,공사비,건설공사비지수(총지수),산업플랜트 / 건설공사비지수,89.49,2020=100,KOSIS
2017-02-01,공사비,건설공사비지수(총지수),건물건설 및 건축보수 / 건설공사비지수,90.23,2020=100,KOSIS
2017-02-01,공사비,건설공사비지수(총지수),기타건설 / 건설공사비지수,89.16,2020=100,KOSIS
2017-02-01,공사비,건설공사비지수(총지수),주거용건물 / 건설공사비지수,90.03,2020=100,KOSIS
2017-02-01,공사비,건설공사비지수(총지수),건축보수 / 건설공사비지수,90.74,2020=100,KOSIS
2017-02-01,공사비,건설공사비지수(총지수),도시토목 / 건설공사비지수,89.48,2020=100,KOSIS
2017-02-01,공사비,건설공사비지수(총지수),교통시설건설 / 건설공사비지수,90.74,2020=100,KOSIS
2017-02-01,공사비,건설공사비지수(총지수),비주거용건물 / 건설공사비지수,90.3,2020=100,KOSIS
2017-02-01,공사비,건설공사비지수(총지수),산업시설건설 / 건설공사비지수,89.81,2020=100,KOSIS
2017-02-01,공사비,건설공사비지수(총지수),발전소시설 / 건설공사비지수,90.2,2020=100,KOSIS
2017-02-01,공사비,건설공사비지수(총지수),토목건설 / 건설공사비지수,90.03,2020=100,KOSIS
2017-02-01,공사비,건설공사비지수(총지수),하천사방 / 건설공사비지수,90.07,2020=100,KOSIS
2017-02-01,공사비,건설공사비지수(총지수),항만시설 / 건설공사비지수,90.59,2020=100,KOSIS
2017-02-01,공사비,건설공사비지수(총지수),농림수산토목 / 건설공사비지수,89.98,2020=100,KOSIS
2017-02-01,공사비,건설공사비지수(총지수),건설 / 건설공사비지수,90.17,2020=100,KOSIS
2017-02-01,공사비,건설공사비지수(총지수),기타건설 / 건설공사비지수,89.16,2020=100,KOSIS
2017-02-01,공사비,건설공사비지수(총지수),일반토목시설건설 / 건설공사비지수,89.98,2020=100,KOSIS
2017-02-01,공사비,건설공사비지수(총지수),비주거용건물 / 건설공사비지수,90.3,2020=100,KOSIS
2017-02-01,공사비,건설공사비지수(총지수),주거용건물 / 건설공사비지수,90.03,2020=100,KOSIS
2017-03-01,공사비,건설공사비지수(총지수),하천사방 / 건설공사비지수,90.08,2020=100,KOSIS
2017-03-01,공사비,건설공사비지수(총지수),주거용건물 / 건설공사비지수,90.05,2020=100,KOSIS
2017-03-01,공사비,건설공사비지수(총지수),상하수도시설 / 건설공사비지수,90.92,2020=100,KOSIS
2017-03-01,공사비,건설공사비지수(총지수),발전소시설 / 건설공사비지수,89.9,2020=100,KOSIS
2017-03-01,공사비,건설공사비지수(총지수),농림수산토목 / 건설공사비지수,89.91,2020=100,KOSIS
2017-03-01,공사비,건설공사비지수(총지수),건물건설 및 건축보수 / 건설공사비지수,90.26,2020=100,KOSIS
2017-03-01,공사비,건설공사비지수(총지수),산업시설건설 / 건설공사비지수,89.67,2020=100,KOSIS
2017-03-01,공사비,건설공사비지수(총지수),도로시설 / 건설공사비지수,90.68,2020=100,KOSIS
2017-03-01,공사비,건설공사비지수(총지수),비주거용건물 / 건설공사비지수,90.33,2020=100,KOSIS
2017-03-01,공사비,건설공사비지수(총지수),철도시설 / 건설공사비지수,90.61,2020=100,KOSIS
2017-03-01,공사비,건설공사비지수(총지수),주거용건물 / 건설공사비지수,90.05,2020=100,KOSIS
2017-03-01,공사비,건설공사비지수(총지수),도시토목 / 건설공사비지수,89.41,2020=100,KOSIS
2017-03-01,공사비,건설공사비지수(총지수),항만시설 / 건설공사비지수,90.56,2020=100,KOSIS
2017-03-01,공사비,건설공사비지수(총지수),건축보수 / 건설공사비지수,90.79,2020=100,KOSIS
2017-03-01,공사비,건설공사비지수(총지수),산업플랜트 / 건설공사비지수,89.49,2020=100,KOSIS
2017-03-01,공사비,건설공사비지수(총지수),건설 / 건설공사비지수,90.16,2020=100,KOSIS
2017-03-01,공사비,건설공사비지수(총지수),토목건설 / 건설공사비지수,89.93,2020=100,KOSIS
2017-03-01,공사비,건설공사비지수(총지수),기타건설 / 건설공사비지수,88.97,2020=100,KOSIS
2017-03-01,공사비,건설공사비지수(총지수),일반토목시설건설 / 건설공사비지수,89.98,2020=100,KOSIS
2017-03-01,공사비,건설공사비지수(총지수),비주거용건물 / 건설공사비지수,90.33,2020=100,KOSIS
2017-03-01,공사비,건설공사비지수(총지수),교통시설건설 / 건설공사비지수,90.65,2020=100,KOSIS
2017-03-01,공사비,건설공사비지수(총지수),환경정화시설 / 건설공사비지수,89.43,2020=100,KOSIS
2017-03-01,공사비,건설공사비지수(총지수),건축보수 / 건설공사비지수,90.79,2020=100,KOSIS
2017-03-01,공사비,건설공사비지수(총지수),기타건설 / 건설공사비지수,88.97,2020=100,KOSIS
2017-04-01,공사비,건설공사비지수(총지수),비주거용건물 / 건설공사비지수,90.27,2020=100,KOSIS
2017-04-01,공사비,건설공사비지수(총지수),산업시설건설 / 건설공사비지수,89.5,2020=100,KOSIS
2017-04-01,공사비,건설공사비지수(총지수),기타건설 / 건설공사비지수,88.9,2020=100,KOSIS
2017-04-01,공사비,건설공사비지수(총지수),건설 / 건설공사비지수,90.11,2020=100,KOSIS
2017-04-01,공사비,건설공사비지수(총지수),교통시설건설 / 건설공사비지수,90.81,2020=100,KOSIS
2017-04-01,공사비,건설공사비지수(총지수),철도시설 / 건설공사비지수,90.7,2020=100,KOSIS
2017-04-01,공사비,건설공사비지수(총지수),건축보수 / 건설공사비지수,90.67,2020=100,KOSIS
2017-04-01,공사비,건설공사비지수(총지수),주거용건물 / 건설공사비지수,90.03,2020=100,KOSIS
2017-04-01,공사비,건설공사비지수(총지수),농림수산토목 / 건설공사비지수,89.76,2020=100,KOSIS
2017-04-01,공사비,건설공사비지수(총지수),항만시설 / 건설공사비지수,90.32,2020=100,KOSIS
2017-04-01,공사비,건설공사비지수(총지수),토목건설 / 건설공사비지수,89.86,2020=100,KOSIS
2017-04-01,공사비,건설공사비지수(총지수),하천사방 / 건설공사비지수,90.01,2020=100,KOSIS
2017-04-01,공사비,건설공사비지수(총지수),건축보수 / 건설공사비지수,90.67,2020=100,KOSIS
2017-04-01,공사비,건설공사비지수(총지수),비주거용건물 / 건설공사비지수,90.27,2020=100,KOSIS
2017-04-01,공사비,건설공사비지수(총지수),기타건설 / 건설공사비지수,88.9,2020=100,KOSIS
2017-04-01,공사비,건설공사비지수(총지수),건물건설 및 건축보수 / 건설공사비지수,90.21,2020=100,KOSIS
2017-04-01,공사비,건설공사비지수(총지수),도시토목 / 건설공사비지수,89.68,2020=100,KOSIS
2017-04-01,공사비,건설공사비지수(총지수),도로시설 / 건설공사비지수,90.91,2020=100,KOSIS
2017-04-01,공사비,건설공사비지수(총지수),발전소시설 / 건설공사비지수,89.86,2020=100,KOSIS
2017-04-01,공사비,건설공사비지수(총지수),상하수도시설 / 건설공사비지수,89.92,2020=100,KOSIS
2017-04-01,공사비,건설공사비지수(총지수),환경정화시설 / 건설공사비지수,89.28,2020=100,KOSIS
2017-04-01,공사비,건설공사비지수(총지수),주거용건물 / 건설공사비지수,90.03,2020=100,KOSIS
2017-04-01,공사비,건설공사비지수(총지수),일반토목시설건설 / 건설공사비지수,89.77,2020=100,KOSIS
2017-04-01,공사비,건설공사비지수(총지수),산업플랜트 / 건설공사비지수,89.18,2020=100,KOSIS
2017-05-01,공사비,건설공사비지수(총지수),철도시설 / 건설공사비지수,90.47,2020=100,KOSIS
2017-05-01,공사비,건설공사비지수(총지수),산업플랜트 / 건설공사비지수,88.92,2020=100,KOSIS
2017-05-01,공사비,건설공사비지수(총지수),주거용건물 / 건설공사비지수,89.94,2020=100,KOSIS
2017-05-01,공사비,건설공사비지수(총지수),농림수산토목 / 건설공사비지수,89.44,2020=100,KOSIS
2017-05-01,공사비,건설공사비지수(총지수),하천사방 / 건설공사비지수,89.69,2020=100,KOSIS
2017-05-01,공사비,건설공사비지수(총지수),토목건설 / 건설공사비지수,89.57,2020=100,KOSIS
2017-05-01,공사비,건설공사비지수(총지수),건설 / 건설공사비지수,89.96,2020=100,KOSIS
2017-05-01,공사비,건설공사비지수(총지수),항만시설 / 건설공사비지수,89.95,2020=100,KOSIS
2017-05-01,공사비,건설공사비지수(총지수),주거용건물 / 건설공사비지수,89.94,2020=100,KOSIS
2017-05-01,공사비,건설공사비지수(총지수),도로시설 / 건설공사비지수,90.6,2020=100,KOSIS
2017-05-01,공사비,건설공사비지수(총지수),도시토목 / 건설공사비지수,89.39,2020=100,KOSIS
2017-05-01,공사비,건설공사비지수(총지수),교통시설건설 / 건설공사비지수,90.52,2020=100,KOSIS
2017-05-01,공사비,건설공사비지수(총지수),건물건설 및 건축보수 / 건설공사비지수,90.12,2020=100,KOSIS
2017-05-01,공사비,건설공사비지수(총지수),일반토목시설건설 / 건설공사비지수,89.46,2020=100,KOSIS
2017-05-01,공사비,건설공사비지수(총지수),발전소시설 / 건설공사비지수,89.59,2020=100,KOSIS
2017-05-01,공사비,건설공사비지수(총지수),상하수도시설 / 건설공사비지수,89.59,2020=100,KOSIS
2017-05-01,공사비,건설공사비지수(총지수),비주거용건물 / 건설공사비지수,90.18,2020=100,KOSIS
2017-05-01,공사비,건설공사비지수(총지수),산업시설건설 / 건설공사비지수,89.24,2020=100,KOSIS
2017-05-01,공사비,건설공사비지수(총지수),비주거용건물 / 건설공사비지수,90.18,2020=100,KOSIS
2017-05-01,공사비,건설공사비지수(총지수),건축보수 / 건설공사비지수,90.6,2020=100,KOSIS
2017-05-01,공사비,건설공사비지수(총지수),기타건설 / 건설공사비지수,88.58,2020=100,KOSIS
2017-05-01,공사비,건설공사비지수(총지수),환경정화시설 / 건설공사비지수,89.16,2020=100,KOSIS
2017-05-01,공사비,건설공사비지수(총지수),기타건설 / 건설공사비지수,88.58,2020=100,KOSIS
2017-05-01,공사비,건설공사비지수(총지수),건축보수 / 건설공사비지수,90.6,2020=100,KOSIS
2017-06-01,공사비,건설공사비지수(총지수),비주거용건물 / 건설공사비지수,90.1,2020=100,KOSIS
2017-06-01,공사비,건설공사비지수(총지수),농림수산토목 / 건설공사비지수,89.25,2020=100,KOSIS
2017-06-01,공사비,건설공사비지수(총지수),토목건설 / 건설공사비지수,89.43,2020=100,KOSIS
2017-06-01,공사비,건설공사비지수(총지수),비주거용건물 / 건설공사비지수,90.1,2020=100,KOSIS
2017-06-01,공사비,건설공사비지수(총지수),도로시설 / 건설공사비지수,90.39,2020=100,KOSIS
2017-06-01,공사비,건설공사비지수(총지수),항만시설 / 건설공사비지수,89.74,2020=100,KOSIS
2017-06-01,공사비,건설공사비지수(총지수),건축보수 / 건설공사비지수,90.56,2020=100,KOSIS
2017-06-01,공사비,건설공사비지수(총지수),산업플랜트 / 건설공사비지수,88.82,2020=100,KOSIS
2017-06-01,공사비,건설공사비지수(총지수),일반토목시설건설 / 건설공사비지수,89.23,2020=100,KOSIS
2017-06-01,공사비,건설공사비지수(총지수),주거용건물 / 건설공사비지수,89.9,2020=100,KOSIS
2017-06-01,공사비,건설공사비지수(총지수),하천사방 / 건설공사비지수,89.51,2020=100,KOSIS
2017-06-01,공사비,건설공사비지수(총지수),기타건설 / 건설공사비지수,88.48,2020=100,KOSIS
2017-06-01,공사비,건설공사비지수(총지수),교통시설건설 / 건설공사비지수,90.3,2020=100,KOSIS
2017-06-01,공사비,건설공사비지수(총지수),기타건설 / 건설공사비지수,88.48,2020=100,KOSIS
2017-06-01,공사비,건설공사비지수(총지수),주거용건물 / 건설공사비지수,89.9,2020=100,KOSIS
2017-06-01,공사비,건설공사비지수(총지수),발전소시설 / 건설공사비지수,89.62,2020=100,KOSIS
2017-06-01,공사비,건설공사비지수(총지수),건설 / 건설공사비지수,89.88,2020=100,KOSIS
2017-06-01,공사비,건설공사비지수(총지수),건물건설 및 건축보수 / 건설공사비지수,90.07,2020=100,KOSIS
2017-06-01,공사비,건설공사비지수(총지수),상하수도시설 / 건설공사비지수,89.32,2020=100,KOSIS
2017-06-01,공사비,건설공사비지수(총지수),건축보수 / 건설공사비지수,90.56,2020=100,KOSIS
2017-06-01,공사비,건설공사비지수(총지수),환경정화시설 / 건설공사비지수,89.09,2020=100,KOSIS
2017-06-01,공사비,건설공사비지수(총지수),도시토목 / 건설공사비지수,89.15,2020=100,KOSIS
2017-06-01,공사비,건설공사비지수(총지수),산업시설건설 / 건설공사비지수,89.21,2020=100,KOSIS
2017-06-01,공사비,건설공사비지수(총지수),철도시설 / 건설공사비지수,90.21,2020=100,KOSIS
2017-07-01,공사비,건설공사비지수(총지수),비주거용건물 / 건설공사비지수,90.05,2020=100,KOSIS
2017-07-01,공사비,건설공사비지수(총지수),주거용건물 / 건설공사비지수,89.83,2020=100,KOSIS
2017-07-01,공사비,건설공사비지수(총지수),농림수산토목 / 건설공사비지수,89.37,2020=100,KOSIS
2017-07-01,공사비,건설공사비지수(총지수),건설 / 건설공사비지수,89.88,2020=100,KOSIS
2017-07-01,공사비,건설공사비지수(총지수),하천사방 / 건설공사비지수,89.54,2020=100,KOSIS
2017-07-01,공사비,건설공사비지수(총지수),토목건설 / 건설공사비지수,89.57,2020=100,KOSIS
2017-07-01,공사비,건설공사비지수(총지수),기타건설 / 건설공사비지수,88.78,2020=100,KOSIS
2017-07-01,공사비,건설공사비지수(총지수),건축보수 / 건설공사비지수,90.55,2020=100,KOSIS
2017-07-01,공사비,건설공사비지수(총지수),주거용건물 / 건설공사비지수,89.83,2020=100,KOSIS
2017-07-01,공사비,건설공사비지수(총지수),기타건설 / 건설공사비지수,88.78,2020=100,KOSIS
2017-07-01,공사비,건설공사비지수(총지수),일반토목시설건설 / 건설공사비지수,89.29,2020=100,KOSIS
2017-07-01,공사비,건설공사비지수(총지수),비주거용건물 / 건설공사비지수,90.05,2020=100,KOSIS
2017-07-01,공사비,건설공사비지수(총지수),교통시설건설 / 건설공사비지수,90.33,2020=100,KOSIS
2017-07-01,공사비,건설공사비지수(총지수),도로시설 / 건설공사비지수,90.43,2020=100,KOSIS
2017-07-01,공사비,건설공사비지수(총지수),발전소시설 / 건설공사비지수,90.07,2020=100,KOSIS
2017-07-01,공사비,건설공사비지수(총지수),항만시설 / 건설공사비지수,89.85,2020=100,KOSIS
2017-07-01,공사비,건설공사비지수(총지수),도시토목 / 건설공사비지수,89.26,2020=100,KOSIS
2017-07-01,공사비,건설공사비지수(총지수),환경정화시설 / 건설공사비지수,89.05,2020=100,KOSIS
2017-07-01,공사비,건설공사비지수(총지수),산업시설건설 / 건설공사비지수,89.42,2020=100,KOSIS
2017-07-01,공사비,건설공사비지수(총지수),산업플랜트 / 건설공사비지수,88.85,2020=100,KOSIS
2017-07-01,공사비,건설공사비지수(총지수),상하수도시설 / 건설공사비지수,89.33,2020=100,KOSIS
2017-07-01,공사비,건설공사비지수(총지수),건축보수 / 건설공사비지수,90.55,2020=100,KOSIS
2017-07-01,공사비,건설공사비지수(총지수),철도시설 / 건설공사비지수,90.2,2020=100,KOSIS
2017-07-01,공사비,건설공사비지수(총지수),건물건설 및 건축보수 / 건설공사비지수,90.01,2020=100,KOSIS
2017-08-01,공사비,건설공사비지수(총지수),도시토목 / 건설공사비지수,89.43,2020=100,KOSIS
2017-08-01,공사비,건설공사비지수(총지수),주거용건물 / 건설공사비지수,89.96,2020=100,KOSIS
2017-08-01,공사비,건설공사비지수(총지수),농림수산토목 / 건설공사비지수,89.48,2020=100,KOSIS
2017-08-01,공사비,건설공사비지수(총지수),산업플랜트 / 건설공사비지수,89.06,2020=100,KOSIS
2017-08-01,공사비,건설공사비지수(총지수),발전소시설 / 건설공사비지수,90.59,2020=100,KOSIS
2017-08-01,공사비,건설공사비지수(총지수),주거용건물 / 건설공사비지수,89.96,2020=100,KOSIS
2017-08-01,공사비,건설공사비지수(총지수),상하수도시설 / 건설공사비지수,89.56,2020=100,KOSIS
2017-08-01,공사비,건설공사비지수(총지수),비주거용건물 / 건설공사비지수,90.21,2020=100,KOSIS
2017-08-01,공사비,건설공사비지수(총지수),기타건설 / 건설공사비지수,89.23,2020=100,KOSIS
2017-08-01,공사비,건설공사비지수(총지수),환경정화시설 / 건설공사비지수,89.33,2020=100,KOSIS
2017-08-01,공사비,건설공사비지수(총지수),일반토목시설건설 / 건설공사비지수,89.46,2020=100,KOSIS
2017-08-01,공사비,건설공사비지수(총지수),하천사방 / 건설공사비지수,89.6,2020=100,KOSIS
2017-08-01,공사비,건설공사비지수(총지수),교통시설건설 / 건설공사비지수,90.53,2020=100,KOSIS
2017-08-01,공사비,건설공사비지수(총지수),항만시설 / 건설공사비지수,89.99,2020=100,KOSIS
2017-08-01,공사비,건설공사비지수(총지수),토목건설 / 건설공사비지수,89.86,2020=100,KOSIS
2017-08-01,공사비,건설공사비지수(총지수),산업시설건설 / 건설공사비지수,89.78,2020=100,KOSIS
2017-08-01,공사비,건설공사비지수(총지수),기타건설 / 건설공사비지수,89.23,2020=100,KOSIS
2017-08-01,공사비,건설공사비지수(총지수),건축보수 / 건설공사비지수,90.65,2020=100,KOSIS
2017-08-01,공사비,건설공사비지수(총지수),건설 / 건설공사비지수,90.06,2020=100,KOSIS
2017-08-01,공사비,건설공사비지수(총지수),철도시설 / 건설공사비지수,90.45,2020=100,KOSIS
2017-08-01,공사비,건설공사비지수(총지수),비주거용건물 / 건설공사비지수,90.21,2020=100,KOSIS
2017-08-01,공사비,건설공사비지수(총지수),건축보수 / 건설공사비지수,90.65,2020=100,KOSIS
2017-08-01,공사비,건설공사비지수(총지수),건물건설 및 건축보수 / 건설공사비지수,90.15,2020=100,KOSIS
2017-08-01,공사비,건설공사비지수(총지수),도로시설 / 건설공사비지수,90.62,2020=100,KOSIS
2017-09-01,공사비,건설공사비지수(총지수),발전소시설 / 건설공사비지수,92.35,2020=100,KOSIS
2017-09-01,공사비,건설공사비지수(총지수),도로시설 / 건설공사비지수,92.5,2020=100,KOSIS
2017-09-01,공사비,건설공사비지수(총지수),상하수도시설 / 건설공사비지수,91.28,2020=100,KOSIS
2017-09-01,공사비,건설공사비지수(총지수),주거용건물 / 건설공사비지수,91.6,2020=100,KOSIS
2017-09-01,공사비,건설공사비지수(총지수),하천사방 / 건설공사비지수,91.35,2020=100,KOSIS
2017-09-01,공사비,건설공사비지수(총지수),교통시설건설 / 건설공사비지수,92.39,2020=100,KOSIS
2017-09-01,공사비,건설공사비지수(총지수),철도시설 / 건설공사비지수,92.3,2020=100,KOSIS
2017-09-01,공사비,건설공사비지수(총지수),건설 / 건설공사비지수,91.74,2020=100,KOSIS
2017-09-01,공사비,건설공사비지수(총지수),비주거용건물 / 건설공사비지수,91.83,2020=100,KOSIS
2017-09-01,공사비,건설공사비지수(총지수),주거용건물 / 건설공사비지수,91.6,2020=100,KOSIS
2017-09-01,공사비,건설공사비지수(총지수),농림수산토목 / 건설공사비지수,91.34,2020=100,KOSIS
2017-09-01,공사비,건설공사비지수(총지수),기타건설 / 건설공사비지수,91.28,2020=100,KOSIS
2017-09-01,공사비,건설공사비지수(총지수),환경정화시설 / 건설공사비지수,91.15,2020=100,KOSIS
2017-09-01,공사비,건설공사비지수(총지수),건물건설 및 건축보수 / 건설공사비지수,91.76,2020=100,KOSIS
2017-09-01,공사비,건설공사비지수(총지수),기타건설 / 건설공사비지수,91.28,2020=100,KOSIS
2017-09-01,공사비,건설공사비지수(총지수),항만시설 / 건설공사비지수,91.75,2020=100,KOSIS
2017-09-01,공사비,건설공사비지수(총지수),산업플랜트 / 건설공사비지수,90.92,2020=100,KOSIS
2017-09-01,공사비,건설공사비지수(총지수),비주거용건물 / 건설공사비지수,91.83,2020=100,KOSIS
2017-09-01,공사비,건설공사비지수(총지수),건축보수 / 건설공사비지수,92.06,2020=100,KOSIS
2017-09-01,공사비,건설공사비지수(총지수),일반토목시설건설 / 건설공사비지수,91.21,2020=100,KOSIS
2017-09-01,공사비,건설공사비지수(총지수),도시토목 / 건설공사비지수,91.15,2020=100,KOSIS
2017-09-01,공사비,건설공사비지수(총지수),토목건설 / 건설공사비지수,91.7,2020=100,KOSIS
2017-09-01,공사비,건설공사비지수(총지수),산업시설건설 / 건설공사비지수,91.59,2020=100,KOSIS
2017-09-01,공사비,건설공사비지수(총지수),건축보수 / 건설공사비지수,92.06,2020=100,KOSIS
2017-10-01,공사비,건설공사비지수(총지수),비주거용건물 / 건설공사비지수,92.07,2020=100,KOSIS
2017-10-01,공사비,건설공사비지수(총지수),토목건설 / 건설공사비지수,92.09,2020=100,KOSIS
2017-10-01,공사비,건설공사비지수(총지수),주거용건물 / 건설공사비지수,91.84,2020=100,KOSIS
2017-10-01,공사비,건설공사비지수(총지수),건설 / 건설공사비지수,92.01,2020=100,KOSIS
2017-10-01,공사비,건설공사비지수(총지수),건축보수 / 건설공사비지수,92.21,2020=100,KOSIS
2017-10-01,공사비,건설공사비지수(총지수),철도시설 / 건설공사비지수,92.82,2020=100,KOSIS
2017-10-01,공사비,건설공사비지수(총지수),교통시설건설 / 건설공사비지수,92.59,2020=100,KOSIS
2017-10-01,공사비,건설공사비지수(총지수),항만시설 / 건설공사비지수,91.87,2020=100,KOSIS
2017-10-01,공사비,건설공사비지수(총지수),농림수산토목 / 건설공사비지수,91.44,2020=100,KOSIS
2017-10-01,공사비,건설공사비지수(총지수),도시토목 / 건설공사비지수,91.37,2020=100,KOSIS
2017-10-01,공사비,건설공사비지수(총지수),건물건설 및 건축보수 / 건설공사비지수,91.99,2020=100,KOSIS
2017-10-01,공사비,건설공사비지수(총지수),비주거용건물 / 건설공사비지수,92.07,2020=100,KOSIS
2017-10-01,공사비,건설공사비지수(총지수),하천사방 / 건설공사비지수,91.34,2020=100,KOSIS
2017-10-01,공사비,건설공사비지수(총지수),기타건설 / 건설공사비지수,91.92,2020=100,KOSIS
2017-10-01,공사비,건설공사비지수(총지수),건축보수 / 건설공사비지수,92.21,2020=100,KOSIS
2017-10-01,공사비,건설공사비지수(총지수),산업시설건설 / 건설공사비지수,92.14,2020=100,KOSIS
2017-10-01,공사비,건설공사비지수(총지수),주거용건물 / 건설공사비지수,91.84,2020=100,KOSIS
2017-10-01,공사비,건설공사비지수(총지수),발전소시설 / 건설공사비지수,93.3,2020=100,KOSIS
2017-10-01,공사비,건설공사비지수(총지수),환경정화시설 / 건설공사비지수,91.53,2020=100,KOSIS
2017-10-01,공사비,건설공사비지수(총지수),도로시설 / 건설공사비지수,92.57,2020=100,KOSIS
2017-10-01,공사비,건설공사비지수(총지수),상하수도시설 / 건설공사비지수,91.63,2020=100,KOSIS
2017-10-01,공사비,건설공사비지수(총지수),일반토목시설건설 / 건설공사비지수,91.43,2020=100,KOSIS
2017-10-01,공사비,건설공사비지수(총지수),산업플랜트 / 건설공사비지수,91.1,2020=100,KOSIS
2017-10-01,공사비,건설공사비지수(총지수),기타건설 / 건설공사비지수,91.92,2020=100,KOSIS
2017-11-01,공사비,건설공사비지수(총지수),상하수도시설 / 건설공사비지수,91.64,2020=100,KOSIS
2017-11-01,공사비,건설공사비지수(총지수),건설 / 건설공사비지수,92.05,2020=100,KOSIS
2017-11-01,공사비,건설공사비지수(총지수),항만시설 / 건설공사비지수,92.0,2020=100,KOSIS
2017-11-01,공사비,건설공사비지수(총지수),도로시설 / 건설공사비지수,92.77,2020=100,KOSIS
2017-11-01,공사비,건설공사비지수(총지수),건축보수 / 건설공사비지수,92.25,2020=100,KOSIS
2017-11-01,공사비,건설공사비지수(총지수),주거용건물 / 건설공사비지수,91.91,2020=100,KOSIS
2017-11-01,공사비,건설공사비지수(총지수),비주거용건물 / 건설공사비지수,92.13,2020=100,KOSIS
2017-11-01,공사비,건설공사비지수(총지수),교통시설건설 / 건설공사비지수,92.75,2020=100,KOSIS
2017-11-01,공사비,건설공사비지수(총지수),일반토목시설건설 / 건설공사비지수,91.54,2020=100,KOSIS
2017-11-01,공사비,건설공사비지수(총지수),토목건설 / 건설공사비지수,92.09,2020=100,KOSIS
2017-11-01,공사비,건설공사비지수(총지수),환경정화시설 / 건설공사비지수,91.48,2020=100,KOSIS
2017-11-01,공사비,건설공사비지수(총지수),산업시설건설 / 건설공사비지수,91.97,2020=100,KOSIS
2017-11-01,공사비,건설공사비지수(총지수),건축보수 / 건설공사비지수,92.25,2020=100,KOSIS
2017-11-01,공사비,건설공사비지수(총지수),건물건설 및 건축보수 / 건설공사비지수,92.05,2020=100,KOSIS
2017-11-01,공사비,건설공사비지수(총지수),철도시설 / 건설공사비지수,92.91,2020=100,KOSIS
2017-11-01,공사비,건설공사비지수(총지수),주거용건물 / 건설공사비지수,91.91,2020=100,KOSIS
2017-11-01,공사비,건설공사비지수(총지수),산업플랜트 / 건설공사비지수,91.01,2020=100,KOSIS
2017-11-01,공사비,건설공사비지수(총지수),기타건설 / 건설공사비지수,91.82,2020=100,KOSIS
2017-11-01,공사비,건설공사비지수(총지수),농림수산토목 / 건설공사비지수,91.65,2020=100,KOSIS
2017-11-01,공사비,건설공사비지수(총지수),하천사방 / 건설공사비지수,91.46,2020=100,KOSIS
2017-11-01,공사비,건설공사비지수(총지수),발전소시설 / 건설공사비지수,93.04,2020=100,KOSIS
2017-11-01,공사비,건설공사비지수(총지수),기타건설 / 건설공사비지수,91.82,2020=100,KOSIS
2017-11-01,공사비,건설공사비지수(총지수),비주거용건물 / 건설공사비지수,92.13,2020=100,KOSIS
2017-11-01,공사비,건설공사비지수(총지수),도시토목 / 건설공사비지수,91.59,2020=100,KOSIS
2017-12-01,공사비,건설공사비지수(총지수),철도시설 / 건설공사비지수,92.95,2020=100,KOSIS
2017-12-01,공사비,건설공사비지수(총지수),산업시설건설 / 건설공사비지수,91.94,2020=100,KOSIS
2017-12-01,공사비,건설공사비지수(총지수),건축보수 / 건설공사비지수,92.4,2020=100,KOSIS
2017-12-01,공사비,건설공사비지수(총지수),기타건설 / 건설공사비지수,91.79,2020=100,KOSIS
2017-12-01,공사비,건설공사비지수(총지수),하천사방 / 건설공사비지수,91.6,2020=100,KOSIS
2017-12-01,공사비,건설공사비지수(총지수),도로시설 / 건설공사비지수,92.9,2020=100,KOSIS
2017-12-01,공사비,건설공사비지수(총지수),환경정화시설 / 건설공사비지수,91.6,2020=100,KOSIS
2017-12-01,공사비,건설공사비지수(총지수),교통시설건설 / 건설공사비지수,92.86,2020=100,KOSIS
2017-12-01,공사비,건설공사비지수(총지수),비주거용건물 / 건설공사비지수,92.25,2020=100,KOSIS
2017-12-01,공사비,건설공사비지수(총지수),주거용건물 / 건설공사비지수,92.02,2020=100,KOSIS
2017-12-01,공사비,건설공사비지수(총지수),농림수산토목 / 건설공사비지수,91.83,2020=100,KOSIS
2017-12-01,공사비,건설공사비지수(총지수),건설 / 건설공사비지수,92.15,2020=100,KOSIS
2017-12-01,공사비,건설공사비지수(총지수),주거용건물 / 건설공사비지수,92.02,2020=100,KOSIS
2017-12-01,공사비,건설공사비지수(총지수),상하수도시설 / 건설공사비지수,91.8,2020=100,KOSIS
2017-12-01,공사비,건설공사비지수(총지수),도시토목 / 건설공사비지수,91.74,2020=100,KOSIS
2017-12-01,공사비,건설공사비지수(총지수),발전소시설 / 건설공사비지수,92.85,2020=100,KOSIS
2017-12-01,공사비,건설공사비지수(총지수),기타건설 / 건설공사비지수,91.79,2020=100,KOSIS
2017-12-01,공사비,건설공사비지수(총지수),건축보수 / 건설공사비지수,92.4,2020=100,KOSIS
2017-12-01,공사비,건설공사비지수(총지수),항만시설 / 건설공사비지수,92.15,2020=100,KOSIS
2017-12-01,공사비,건설공사비지수(총지수),산업플랜트 / 건설공사비지수,91.1,2020=100,KOSIS
2017-12-01,공사비,건설공사비지수(총지수),토목건설 / 건설공사비지수,92.13,2020=100,KOSIS
2017-12-01,공사비,건설공사비지수(총지수),건물건설 및 건축보수 / 건설공사비지수,92.17,2020=100,KOSIS
2017-12-01,공사비,건설공사비지수(총지수),일반토목시설건설 / 건설공사비지수,91.69,2020=100,KOSIS
2017-12-01,공사비,건설공사비지수(총지수),비주거용건물 / 건설공사비지수,92.25,2020=100,KOSIS
2018-01-01,공사비,건설공사비지수(총지수),교통시설건설 / 건설공사비지수,94.17,2020=100,KOSIS
2018-01-01,공사비,건설공사비지수(총지수),토목건설 / 건설공사비지수,93.5,2020=100,KOSIS
2018-01-01,공사비,건설공사비지수(총지수),주거용건물 / 건설공사비지수,93.42,2020=100,KOSIS
2018-01-01,공사비,건설공사비지수(총지수),항만시설 / 건설공사비지수,93.65,2020=100,KOSIS
2018-01-01,공사비,건설공사비지수(총지수),도시토목 / 건설공사비지수,93.02,2020=100,KOSIS
2018-01-01,공사비,건설공사비지수(총지수),일반토목시설건설 / 건설공사비지수,93.02,2020=100,KOSIS
2018-01-01,공사비,건설공사비지수(총지수),기타건설 / 건설공사비지수,93.33,2020=100,KOSIS
2018-01-01,공사비,건설공사비지수(총지수),주거용건물 / 건설공사비지수,93.42,2020=100,KOSIS
2018-01-01,공사비,건설공사비지수(총지수),비주거용건물 / 건설공사비지수,93.59,2020=100,KOSIS
2018-01-01,공사비,건설공사비지수(총지수),철도시설 / 건설공사비지수,94.42,2020=100,KOSIS
2018-01-01,공사비,건설공사비지수(총지수),건설 / 건설공사비지수,93.52,2020=100,KOSIS
2018-01-01,공사비,건설공사비지수(총지수),도로시설 / 건설공사비지수,94.13,2020=100,KOSIS
2018-01-01,공사비,건설공사비지수(총지수),비주거용건물 / 건설공사비지수,93.59,2020=100,KOSIS
2018-01-01,공사비,건설공사비지수(총지수),하천사방 / 건설공사비지수,93.05,2020=100,KOSIS
2018-01-01,공사비,건설공사비지수(총지수),환경정화시설 / 건설공사비지수,92.98,2020=100,KOSIS
2018-01-01,공사비,건설공사비지수(총지수),건축보수 / 건설공사비지수,93.75,2020=100,KOSIS
2018-01-01,공사비,건설공사비지수(총지수),건물건설 및 건축보수 / 건설공사비지수,93.54,2020=100,KOSIS
2018-01-01,공사비,건설공사비지수(총지수),건축보수 / 건설공사비지수,93.75,2020=100,KOSIS
2018-01-01,공사비,건설공사비지수(총지수),산업플랜트 / 건설공사비지수,92.54,2020=100,KOSIS
2018-01-01,공사비,건설공사비지수(총지수),발전소시설 / 건설공사비지수,94.17,2020=100,KOSIS
2018-01-01,공사비,건설공사비지수(총지수),산업시설건설 / 건설공사비지수,93.31,2020=100,KOSIS
2018-01-01,공사비,건설공사비지수(총지수),상하수도시설 / 건설공사비지수,93.11,2020=100,KOSIS
2018-01-01,공사비,건설공사비지수(총지수),기타건설 / 건설공사비지수,93.33,2020=100,KOSIS
2018-01-01,공사비,건설공사비지수(총지수),농림수산토목 / 건설공사비지수,93.31,2020=100,KOSIS
2018-02-01,공사비,건설공사비지수(총지수),산업플랜트 / 건설공사비지수,92.6,2020=100,KOSIS
2018-02-01,공사비,건설공사비지수(총지수),도시토목 / 건설공사비지수,93.08,2020=100,KOSIS
2018-02-01,공사비,건설공사비지수(총지수),건물건설 및 건축보수 / 건설공사비지수,93.56,2020=100,KOSIS
2018-02-01,공사비,건설공사비지수(총지수),기타건설 / 건설공사비지수,93.3,2020=100,KOSIS
2018-02-01,공사비,건설공사비지수(총지수),토목건설 / 건설공사비지수,93.57,2020=100,KOSIS
2018-02-01,공사비,건설공사비지수(총지수),건축보수 / 건설공사비지수,93.8,2020=100,KOSIS
2018-02-01,공사비,건설공사비지수(총지수),주거용건물 / 건설공사비지수,93.43,2020=100,KOSIS
2018-02-01,공사비,건설공사비지수(총지수),일반토목시설건설 / 건설공사비지수,93.2,2020=100,KOSIS
2018-02-01,공사비,건설공사비지수(총지수),발전소시설 / 건설공사비지수,94.2,2020=100,KOSIS
2018-02-01,공사비,건설공사비지수(총지수),상하수도시설 / 건설공사비지수,93.55,2020=100,KOSIS
2018-02-01,공사비,건설공사비지수(총지수),비주거용건물 / 건설공사비지수,93.61,2020=100,KOSIS
2018-02-01,공사비,건설공사비지수(총지수),항만시설 / 건설공사비지수,93.76,2020=100,KOSIS
2018-02-01,공사비,건설공사비지수(총지수),하천사방 / 건설공사비지수,93.11,2020=100,KOSIS
2018-02-01,공사비,건설공사비지수(총지수),비주거용건물 / 건설공사비지수,93.61,2020=100,KOSIS
2018-02-01,공사비,건설공사비지수(총지수),도로시설 / 건설공사비지수,94.19,2020=100,KOSIS
2018-02-01,공사비,건설공사비지수(총지수),기타건설 / 건설공사비지수,93.3,2020=100,KOSIS
2018-02-01,공사비,건설공사비지수(총지수),농림수산토목 / 건설공사비지수,93.31,2020=100,KOSIS
2018-02-01,공사비,건설공사비지수(총지수),주거용건물 / 건설공사비지수,93.43,2020=100,KOSIS
2018-02-01,공사비,건설공사비지수(총지수),건설 / 건설공사비지수,93.55,2020=100,KOSIS
2018-02-01,공사비,건설공사비지수(총지수),건축보수 / 건설공사비지수,93.8,2020=100,KOSIS
2018-02-01,공사비,건설공사비지수(총지수),산업시설건설 / 건설공사비지수,93.36,2020=100,KOSIS
2018-02-01,공사비,건설공사비지수(총지수),교통시설건설 / 건설공사비지수,94.22,2020=100,KOSIS
2018-02-01,공사비,건설공사비지수(총지수),환경정화시설 / 건설공사비지수,93.0,2020=100,KOSIS
2018-02-01,공사비,건설공사비지수(총지수),철도시설 / 건설공사비지수,94.44,2020=100,KOSIS
2018-03-01,공사비,건설공사비지수(총지수),도시토목 / 건설공사비지수,93.08,2020=100,KOSIS
2018-03-01,공사비,건설공사비지수(총지수),토목건설 / 건설공사비지수,93.54,2020=100,KOSIS
2018-03-01,공사비,건설공사비지수(총지수),철도시설 / 건설공사비지수,94.53,2020=100,KOSIS
2018-03-01,공사비,건설공사비지수(총지수),산업플랜트 / 건설공사비지수,92.66,2020=100,KOSIS
2018-03-01,공사비,건설공사비지수(총지수),기타건설 / 건설공사비지수,93.14,2020=100,KOSIS
2018-03-01,공사비,건설공사비지수(총지수),교통시설건설 / 건설공사비지수,94.31,2020=100,KOSIS
2018-03-01,공사비,건설공사비지수(총지수),건축보수 / 건설공사비지수,93.89,2020=100,KOSIS
2018-03-01,공사비,건설공사비지수(총지수),발전소시설 / 건설공사비지수,93.91,2020=100,KOSIS
2018-03-01,공사비,건설공사비지수(총지수),도로시설 / 건설공사비지수,94.29,2020=100,KOSIS
2018-03-01,공사비,건설공사비지수(총지수),비주거용건물 / 건설공사비지수,93.69,2020=100,KOSIS
2018-03-01,공사비,건설공사비지수(총지수),건물건설 및 건축보수 / 건설공사비지수,93.63,2020=100,KOSIS
2018-03-01,공사비,건설공사비지수(총지수),농림수산토목 / 건설공사비지수,93.35,2020=100,KOSIS
2018-03-01,공사비,건설공사비지수(총지수),건축보수 / 건설공사비지수,93.89,2020=100,KOSIS
2018-03-01,공사비,건설공사비지수(총지수),항만시설 / 건설공사비지수,93.81,2020=100,KOSIS
2018-03-01,공사비,건설공사비지수(총지수),비주거용건물 / 건설공사비지수,93.69,2020=100,KOSIS
2018-03-01,공사비,건설공사비지수(총지수),환경정화시설 / 건설공사비지수,92.97,2020=100,KOSIS
2018-03-01,공사비,건설공사비지수(총지수),주거용건물 / 건설공사비지수,93.5,2020=100,KOSIS
2018-03-01,공사비,건설공사비지수(총지수),일반토목시설건설 / 건설공사비지수,93.22,2020=100,KOSIS
2018-03-01,공사비,건설공사비지수(총지수),건설 / 건설공사비지수,93.6,2020=100,KOSIS
2018-03-01,공사비,건설공사비지수(총지수),하천사방 / 건설공사비지수,93.18,2020=100,KOSIS
2018-03-01,공사비,건설공사비지수(총지수),산업시설건설 / 건설공사비지수,93.25,2020=100,KOSIS
2018-03-01,공사비,건설공사비지수(총지수),상하수도시설 / 건설공사비지수,93.56,2020=100,KOSIS
2018-03-01,공사비,건설공사비지수(총지수),주거용건물 / 건설공사비지수,93.5,2020=100,KOSIS
2018-03-01,공사비,건설공사비지수(총지수),기타건설 / 건설공사비지수,93.14,2020=100,KOSIS
2018-04-01,공사비,건설공사비지수(총지수),주거용건물 / 건설공사비지수,93.65,2020=100,KOSIS
2018-04-01,공사비,건설공사비지수(총지수),도시토목 / 건설공사비지수,93.46,2020=100,KOSIS
2018-04-01,공사비,건설공사비지수(총지수),상하수도시설 / 건설공사비지수,93.74,2020=100,KOSIS
2018-04-01,공사비,건설공사비지수(총지수),발전소시설 / 건설공사비지수,93.96,2020=100,KOSIS
2018-04-01,공사비,건설공사비지수(총지수),항만시설 / 건설공사비지수,94.11,2020=100,KOSIS
2018-04-01,공사비,건설공사비지수(총지수),건물건설 및 건축보수 / 건설공사비지수,93.77,2020=100,KOSIS
2018-04-01,공사비,건설공사비지수(총지수),기타건설 / 건설공사비지수,93.26,2020=100,KOSIS
2018-04-01,공사비,건설공사비지수(총지수),건축보수 / 건설공사비지수,94.02,2020=100,KOSIS
2018-04-01,공사비,건설공사비지수(총지수),교통시설건설 / 건설공사비지수,94.53,2020=100,KOSIS
2018-04-01,공사비,건설공사비지수(총지수),철도시설 / 건설공사비지수,94.62,2020=100,KOSIS
2018-04-01,공사비,건설공사비지수(총지수),하천사방 / 건설공사비지수,93.33,2020=100,KOSIS
2018-04-01,공사비,건설공사비지수(총지수),비주거용건물 / 건설공사비지수,93.81,2020=100,KOSIS
2018-04-01,공사비,건설공사비지수(총지수),산업시설건설 / 건설공사비지수,93.27,2020=100,KOSIS
2018-04-01,공사비,건설공사비지수(총지수),산업플랜트 / 건설공사비지수,92.64,2020=100,KOSIS
2018-04-01,공사비,건설공사비지수(총지수),주거용건물 / 건설공사비지수,93.65,2020=100,KOSIS
2018-04-01,공사비,건설공사비지수(총지수),기타건설 / 건설공사비지수,93.26,2020=100,KOSIS
2018-04-01,공사비,건설공사비지수(총지수),농림수산토목 / 건설공사비지수,93.64,2020=100,KOSIS
2018-04-01,공사비,건설공사비지수(총지수),건축보수 / 건설공사비지수,94.02,2020=100,KOSIS
2018-04-01,공사비,건설공사비지수(총지수),환경정화시설 / 건설공사비지수,93.06,2020=100,KOSIS
2018-04-01,공사비,건설공사비지수(총지수),일반토목시설건설 / 건설공사비지수,93.49,2020=100,KOSIS
2018-04-01,공사비,건설공사비지수(총지수),도로시설 / 건설공사비지수,94.54,2020=100,KOSIS
2018-04-01,공사비,건설공사비지수(총지수),토목건설 / 건설공사비지수,93.68,2020=100,KOSIS
2018-04-01,공사비,건설공사비지수(총지수),건설 / 건설공사비지수,93.74,2020=100,KOSIS
2018-04-01,공사비,건설공사비지수(총지수),비주거용건물 / 건설공사비지수,93.81,2020=100,KOSIS
2018-05-01,공사비,건설공사비지수(총지수),일반토목시설건설 / 건설공사비지수,93.76,2020=100,KOSIS
2018-05-01,공사비,건설공사비지수(총지수),기타건설 / 건설공사비지수,93.4,2020=100,KOSIS
2018-05-01,공사비,건설공사비지수(총지수),환경정화시설 / 건설공사비지수,93.1,2020=100,KOSIS
2018-05-01,공사비,건설공사비지수(총지수),건물건설 및 건축보수 / 건설공사비지수,93.78,2020=100,KOSIS
2018-05-01,공사비,건설공사비지수(총지수),건축보수 / 건설공사비지수,94.03,2020=100,KOSIS
2018-05-01,공사비,건설공사비지수(총지수),교통시설건설 / 건설공사비지수,94.65,2020=100,KOSIS
2018-05-01,공사비,건설공사비지수(총지수),하천사방 / 건설공사비지수,93.51,2020=100,KOSIS
2018-05-01,공사비,건설공사비지수(총지수),건설 / 건설공사비지수,93.78,2020=100,KOSIS
2018-05-01,공사비,건설공사비지수(총지수),비주거용건물 / 건설공사비지수,93.84,2020=100,KOSIS
2018-05-01,공사비,건설공사비지수(총지수),토목건설 / 건설공사비지수,93.82,2020=100,KOSIS
2018-05-01,공사비,건설공사비지수(총지수),산업시설건설 / 건설공사비지수,93.33,2020=100,KOSIS
2018-05-01,공사비,건설공사비지수(총지수),산업플랜트 / 건설공사비지수,92.71,2020=100,KOSIS
2018-05-01,공사비,건설공사비지수(총지수),주거용건물 / 건설공사비지수,93.65,2020=100,KOSIS
2018-05-01,공사비,건설공사비지수(총지수),항만시설 / 건설공사비지수,94.42,2020=100,KOSIS
2018-05-01,공사비,건설공사비지수(총지수),철도시설 / 건설공사비지수,94.63,2020=100,KOSIS
2018-05-01,공사비,건설공사비지수(총지수),건축보수 / 건설공사비지수,94.03,2020=100,KOSIS
2018-05-01,공사비,건설공사비지수(총지수),기타건설 / 건설공사비지수,93.4,2020=100,KOSIS
2018-05-01,공사비,건설공사비지수(총지수),비주거용건물 / 건설공사비지수,93.84,2020=100,KOSIS
2018-05-01,공사비,건설공사비지수(총지수),도시토목 / 건설공사비지수,93.66,2020=100,KOSIS
2018-05-01,공사비,건설공사비지수(총지수),주거용건물 / 건설공사비지수,93.65,2020=100,KOSIS
2018-05-01,공사비,건설공사비지수(총지수),도로시설 / 건설공사비지수,94.69,2020=100,KOSIS
2018-05-01,공사비,건설공사비지수(총지수),농림수산토목 / 건설공사비지수,93.8,2020=100,KOSIS
2018-05-01,공사비,건설공사비지수(총지수),발전소시설 / 건설공사비지수,94.01,2020=100,KOSIS
2018-05-01,공사비,건설공사비지수(총지수),상하수도시설 / 건설공사비지수,94.17,2020=100,KOSIS
2018-06-01,공사비,건설공사비지수(총지수),건축보수 / 건설공사비지수,94.19,2020=100,KOSIS
2018-06-01,공사비,건설공사비지수(총지수),기타건설 / 건설공사비지수,93.66,2020=100,KOSIS
2018-06-01,공사비,건설공사비지수(총지수),상하수도시설 / 건설공사비지수,94.29,2020=100,KOSIS
2018-06-01,공사비,건설공사비지수(총지수),비주거용건물 / 건설공사비지수,94.2,2020=100,KOSIS
2018-06-01,공사비,건설공사비지수(총지수),교통시설건설 / 건설공사비지수,94.98,2020=100,KOSIS
2018-06-01,공사비,건설공사비지수(총지수),토목건설 / 건설공사비지수,94.09,2020=100,KOSIS
2018-06-01,공사비,건설공사비지수(총지수),농림수산토목 / 건설공사비지수,93.98,2020=100,KOSIS
2018-06-01,공사비,건설공사비지수(총지수),도로시설 / 건설공사비지수,95.08,2020=100,KOSIS
2018-06-01,공사비,건설공사비지수(총지수),철도시설 / 건설공사비지수,94.85,2020=100,KOSIS
2018-06-01,공사비,건설공사비지수(총지수),도시토목 / 건설공사비지수,94.11,2020=100,KOSIS
2018-06-01,공사비,건설공사비지수(총지수),건설 / 건설공사비지수,94.07,2020=100,KOSIS
2018-06-01,공사비,건설공사비지수(총지수),비주거용건물 / 건설공사비지수,94.2,2020=100,KOSIS
2018-06-01,공사비,건설공사비지수(총지수),하천사방 / 건설공사비지수,93.74,2020=100,KOSIS
2018-06-01,공사비,건설공사비지수(총지수),산업시설건설 / 건설공사비지수,93.56,2020=100,KOSIS
2018-06-01,공사비,건설공사비지수(총지수),항만시설 / 건설공사비지수,94.56,2020=100,KOSIS
2018-06-01,공사비,건설공사비지수(총지수),건축보수 / 건설공사비지수,94.19,2020=100,KOSIS
2018-06-01,공사비,건설공사비지수(총지수),건물건설 및 건축보수 / 건설공사비지수,94.08,2020=100,KOSIS
2018-06-01,공사비,건설공사비지수(총지수),주거용건물 / 건설공사비지수,93.91,2020=100,KOSIS
2018-06-01,공사비,건설공사비지수(총지수),주거용건물 / 건설공사비지수,93.91,2020=100,KOSIS
2018-06-01,공사비,건설공사비지수(총지수),일반토목시설건설 / 건설공사비지수,94.05,2020=100,KOSIS
2018-06-01,공사비,건설공사비지수(총지수),발전소시설 / 건설공사비지수,94.4,2020=100,KOSIS
2018-06-01,공사비,건설공사비지수(총지수),환경정화시설 / 건설공사비지수,93.29,2020=100,KOSIS
2018-06-01,공사비,건설공사비지수(총지수),기타건설 / 건설공사비지수,93.66,2020=100,KOSIS
2018-06-01,공사비,건설공사비지수(총지수),산업플랜트 / 건설공사비지수,92.79,2020=100,KOSIS
2018-07-01,공사비,건설공사비지수(총지수),산업플랜트 / 건설공사비지수,92.83,2020=100,KOSIS
2018-07-01,공사비,건설공사비지수(총지수),주거용건물 / 건설공사비지수,94.0,2020=100,KOSIS
2018-07-01,공사비,건설공사비지수(총지수),도시토목 / 건설공사비지수,94.46,2020=100,KOSIS
2018-07-01,공사비,건설공사비지수(총지수),도로시설 / 건설공사비지수,95.38,2020=100,KOSIS
2018-07-01,공사비,건설공사비지수(총지수),항만시설 / 건설공사비지수,94.75,2020=100,KOSIS
2018-07-01,공사비,건설공사비지수(총지수),산업시설건설 / 건설공사비지수,93.22,2020=100,KOSIS
2018-07-01,공사비,건설공사비지수(총지수),토목건설 / 건설공사비지수,94.06,2020=100,KOSIS
2018-07-01,공사비,건설공사비지수(총지수),비주거용건물 / 건설공사비지수,94.28,2020=100,KOSIS
2018-07-01,공사비,건설공사비지수(총지수),상하수도시설 / 건설공사비지수,94.38,2020=100,KOSIS
2018-07-01,공사비,건설공사비지수(총지수),농림수산토목 / 건설공사비지수,94.16,2020=100,KOSIS
2018-07-01,공사비,건설공사비지수(총지수),철도시설 / 건설공사비지수,95.04,2020=100,KOSIS
2018-07-01,공사비,건설공사비지수(총지수),건축보수 / 건설공사비지수,94.23,2020=100,KOSIS
2018-07-01,공사비,건설공사비지수(총지수),주거용건물 / 건설공사비지수,94.0,2020=100,KOSIS
2018-07-01,공사비,건설공사비지수(총지수),환경정화시설 / 건설공사비지수,93.47,2020=100,KOSIS
2018-07-01,공사비,건설공사비지수(총지수),일반토목시설건설 / 건설공사비지수,94.29,2020=100,KOSIS
2018-07-01,공사비,건설공사비지수(총지수),발전소시설 / 건설공사비지수,93.58,2020=100,KOSIS
2018-07-01,공사비,건설공사비지수(총지수),건물건설 및 건축보수 / 건설공사비지수,94.16,2020=100,KOSIS
2018-07-01,공사비,건설공사비지수(총지수),하천사방 / 건설공사비지수,93.95,2020=100,KOSIS
2018-07-01,공사비,건설공사비지수(총지수),건설 / 건설공사비지수,94.12,2020=100,KOSIS
2018-07-01,공사비,건설공사비지수(총지수),기타건설 / 건설공사비지수,93.36,2020=100,KOSIS
2018-07-01,공사비,건설공사비지수(총지수),건축보수 / 건설공사비지수,94.23,2020=100,KOSIS
2018-07-01,공사비,건설공사비지수(총지수),기타건설 / 건설공사비지수,93.36,2020=100,KOSIS
2018-07-01,공사비,건설공사비지수(총지수),교통시설건설 / 건설공사비지수,95.25,2020=100,KOSIS
2018-07-01,공사비,건설공사비지수(총지수),비주거용건물 / 건설공사비지수,94.28,2020=100,KOSIS
2018-08-01,공사비,건설공사비지수(총지수),일반토목시설건설 / 건설공사비지수,94.33,2020=100,KOSIS
2018-08-01,공사비,건설공사비지수(총지수),기타건설 / 건설공사비지수,93.07,2020=100,KOSIS
2018-08-01,공사비,건설공사비지수(총지수),기타건설 / 건설공사비지수,93.07,2020=100,KOSIS
2018-08-01,공사비,건설공사비지수(총지수),교통시설건설 / 건설공사비지수,95.28,2020=100,KOSIS
2018-08-01,공사비,건설공사비지수(총지수),철도시설 / 건설공사비지수,95.02,2020=100,KOSIS
2018-08-01,공사비,건설공사비지수(총지수),도시토목 / 건설공사비지수,94.47,2020=100,KOSIS
2018-08-01,공사비,건설공사비지수(총지수),주거용건물 / 건설공사비지수,94.0,2020=100,KOSIS
2018-08-01,공사비,건설공사비지수(총지수),비주거용건물 / 건설공사비지수,94.28,2020=100,KOSIS
2018-08-01,공사비,건설공사비지수(총지수),주거용건물 / 건설공사비지수,94.0,2020=100,KOSIS
2018-08-01,공사비,건설공사비지수(총지수),산업시설건설 / 건설공사비지수,92.98,2020=100,KOSIS
2018-08-01,공사비,건설공사비지수(총지수),건축보수 / 건설공사비지수,94.23,2020=100,KOSIS
2018-08-01,공사비,건설공사비지수(총지수),건축보수 / 건설공사비지수,94.23,2020=100,KOSIS
2018-08-01,공사비,건설공사비지수(총지수),상하수도시설 / 건설공사비지수,94.46,2020=100,KOSIS
2018-08-01,공사비,건설공사비지수(총지수),농림수산토목 / 건설공사비지수,94.21,2020=100,KOSIS
2018-08-01,공사비,건설공사비지수(총지수),항만시설 / 건설공사비지수,94.77,2020=100,KOSIS
2018-08-01,공사비,건설공사비지수(총지수),건물건설 및 건축보수 / 건설공사비지수,94.16,2020=100,KOSIS
2018-08-01,공사비,건설공사비지수(총지수),건설 / 건설공사비지수,94.09,2020=100,KOSIS
2018-08-01,공사비,건설공사비지수(총지수),하천사방 / 건설공사비지수,94.01,2020=100,KOSIS
2018-08-01,공사비,건설공사비지수(총지수),비주거용건물 / 건설공사비지수,94.28,2020=100,KOSIS
2018-08-01,공사비,건설공사비지수(총지수),토목건설 / 건설공사비지수,93.95,2020=100,KOSIS
2018-08-01,공사비,건설공사비지수(총지수),산업플랜트 / 건설공사비지수,92.93,2020=100,KOSIS
2018-08-01,공사비,건설공사비지수(총지수),도로시설 / 건설공사비지수,95.44,2020=100,KOSIS
2018-08-01,공사비,건설공사비지수(총지수),발전소시설 / 건설공사비지수,92.94,2020=100,KOSIS
2018-08-01,공사비,건설공사비지수(총지수),환경정화시설 / 건설공사비지수,93.54,2020=100,KOSIS
2018-09-01,공사비,건설공사비지수(총지수),비주거용건물 / 건설공사비지수,96.33,2020=100,KOSIS
2018-09-01,공사비,건설공사비지수(총지수),기타건설 / 건설공사비지수,95.52,2020=100,KOSIS
2018-09-01,공사비,건설공사비지수(총지수),도시토목 / 건설공사비지수,96.72,2020=100,KOSIS
2018-09-01,공사비,건설공사비지수(총지수),토목건설 / 건설공사비지수,96.19,2020=100,KOSIS
2018-09-01,공사비,건설공사비지수(총지수),상하수도시설 / 건설공사비지수,96.63,2020=100,KOSIS
2018-09-01,공사비,건설공사비지수(총지수),건축보수 / 건설공사비지수,96.2,2020=100,KOSIS
2018-09-01,공사비,건설공사비지수(총지수),발전소시설 / 건설공사비지수,94.88,2020=100,KOSIS
2018-09-01,공사비,건설공사비지수(총지수),환경정화시설 / 건설공사비지수,95.7,2020=100,KOSIS
2018-09-01,공사비,건설공사비지수(총지수),주거용건물 / 건설공사비지수,96.13,2020=100,KOSIS
2018-09-01,공사비,건설공사비지수(총지수),기타건설 / 건설공사비지수,95.52,2020=100,KOSIS
2018-09-01,공사비,건설공사비지수(총지수),산업시설건설 / 건설공사비지수,95.16,2020=100,KOSIS
2018-09-01,공사비,건설공사비지수(총지수),도로시설 / 건설공사비지수,97.56,2020=100,KOSIS
2018-09-01,공사비,건설공사비지수(총지수),건물건설 및 건축보수 / 건설공사비지수,96.23,2020=100,KOSIS
2018-09-01,공사비,건설공사비지수(총지수),농림수산토목 / 건설공사비지수,96.69,2020=100,KOSIS
2018-09-01,공사비,건설공사비지수(총지수),산업플랜트 / 건설공사비지수,95.37,2020=100,KOSIS
2018-09-01,공사비,건설공사비지수(총지수),비주거용건물 / 건설공사비지수,96.33,2020=100,KOSIS
2018-09-01,공사비,건설공사비지수(총지수),주거용건물 / 건설공사비지수,96.13,2020=100,KOSIS
2018-09-01,공사비,건설공사비지수(총지수),하천사방 / 건설공사비지수,96.5,2020=100,KOSIS
2018-09-01,공사비,건설공사비지수(총지수),항만시설 / 건설공사비지수,97.15,2020=100,KOSIS
2018-09-01,공사비,건설공사비지수(총지수),철도시설 / 건설공사비지수,97.26,2020=100,KOSIS
2018-09-01,공사비,건설공사비지수(총지수),건축보수 / 건설공사비지수,96.2,2020=100,KOSIS
2018-09-01,공사비,건설공사비지수(총지수),교통시설건설 / 건설공사비지수,97.45,2020=100,KOSIS
2018-09-01,공사비,건설공사비지수(총지수),일반토목시설건설 / 건설공사비지수,96.62,2020=100,KOSIS
2018-09-01,공사비,건설공사비지수(총지수),건설 / 건설공사비지수,96.21,2020=100,KOSIS
2018-10-01,공사비,건설공사비지수(총지수),철도시설 / 건설공사비지수,97.45,2020=100,KOSIS
2018-10-01,공사비,건설공사비지수(총지수),도로시설 / 건설공사비지수,97.79,2020=100,KOSIS
2018-10-01,공사비,건설공사비지수(총지수),발전소시설 / 건설공사비지수,95.33,2020=100,KOSIS
2018-10-01,공사비,건설공사비지수(총지수),항만시설 / 건설공사비지수,97.43,2020=100,KOSIS
2018-10-01,공사비,건설공사비지수(총지수),주거용건물 / 건설공사비지수,96.3,2020=100,KOSIS
2018-10-01,공사비,건설공사비지수(총지수),도시토목 / 건설공사비지수,96.98,2020=100,KOSIS
2018-10-01,공사비,건설공사비지수(총지수),비주거용건물 / 건설공사비지수,96.47,2020=100,KOSIS
2018-10-01,공사비,건설공사비지수(총지수),건설 / 건설공사비지수,96.38,2020=100,KOSIS
2018-10-01,공사비,건설공사비지수(총지수),상하수도시설 / 건설공사비지수,96.72,2020=100,KOSIS
2018-10-01,공사비,건설공사비지수(총지수),일반토목시설건설 / 건설공사비지수,96.82,2020=100,KOSIS
2018-10-01,공사비,건설공사비지수(총지수),토목건설 / 건설공사비지수,96.42,2020=100,KOSIS
2018-10-01,공사비,건설공사비지수(총지수),산업플랜트 / 건설공사비지수,95.39,2020=100,KOSIS
2018-10-01,공사비,건설공사비지수(총지수),건축보수 / 건설공사비지수,96.23,2020=100,KOSIS
2018-10-01,공사비,건설공사비지수(총지수),기타건설 / 건설공사비지수,95.78,2020=100,KOSIS
2018-10-01,공사비,건설공사비지수(총지수),건물건설 및 건축보수 / 건설공사비지수,96.38,2020=100,KOSIS
2018-10-01,공사비,건설공사비지수(총지수),교통시설건설 / 건설공사비지수,97.67,2020=100,KOSIS
2018-10-01,공사비,건설공사비지수(총지수),기타건설 / 건설공사비지수,95.78,2020=100,KOSIS
2018-10-01,공사비,건설공사비지수(총지수),주거용건물 / 건설공사비지수,96.3,2020=100,KOSIS
2018-10-01,공사비,건설공사비지수(총지수),비주거용건물 / 건설공사비지수,96.47,2020=100,KOSIS
2018-10-01,공사비,건설공사비지수(총지수),건축보수 / 건설공사비지수,96.23,2020=100,KOSIS
2018-10-01,공사비,건설공사비지수(총지수),농림수산토목 / 건설공사비지수,96.9,2020=100,KOSIS
2018-10-01,공사비,건설공사비지수(총지수),환경정화시설 / 건설공사비지수,95.97,2020=100,KOSIS
2018-10-01,공사비,건설공사비지수(총지수),하천사방 / 건설공사비지수,96.75,2020=100,KOSIS
2018-10-01,공사비,건설공사비지수(총지수),산업시설건설 / 건설공사비지수,95.4,2020=100,KOSIS
2018-11-01,공사비,건설공사비지수(총지수),철도시설 / 건설공사비지수,97.14,2020=100,KOSIS
2018-11-01,공사비,건설공사비지수(총지수),농림수산토목 / 건설공사비지수,96.17,2020=100,KOSIS
2018-11-01,공사비,건설공사비지수(총지수),토목건설 / 건설공사비지수,96.13,2020=100,KOSIS
2018-11-01,공사비,건설공사비지수(총지수),항만시설 / 건설공사비지수,96.7,2020=100,KOSIS
2018-11-01,공사비,건설공사비지수(총지수),교통시설건설 / 건설공사비지수,97.34,2020=100,KOSIS
2018-11-01,공사비,건설공사비지수(총지수),일반토목시설건설 / 건설공사비지수,96.34,2020=100,KOSIS
2018-11-01,공사비,건설공사비지수(총지수),건물건설 및 건축보수 / 건설공사비지수,96.22,2020=100,KOSIS
2018-11-01,공사비,건설공사비지수(총지수),하천사방 / 건설공사비지수,96.28,2020=100,KOSIS
2018-11-01,공사비,건설공사비지수(총지수),건설 / 건설공사비지수,96.19,2020=100,KOSIS
2018-11-01,공사비,건설공사비지수(총지수),도로시설 / 건설공사비지수,97.49,2020=100,KOSIS
2018-11-01,공사비,건설공사비지수(총지수),산업플랜트 / 건설공사비지수,95.15,2020=100,KOSIS
2018-11-01,공사비,건설공사비지수(총지수),건축보수 / 건설공사비지수,96.06,2020=100,KOSIS
2018-11-01,공사비,건설공사비지수(총지수),기타건설 / 건설공사비지수,95.49,2020=100,KOSIS
2018-11-01,공사비,건설공사비지수(총지수),환경정화시설 / 건설공사비지수,95.77,2020=100,KOSIS
2018-11-01,공사비,건설공사비지수(총지수),산업시설건설 / 건설공사비지수,95.25,2020=100,KOSIS
2018-11-01,공사비,건설공사비지수(총지수),주거용건물 / 건설공사비지수,96.16,2020=100,KOSIS
2018-11-01,공사비,건설공사비지수(총지수),비주거용건물 / 건설공사비지수,96.31,2020=100,KOSIS
2018-11-01,공사비,건설공사비지수(총지수),발전소시설 / 건설공사비지수,95.28,2020=100,KOSIS
2018-11-01,공사비,건설공사비지수(총지수),도시토목 / 건설공사비지수,96.65,2020=100,KOSIS
2018-11-01,공사비,건설공사비지수(총지수),주거용건물 / 건설공사비지수,96.16,2020=100,KOSIS
2018-11-01,공사비,건설공사비지수(총지수),건축보수 / 건설공사비지수,96.06,2020=100,KOSIS
2018-11-01,공사비,건설공사비지수(총지수),기타건설 / 건설공사비지수,95.49,2020=100,KOSIS
2018-11-01,공사비,건설공사비지수(총지수),상하수도시설 / 건설공사비지수,96.04,2020=100,KOSIS
2018-11-01,공사비,건설공사비지수(총지수),비주거용건물 / 건설공사비지수,96.31,2020=100,KOSIS
2018-12-01,공사비,건설공사비지수(총지수),건물건설 및 건축보수 / 건설공사비지수,96.11,2020=100,KOSIS
2018-12-01,공사비,건설공사비지수(총지수),환경정화시설 / 건설공사비지수,95.7,2020=100,KOSIS
2018-12-01,공사비,건설공사비지수(총지수),상하수도시설 / 건설공사비지수,95.89,2020=100,KOSIS
2018-12-01,공사비,건설공사비지수(총지수),교통시설건설 / 건설공사비지수,96.99,2020=100,KOSIS
2018-12-01,공사비,건설공사비지수(총지수),도로시설 / 건설공사비지수,97.11,2020=100,KOSIS
2018-12-01,공사비,건설공사비지수(총지수),토목건설 / 건설공사비지수,95.88,2020=100,KOSIS
2018-12-01,공사비,건설공사비지수(총지수),철도시설 / 건설공사비지수,96.85,2020=100,KOSIS
2018-12-01,공사비,건설공사비지수(총지수),건설 / 건설공사비지수,96.04,2020=100,KOSIS
2018-12-01,공사비,건설공사비지수(총지수),주거용건물 / 건설공사비지수,96.05,2020=100,KOSIS
2018-12-01,공사비,건설공사비지수(총지수),도시토목 / 건설공사비지수,96.25,2020=100,KOSIS
2018-12-01,공사비,건설공사비지수(총지수),하천사방 / 건설공사비지수,96.06,2020=100,KOSIS
2018-12-01,공사비,건설공사비지수(총지수),주거용건물 / 건설공사비지수,96.05,2020=100,KOSIS
2018-12-01,공사비,건설공사비지수(총지수),기타건설 / 건설공사비지수,95.13,2020=100,KOSIS
2018-12-01,공사비,건설공사비지수(총지수),발전소시설 / 건설공사비지수,95.03,2020=100,KOSIS
2018-12-01,공사비,건설공사비지수(총지수),건축보수 / 건설공사비지수,96.0,2020=100,KOSIS
2018-12-01,공사비,건설공사비지수(총지수),비주거용건물 / 건설공사비지수,96.19,2020=100,KOSIS
2018-12-01,공사비,건설공사비지수(총지수),비주거용건물 / 건설공사비지수,96.19,2020=100,KOSIS
2018-12-01,공사비,건설공사비지수(총지수),일반토목시설건설 / 건설공사비지수,96.05,2020=100,KOSIS
2018-12-01,공사비,건설공사비지수(총지수),산업시설건설 / 건설공사비지수,95.17,2020=100,KOSIS
2018-12-01,공사비,건설공사비지수(총지수),건축보수 / 건설공사비지수,96.0,2020=100,KOSIS
2018-12-01,공사비,건설공사비지수(총지수),산업플랜트 / 건설공사비지수,95.23,2020=100,KOSIS
2018-12-01,공사비,건설공사비지수(총지수),농림수산토목 / 건설공사비지수,95.8,2020=100,KOSIS
2018-12-01,공사비,건설공사비지수(총지수),기타건설 / 건설공사비지수,95.13,2020=100,KOSIS
2018-12-01,공사비,건설공사비지수(총지수),항만시설 / 건설공사비지수,96.36,2020=100,KOSIS
2019-01-01,공사비,건설공사비지수(총지수),항만시설 / 건설공사비지수,97.85,2020=100,KOSIS
2019-01-01,공사비,건설공사비지수(총지수),하천사방 / 건설공사비지수,97.57,2020=100,KOSIS
2019-01-01,공사비,건설공사비지수(총지수),기타건설 / 건설공사비지수,96.7,2020=100,KOSIS
2019-01-01,공사비,건설공사비지수(총지수),주거용건물 / 건설공사비지수,97.57,2020=100,KOSIS
2019-01-01,공사비,건설공사비지수(총지수),철도시설 / 건설공사비지수,98.14,2020=100,KOSIS
2019-01-01,공사비,건설공사비지수(총지수),산업시설건설 / 건설공사비지수,96.79,2020=100,KOSIS
2019-01-01,공사비,건설공사비지수(총지수),일반토목시설건설 / 건설공사비지수,97.85,2020=100,KOSIS
2019-01-01,공사비,건설공사비지수(총지수),도시토목 / 건설공사비지수,98.37,2020=100,KOSIS
2019-01-01,공사비,건설공사비지수(총지수),토목건설 / 건설공사비지수,97.53,2020=100,KOSIS
2019-01-01,공사비,건설공사비지수(총지수),비주거용건물 / 건설공사비지수,97.65,2020=100,KOSIS
2019-01-01,공사비,건설공사비지수(총지수),건물건설 및 건축보수 / 건설공사비지수,97.6,2020=100,KOSIS
2019-01-01,공사비,건설공사비지수(총지수),건축보수 / 건설공사비지수,97.46,2020=100,KOSIS
2019-01-01,공사비,건설공사비지수(총지수),환경정화시설 / 건설공사비지수,97.22,2020=100,KOSIS
2019-01-01,공사비,건설공사비지수(총지수),주거용건물 / 건설공사비지수,97.57,2020=100,KOSIS
2019-01-01,공사비,건설공사비지수(총지수),비주거용건물 / 건설공사비지수,97.65,2020=100,KOSIS
2019-01-01,공사비,건설공사비지수(총지수),기타건설 / 건설공사비지수,96.7,2020=100,KOSIS
2019-01-01,공사비,건설공사비지수(총지수),상하수도시설 / 건설공사비지수,97.36,2020=100,KOSIS
2019-01-01,공사비,건설공사비지수(총지수),건축보수 / 건설공사비지수,97.46,2020=100,KOSIS
2019-01-01,공사비,건설공사비지수(총지수),건설 / 건설공사비지수,97.58,2020=100,KOSIS
2019-01-01,공사비,건설공사비지수(총지수),발전소시설 / 건설공사비지수,96.58,2020=100,KOSIS
2019-01-01,공사비,건설공사비지수(총지수),산업플랜트 / 건설공사비지수,96.94,2020=100,KOSIS
2019-01-01,공사비,건설공사비지수(총지수),도로시설 / 건설공사비지수,98.82,2020=100,KOSIS
2019-01-01,공사비,건설공사비지수(총지수),교통시설건설 / 건설공사비지수,98.58,2020=100,KOSIS
2019-01-01,공사비,건설공사비지수(총지수),농림수산토목 / 건설공사비지수,97.36,2020=100,KOSIS
2019-02-01,공사비,건설공사비지수(총지수),하천사방 / 건설공사비지수,97.57,2020=100,KOSIS
2019-02-01,공사비,건설공사비지수(총지수),건물건설 및 건축보수 / 건설공사비지수,97.59,2020=100,KOSIS
2019-02-01,공사비,건설공사비지수(총지수),건축보수 / 건설공사비지수,97.59,2020=100,KOSIS
2019-02-01,공사비,건설공사비지수(총지수),환경정화시설 / 건설공사비지수,97.09,2020=100,KOSIS
2019-02-01,공사비,건설공사비지수(총지수),상하수도시설 / 건설공사비지수,97.44,2020=100,KOSIS
2019-02-01,공사비,건설공사비지수(총지수),주거용건물 / 건설공사비지수,97.52,2020=100,KOSIS
2019-02-01,공사비,건설공사비지수(총지수),건축보수 / 건설공사비지수,97.59,2020=100,KOSIS
2019-02-01,공사비,건설공사비지수(총지수),비주거용건물 / 건설공사비지수,97.64,2020=100,KOSIS
2019-02-01,공사비,건설공사비지수(총지수),항만시설 / 건설공사비지수,97.85,2020=100,KOSIS
2019-02-01,공사비,건설공사비지수(총지수),기타건설 / 건설공사비지수,97.11,2020=100,KOSIS
2019-02-01,공사비,건설공사비지수(총지수),농림수산토목 / 건설공사비지수,97.46,2020=100,KOSIS
2019-02-01,공사비,건설공사비지수(총지수),비주거용건물 / 건설공사비지수,97.64,2020=100,KOSIS
2019-02-01,공사비,건설공사비지수(총지수),교통시설건설 / 건설공사비지수,98.58,2020=100,KOSIS
2019-02-01,공사비,건설공사비지수(총지수),발전소시설 / 건설공사비지수,97.16,2020=100,KOSIS
2019-02-01,공사비,건설공사비지수(총지수),주거용건물 / 건설공사비지수,97.52,2020=100,KOSIS
2019-02-01,공사비,건설공사비지수(총지수),철도시설 / 건설공사비지수,98.15,2020=100,KOSIS
2019-02-01,공사비,건설공사비지수(총지수),도로시설 / 건설공사비지수,98.82,2020=100,KOSIS
2019-02-01,공사비,건설공사비지수(총지수),산업플랜트 / 건설공사비지수,97.11,2020=100,KOSIS
2019-02-01,공사비,건설공사비지수(총지수),건설 / 건설공사비지수,97.62,2020=100,KOSIS
2019-02-01,공사비,건설공사비지수(총지수),일반토목시설건설 / 건설공사비지수,97.91,2020=100,KOSIS
2019-02-01,공사비,건설공사비지수(총지수),기타건설 / 건설공사비지수,97.11,2020=100,KOSIS
2019-02-01,공사비,건설공사비지수(총지수),산업시설건설 / 건설공사비지수,97.13,2020=100,KOSIS
2019-02-01,공사비,건설공사비지수(총지수),도시토목 / 건설공사비지수,98.42,2020=100,KOSIS
2019-02-01,공사비,건설공사비지수(총지수),토목건설 / 건설공사비지수,97.72,2020=100,KOSIS
2019-03-01,공사비,건설공사비지수(총지수),건축보수 / 건설공사비지수,97.73,2020=100,KOSIS
2019-03-01,공사비,건설공사비지수(총지수),교통시설건설 / 건설공사비지수,98.69,2020=100,KOSIS
2019-03-01,공사비,건설공사비지수(총지수),산업플랜트 / 건설공사비지수,97.17,2020=100,KOSIS
2019-03-01,공사비,건설공사비지수(총지수),건물건설 및 건축보수 / 건설공사비지수,97.69,2020=100,KOSIS
2019-03-01,공사비,건설공사비지수(총지수),하천사방 / 건설공사비지수,97.73,2020=100,KOSIS
2019-03-01,공사비,건설공사비지수(총지수),주거용건물 / 건설공사비지수,97.62,2020=100,KOSIS
2019-03-01,공사비,건설공사비지수(총지수),산업시설건설 / 건설공사비지수,97.39,2020=100,KOSIS
2019-03-01,공사비,건설공사비지수(총지수),기타건설 / 건설공사비지수,97.48,2020=100,KOSIS
2019-03-01,공사비,건설공사비지수(총지수),주거용건물 / 건설공사비지수,97.62,2020=100,KOSIS
2019-03-01,공사비,건설공사비지수(총지수),농림수산토목 / 건설공사비지수,97.68,2020=100,KOSIS
2019-03-01,공사비,건설공사비지수(총지수),도시토목 / 건설공사비지수,98.67,2020=100,KOSIS
2019-03-01,공사비,건설공사비지수(총지수),상하수도시설 / 건설공사비지수,97.62,2020=100,KOSIS
2019-03-01,공사비,건설공사비지수(총지수),기타건설 / 건설공사비지수,97.48,2020=100,KOSIS
2019-03-01,공사비,건설공사비지수(총지수),철도시설 / 건설공사비지수,98.26,2020=100,KOSIS
2019-03-01,공사비,건설공사비지수(총지수),일반토목시설건설 / 건설공사비지수,98.12,2020=100,KOSIS
2019-03-01,공사비,건설공사비지수(총지수),도로시설 / 건설공사비지수,98.91,2020=100,KOSIS
2019-03-01,공사비,건설공사비지수(총지수),비주거용건물 / 건설공사비지수,97.75,2020=100,KOSIS
2019-03-01,공사비,건설공사비지수(총지수),건설 / 건설공사비지수,97.76,2020=100,KOSIS
2019-03-01,공사비,건설공사비지수(총지수),비주거용건물 / 건설공사비지수,97.75,2020=100,KOSIS
2019-03-01,공사비,건설공사비지수(총지수),항만시설 / 건설공사비지수,98.1,2020=100,KOSIS
2019-03-01,공사비,건설공사비지수(총지수),발전소시설 / 건설공사비지수,97.65,2020=100,KOSIS
2019-03-01,공사비,건설공사비지수(총지수),건축보수 / 건설공사비지수,97.73,2020=100,KOSIS
2019-03-01,공사비,건설공사비지수(총지수),토목건설 / 건설공사비지수,97.94,2020=100,KOSIS
2019-03-01,공사비,건설공사비지수(총지수),환경정화시설 / 건설공사비지수,97.21,2020=100,KOSIS
2019-04-01,공사비,건설공사비지수(총지수),항만시설 / 건설공사비지수,98.2,2020=100,KOSIS
2019-04-01,공사비,건설공사비지수(총지수),농림수산토목 / 건설공사비지수,97.74,2020=100,KOSIS
2019-04-01,공사비,건설공사비지수(총지수),상하수도시설 / 건설공사비지수,97.66,2020=100,KOSIS
2019-04-01,공사비,건설공사비지수(총지수),발전소시설 / 건설공사비지수,97.57,2020=100,KOSIS
2019-04-01,공사비,건설공사비지수(총지수),산업플랜트 / 건설공사비지수,96.98,2020=100,KOSIS
2019-04-01,공사비,건설공사비지수(총지수),도로시설 / 건설공사비지수,99.01,2020=100,KOSIS
2019-04-01,공사비,건설공사비지수(총지수),토목건설 / 건설공사비지수,97.91,2020=100,KOSIS
2019-04-01,공사비,건설공사비지수(총지수),건설 / 건설공사비지수,97.74,2020=100,KOSIS
2019-04-01,공사비,건설공사비지수(총지수),일반토목시설건설 / 건설공사비지수,98.18,2020=100,KOSIS
2019-04-01,공사비,건설공사비지수(총지수),기타건설 / 건설공사비지수,97.41,2020=100,KOSIS
2019-04-01,공사비,건설공사비지수(총지수),교통시설건설 / 건설공사비지수,98.75,2020=100,KOSIS
2019-04-01,공사비,건설공사비지수(총지수),주거용건물 / 건설공사비지수,97.65,2020=100,KOSIS
2019-04-01,공사비,건설공사비지수(총지수),건축보수 / 건설공사비지수,97.63,2020=100,KOSIS
2019-04-01,공사비,건설공사비지수(총지수),기타건설 / 건설공사비지수,97.41,2020=100,KOSIS
2019-04-01,공사비,건설공사비지수(총지수),도시토목 / 건설공사비지수,98.77,2020=100,KOSIS
2019-04-01,공사비,건설공사비지수(총지수),비주거용건물 / 건설공사비지수,97.71,2020=100,KOSIS
2019-04-01,공사비,건설공사비지수(총지수),주거용건물 / 건설공사비지수,97.65,2020=100,KOSIS
2019-04-01,공사비,건설공사비지수(총지수),철도시설 / 건설공사비지수,98.24,2020=100,KOSIS
2019-04-01,공사비,건설공사비지수(총지수),건축보수 / 건설공사비지수,97.63,2020=100,KOSIS
2019-04-01,공사비,건설공사비지수(총지수),산업시설건설 / 건설공사비지수,97.26,2020=100,KOSIS
2019-04-01,공사비,건설공사비지수(총지수),비주거용건물 / 건설공사비지수,97.71,2020=100,KOSIS
2019-04-01,공사비,건설공사비지수(총지수),환경정화시설 / 건설공사비지수,97.21,2020=100,KOSIS
2019-04-01,공사비,건설공사비지수(총지수),건물건설 및 건축보수 / 건설공사비지수,97.67,2020=100,KOSIS
2019-04-01,공사비,건설공사비지수(총지수),하천사방 / 건설공사비지수,97.74,2020=100,KOSIS
2019-05-01,공사비,건설공사비지수(총지수),비주거용건물 / 건설공사비지수,97.72,2020=100,KOSIS
2019-05-01,공사비,건설공사비지수(총지수),건축보수 / 건설공사비지수,97.66,2020=100,KOSIS
2019-05-01,공사비,건설공사비지수(총지수),항만시설 / 건설공사비지수,98.28,2020=100,KOSIS
2019-05-01,공사비,건설공사비지수(총지수),건물건설 및 건축보수 / 건설공사비지수,97.69,2020=100,KOSIS
2019-05-01,공사비,건설공사비지수(총지수),교통시설건설 / 건설공사비지수,98.92,2020=100,KOSIS
2019-05-01,공사비,건설공사비지수(총지수),도로시설 / 건설공사비지수,99.23,2020=100,KOSIS
2019-05-01,공사비,건설공사비지수(총지수),기타건설 / 건설공사비지수,97.37,2020=100,KOSIS
2019-05-01,공사비,건설공사비지수(총지수),산업플랜트 / 건설공사비지수,97.06,2020=100,KOSIS
2019-05-01,공사비,건설공사비지수(총지수),환경정화시설 / 건설공사비지수,97.24,2020=100,KOSIS
2019-05-01,공사비,건설공사비지수(총지수),건설 / 건설공사비지수,97.77,2020=100,KOSIS
2019-05-01,공사비,건설공사비지수(총지수),상하수도시설 / 건설공사비지수,97.7,2020=100,KOSIS
2019-05-01,공사비,건설공사비지수(총지수),건축보수 / 건설공사비지수,97.66,2020=100,KOSIS
2019-05-01,공사비,건설공사비지수(총지수),하천사방 / 건설공사비지수,97.89,2020=100,KOSIS
2019-05-01,공사비,건설공사비지수(총지수),주거용건물 / 건설공사비지수,97.65,2020=100,KOSIS
2019-05-01,공사비,건설공사비지수(총지수),일반토목시설건설 / 건설공사비지수,98.37,2020=100,KOSIS
2019-05-01,공사비,건설공사비지수(총지수),토목건설 / 건설공사비지수,97.99,2020=100,KOSIS
2019-05-01,공사비,건설공사비지수(총지수),발전소시설 / 건설공사비지수,97.44,2020=100,KOSIS
2019-05-01,공사비,건설공사비지수(총지수),주거용건물 / 건설공사비지수,97.65,2020=100,KOSIS
2019-05-01,공사비,건설공사비지수(총지수),비주거용건물 / 건설공사비지수,97.72,2020=100,KOSIS
2019-05-01,공사비,건설공사비지수(총지수),기타건설 / 건설공사비지수,97.37,2020=100,KOSIS
2019-05-01,공사비,건설공사비지수(총지수),철도시설 / 건설공사비지수,98.29,2020=100,KOSIS
2019-05-01,공사비,건설공사비지수(총지수),도시토목 / 건설공사비지수,99.06,2020=100,KOSIS
2019-05-01,공사비,건설공사비지수(총지수),산업시설건설 / 건설공사비지수,97.24,2020=100,KOSIS
2019-05-01,공사비,건설공사비지수(총지수),농림수산토목 / 건설공사비지수,97.88,2020=100,KOSIS
2019-06-01,공사비,건설공사비지수(총지수),주거용건물 / 건설공사비지수,97.61,2020=100,KOSIS
2019-06-01,공사비,건설공사비지수(총지수),산업플랜트 / 건설공사비지수,97.12,2020=100,KOSIS
2019-06-01,공사비,건설공사비지수(총지수),기타건설 / 건설공사비지수,97.08,2020=100,KOSIS
2019-06-01,공사비,건설공사비지수(총지수),건축보수 / 건설공사비지수,97.67,2020=100,KOSIS
2019-06-01,공사비,건설공사비지수(총지수),도시토목 / 건설공사비지수,99.19,2020=100,KOSIS
2019-06-01,공사비,건설공사비지수(총지수),산업시설건설 / 건설공사비지수,97.07,2020=100,KOSIS
2019-06-01,공사비,건설공사비지수(총지수),기타건설 / 건설공사비지수,97.08,2020=100,KOSIS
2019-06-01,공사비,건설공사비지수(총지수),건설 / 건설공사비지수,97.73,2020=100,KOSIS
2019-06-01,공사비,건설공사비지수(총지수),철도시설 / 건설공사비지수,98.29,2020=100,KOSIS
2019-06-01,공사비,건설공사비지수(총지수),건물건설 및 건축보수 / 건설공사비지수,97.66,2020=100,KOSIS
2019-06-01,공사비,건설공사비지수(총지수),환경정화시설 / 건설공사비지수,97.27,2020=100,KOSIS
2019-06-01,공사비,건설공사비지수(총지수),비주거용건물 / 건설공사비지수,97.7,2020=100,KOSIS
2019-06-01,공사비,건설공사비지수(총지수),건축보수 / 건설공사비지수,97.67,2020=100,KOSIS
2019-06-01,공사비,건설공사비지수(총지수),주거용건물 / 건설공사비지수,97.61,2020=100,KOSIS
2019-06-01,공사비,건설공사비지수(총지수),비주거용건물 / 건설공사비지수,97.7,2020=100,KOSIS
2019-06-01,공사비,건설공사비지수(총지수),하천사방 / 건설공사비지수,97.88,2020=100,KOSIS
2019-06-01,공사비,건설공사비지수(총지수),일반토목시설건설 / 건설공사비지수,98.41,2020=100,KOSIS
2019-06-01,공사비,건설공사비지수(총지수),상하수도시설 / 건설공사비지수,97.67,2020=100,KOSIS
2019-06-01,공사비,건설공사비지수(총지수),농림수산토목 / 건설공사비지수,97.76,2020=100,KOSIS
2019-06-01,공사비,건설공사비지수(총지수),도로시설 / 건설공사비지수,99.24,2020=100,KOSIS
2019-06-01,공사비,건설공사비지수(총지수),토목건설 / 건설공사비지수,97.9,2020=100,KOSIS
2019-06-01,공사비,건설공사비지수(총지수),발전소시설 / 건설공사비지수,97.0,2020=100,KOSIS
2019-06-01,공사비,건설공사비지수(총지수),교통시설건설 / 건설공사비지수,98.92,2020=100,KOSIS
2019-06-01,공사비,건설공사비지수(총지수),항만시설 / 건설공사비지수,98.15,2020=100,KOSIS
2019-07-01,공사비,건설공사비지수(총지수),하천사방 / 건설공사비지수,97.84,2020=100,KOSIS
2019-07-01,공사비,건설공사비지수(총지수),농림수산토목 / 건설공사비지수,97.8,2020=100,KOSIS
2019-07-01,공사비,건설공사비지수(총지수),산업시설건설 / 건설공사비지수,97.0,2020=100,KOSIS
2019-07-01,공사비,건설공사비지수(총지수),기타건설 / 건설공사비지수,97.02,2020=100,KOSIS
2019-07-01,공사비,건설공사비지수(총지수),철도시설 / 건설공사비지수,98.25,2020=100,KOSIS
2019-07-01,공사비,건설공사비지수(총지수),항만시설 / 건설공사비지수,98.21,2020=100,KOSIS
2019-07-01,공사비,건설공사비지수(총지수),건물건설 및 건축보수 / 건설공사비지수,97.63,2020=100,KOSIS
2019-07-01,공사비,건설공사비지수(총지수),도로시설 / 건설공사비지수,99.37,2020=100,KOSIS
2019-07-01,공사비,건설공사비지수(총지수),도시토목 / 건설공사비지수,99.45,2020=100,KOSIS
2019-07-01,공사비,건설공사비지수(총지수),건축보수 / 건설공사비지수,97.6,2020=100,KOSIS
2019-07-01,공사비,건설공사비지수(총지수),토목건설 / 건설공사비지수,97.91,2020=100,KOSIS
2019-07-01,공사비,건설공사비지수(총지수),주거용건물 / 건설공사비지수,97.6,2020=100,KOSIS
2019-07-01,공사비,건설공사비지수(총지수),비주거용건물 / 건설공사비지수,97.66,2020=100,KOSIS
2019-07-01,공사비,건설공사비지수(총지수),일반토목시설건설 / 건설공사비지수,98.51,2020=100,KOSIS
2019-07-01,공사비,건설공사비지수(총지수),비주거용건물 / 건설공사비지수,97.66,2020=100,KOSIS
2019-07-01,공사비,건설공사비지수(총지수),환경정화시설 / 건설공사비지수,97.24,2020=100,KOSIS
2019-07-01,공사비,건설공사비지수(총지수),발전소시설 / 건설공사비지수,96.94,2020=100,KOSIS
2019-07-01,공사비,건설공사비지수(총지수),주거용건물 / 건설공사비지수,97.6,2020=100,KOSIS
2019-07-01,공사비,건설공사비지수(총지수),건설 / 건설공사비지수,97.71,2020=100,KOSIS
2019-07-01,공사비,건설공사비지수(총지수),산업플랜트 / 건설공사비지수,97.02,2020=100,KOSIS
2019-07-01,공사비,건설공사비지수(총지수),교통시설건설 / 건설공사비지수,99.0,2020=100,KOSIS
2019-07-01,공사비,건설공사비지수(총지수),상하수도시설 / 건설공사비지수,97.63,2020=100,KOSIS
2019-07-01,공사비,건설공사비지수(총지수),건축보수 / 건설공사비지수,97.6,2020=100,KOSIS
2019-07-01,공사비,건설공사비지수(총지수),기타건설 / 건설공사비지수,97.02,2020=100,KOSIS
2019-08-01,공사비,건설공사비지수(총지수),건설 / 건설공사비지수,97.72,2020=100,KOSIS
2019-08-01,공사비,건설공사비지수(총지수),도시토목 / 건설공사비지수,99.43,2020=100,KOSIS
2019-08-01,공사비,건설공사비지수(총지수),건축보수 / 건설공사비지수,97.62,2020=100,KOSIS
2019-08-01,공사비,건설공사비지수(총지수),산업플랜트 / 건설공사비지수,97.14,2020=100,KOSIS
2019-08-01,공사비,건설공사비지수(총지수),토목건설 / 건설공사비지수,97.99,2020=100,KOSIS
2019-08-01,공사비,건설공사비지수(총지수),발전소시설 / 건설공사비지수,97.18,2020=100,KOSIS
2019-08-01,공사비,건설공사비지수(총지수),주거용건물 / 건설공사비지수,97.56,2020=100,KOSIS
2019-08-01,공사비,건설공사비지수(총지수),기타건설 / 건설공사비지수,97.17,2020=100,KOSIS
2019-08-01,공사비,건설공사비지수(총지수),비주거용건물 / 건설공사비지수,97.66,2020=100,KOSIS
2019-08-01,공사비,건설공사비지수(총지수),일반토목시설건설 / 건설공사비지수,98.51,2020=100,KOSIS
2019-08-01,공사비,건설공사비지수(총지수),주거용건물 / 건설공사비지수,97.56,2020=100,KOSIS
2019-08-01,공사비,건설공사비지수(총지수),교통시설건설 / 건설공사비지수,99.0,2020=100,KOSIS
2019-08-01,공사비,건설공사비지수(총지수),건물건설 및 건축보수 / 건설공사비지수,97.61,2020=100,KOSIS
2019-08-01,공사비,건설공사비지수(총지수),농림수산토목 / 건설공사비지수,97.77,2020=100,KOSIS
2019-08-01,공사비,건설공사비지수(총지수),환경정화시설 / 건설공사비지수,97.25,2020=100,KOSIS
2019-08-01,공사비,건설공사비지수(총지수),건축보수 / 건설공사비지수,97.62,2020=100,KOSIS
2019-08-01,공사비,건설공사비지수(총지수),도로시설 / 건설공사비지수,99.4,2020=100,KOSIS
2019-08-01,공사비,건설공사비지수(총지수),철도시설 / 건설공사비지수,98.19,2020=100,KOSIS
2019-08-01,공사비,건설공사비지수(총지수),비주거용건물 / 건설공사비지수,97.66,2020=100,KOSIS
2019-08-01,공사비,건설공사비지수(총지수),하천사방 / 건설공사비지수,97.84,2020=100,KOSIS
2019-08-01,공사비,건설공사비지수(총지수),산업시설건설 / 건설공사비지수,97.17,2020=100,KOSIS
2019-08-01,공사비,건설공사비지수(총지수),항만시설 / 건설공사비지수,98.18,2020=100,KOSIS
2019-08-01,공사비,건설공사비지수(총지수),상하수도시설 / 건설공사비지수,97.66,2020=100,KOSIS
2019-08-01,공사비,건설공사비지수(총지수),기타건설 / 건설공사비지수,97.17,2020=100,KOSIS
2019-09-01,공사비,건설공사비지수(총지수),항만시설 / 건설공사비지수,99.57,2020=100,KOSIS
2019-09-01,공사비,건설공사비지수(총지수),상하수도시설 / 건설공사비지수,98.94,2020=100,KOSIS
2019-09-01,공사비,건설공사비지수(총지수),철도시설 / 건설공사비지수,99.38,2020=100,KOSIS
2019-09-01,공사비,건설공사비지수(총지수),건축보수 / 건설공사비지수,98.74,2020=100,KOSIS
2019-09-01,공사비,건설공사비지수(총지수),도로시설 / 건설공사비지수,100.44,2020=100,KOSIS
2019-09-01,공사비,건설공사비지수(총지수),기타건설 / 건설공사비지수,98.59,2020=100,KOSIS
2019-09-01,공사비,건설공사비지수(총지수),토목건설 / 건설공사비지수,99.23,2020=100,KOSIS
2019-09-01,공사비,건설공사비지수(총지수),일반토목시설건설 / 건설공사비지수,99.82,2020=100,KOSIS
2019-09-01,공사비,건설공사비지수(총지수),환경정화시설 / 건설공사비지수,98.53,2020=100,KOSIS
2019-09-01,공사비,건설공사비지수(총지수),농림수산토목 / 건설공사비지수,99.23,2020=100,KOSIS
2019-09-01,공사비,건설공사비지수(총지수),건설 / 건설공사비지수,98.91,2020=100,KOSIS
2019-09-01,공사비,건설공사비지수(총지수),비주거용건물 / 건설공사비지수,98.83,2020=100,KOSIS
2019-09-01,공사비,건설공사비지수(총지수),발전소시설 / 건설공사비지수,98.34,2020=100,KOSIS
2019-09-01,공사비,건설공사비지수(총지수),주거용건물 / 건설공사비지수,98.76,2020=100,KOSIS
2019-09-01,공사비,건설공사비지수(총지수),산업플랜트 / 건설공사비지수,98.46,2020=100,KOSIS
2019-09-01,공사비,건설공사비지수(총지수),도시토목 / 건설공사비지수,100.69,2020=100,KOSIS
2019-09-01,공사비,건설공사비지수(총지수),기타건설 / 건설공사비지수,98.59,2020=100,KOSIS
2019-09-01,공사비,건설공사비지수(총지수),건물건설 및 건축보수 / 건설공사비지수,98.79,2020=100,KOSIS
2019-09-01,공사비,건설공사비지수(총지수),주거용건물 / 건설공사비지수,98.76,2020=100,KOSIS
2019-09-01,공사비,건설공사비지수(총지수),비주거용건물 / 건설공사비지수,98.83,2020=100,KOSIS
2019-09-01,공사비,건설공사비지수(총지수),교통시설건설 / 건설공사비지수,100.11,2020=100,KOSIS
2019-09-01,공사비,건설공사비지수(총지수),산업시설건설 / 건설공사비지수,98.41,2020=100,KOSIS
2019-09-01,공사비,건설공사비지수(총지수),건축보수 / 건설공사비지수,98.74,2020=100,KOSIS
2019-09-01,공사비,건설공사비지수(총지수),하천사방 / 건설공사비지수,99.26,2020=100,KOSIS
2019-10-01,공사비,건설공사비지수(총지수),교통시설건설 / 건설공사비지수,99.9,2020=100,KOSIS
2019-10-01,공사비,건설공사비지수(총지수),농림수산토목 / 건설공사비지수,99.03,2020=100,KOSIS
2019-10-01,공사비,건설공사비지수(총지수),항만시설 / 건설공사비지수,99.31,2020=100,KOSIS
2019-10-01,공사비,건설공사비지수(총지수),철도시설 / 건설공사비지수,99.09,2020=100,KOSIS
2019-10-01,공사비,건설공사비지수(총지수),건축보수 / 건설공사비지수,98.54,2020=100,KOSIS
2019-10-01,공사비,건설공사비지수(총지수),기타건설 / 건설공사비지수,98.39,2020=100,KOSIS
2019-10-01,공사비,건설공사비지수(총지수),산업플랜트 / 건설공사비지수,98.31,2020=100,KOSIS
2019-10-01,공사비,건설공사비지수(총지수),기타건설 / 건설공사비지수,98.39,2020=100,KOSIS
2019-10-01,공사비,건설공사비지수(총지수),상하수도시설 / 건설공사비지수,98.81,2020=100,KOSIS
2019-10-01,공사비,건설공사비지수(총지수),하천사방 / 건설공사비지수,99.1,2020=100,KOSIS
2019-10-01,공사비,건설공사비지수(총지수),건축보수 / 건설공사비지수,98.54,2020=100,KOSIS
2019-10-01,공사비,건설공사비지수(총지수),건설 / 건설공사비지수,98.73,2020=100,KOSIS
2019-10-01,공사비,건설공사비지수(총지수),도로시설 / 건설공사비지수,100.27,2020=100,KOSIS
2019-10-01,공사비,건설공사비지수(총지수),주거용건물 / 건설공사비지수,98.59,2020=100,KOSIS
2019-10-01,공사비,건설공사비지수(총지수),일반토목시설건설 / 건설공사비지수,99.64,2020=100,KOSIS
2019-10-01,공사비,건설공사비지수(총지수),토목건설 / 건설공사비지수,99.05,2020=100,KOSIS
2019-10-01,공사비,건설공사비지수(총지수),주거용건물 / 건설공사비지수,98.59,2020=100,KOSIS
2019-10-01,공사비,건설공사비지수(총지수),비주거용건물 / 건설공사비지수,98.63,2020=100,KOSIS
2019-10-01,공사비,건설공사비지수(총지수),도시토목 / 건설공사비지수,100.46,2020=100,KOSIS
2019-10-01,공사비,건설공사비지수(총지수),산업시설건설 / 건설공사비지수,98.25,2020=100,KOSIS
2019-10-01,공사비,건설공사비지수(총지수),비주거용건물 / 건설공사비지수,98.63,2020=100,KOSIS
2019-10-01,공사비,건설공사비지수(총지수),건물건설 및 건축보수 / 건설공사비지수,98.6,2020=100,KOSIS
2019-10-01,공사비,건설공사비지수(총지수),발전소시설 / 건설공사비지수,98.19,2020=100,KOSIS
2019-10-01,공사비,건설공사비지수(총지수),환경정화시설 / 건설공사비지수,98.31,2020=100,KOSIS
2019-11-01,공사비,건설공사비지수(총지수),도시토목 / 건설공사비지수,100.42,2020=100,KOSIS
2019-11-01,공사비,건설공사비지수(총지수),농림수산토목 / 건설공사비지수,99.06,2020=100,KOSIS
2019-11-01,공사비,건설공사비지수(총지수),항만시설 / 건설공사비지수,99.28,2020=100,KOSIS
2019-11-01,공사비,건설공사비지수(총지수),기타건설 / 건설공사비지수,98.33,2020=100,KOSIS
2019-11-01,공사비,건설공사비지수(총지수),토목건설 / 건설공사비지수,98.95,2020=100,KOSIS
2019-11-01,공사비,건설공사비지수(총지수),교통시설건설 / 건설공사비지수,99.76,2020=100,KOSIS
2019-11-01,공사비,건설공사비지수(총지수),주거용건물 / 건설공사비지수,98.49,2020=100,KOSIS
2019-11-01,공사비,건설공사비지수(총지수),도로시설 / 건설공사비지수,100.13,2020=100,KOSIS
2019-11-01,공사비,건설공사비지수(총지수),기타건설 / 건설공사비지수,98.33,2020=100,KOSIS
2019-11-01,공사비,건설공사비지수(총지수),발전소시설 / 건설공사비지수,98.17,2020=100,KOSIS
2019-11-01,공사비,건설공사비지수(총지수),비주거용건물 / 건설공사비지수,98.53,2020=100,KOSIS
2019-11-01,공사비,건설공사비지수(총지수),건설 / 건설공사비지수,98.63,2020=100,KOSIS
2019-11-01,공사비,건설공사비지수(총지수),산업플랜트 / 건설공사비지수,98.13,2020=100,KOSIS
2019-11-01,공사비,건설공사비지수(총지수),건축보수 / 건설공사비지수,98.5,2020=100,KOSIS
2019-11-01,공사비,건설공사비지수(총지수),건물건설 및 건축보수 / 건설공사비지수,98.51,2020=100,KOSIS
2019-11-01,공사비,건설공사비지수(총지수),산업시설건설 / 건설공사비지수,98.15,2020=100,KOSIS
2019-11-01,공사비,건설공사비지수(총지수),하천사방 / 건설공사비지수,99.01,2020=100,KOSIS
2019-11-01,공사비,건설공사비지수(총지수),철도시설 / 건설공사비지수,98.92,2020=100,KOSIS
2019-11-01,공사비,건설공사비지수(총지수),환경정화시설 / 건설공사비지수,98.15,2020=100,KOSIS
2019-11-01,공사비,건설공사비지수(총지수),주거용건물 / 건설공사비지수,98.49,2020=100,KOSIS
2019-11-01,공사비,건설공사비지수(총지수),비주거용건물 / 건설공사비지수,98.53,2020=100,KOSIS
2019-11-01,공사비,건설공사비지수(총지수),일반토목시설건설 / 건설공사비지수,99.59,2020=100,KOSIS
2019-11-01,공사비,건설공사비지수(총지수),상하수도시설 / 건설공사비지수,98.77,2020=100,KOSIS
2019-11-01,공사비,건설공사비지수(총지수),건축보수 / 건설공사비지수,98.5,2020=100,KOSIS
2019-12-01,공사비,건설공사비지수(총지수),토목건설 / 건설공사비지수,99.06,2020=100,KOSIS
2019-12-01,공사비,건설공사비지수(총지수),주거용건물 / 건설공사비지수,98.43,2020=100,KOSIS
2019-12-01,공사비,건설공사비지수(총지수),비주거용건물 / 건설공사비지수,98.5,2020=100,KOSIS
2019-12-01,공사비,건설공사비지수(총지수),주거용건물 / 건설공사비지수,98.43,2020=100,KOSIS
2019-12-01,공사비,건설공사비지수(총지수),도시토목 / 건설공사비지수,100.44,2020=100,KOSIS
2019-12-01,공사비,건설공사비지수(총지수),발전소시설 / 건설공사비지수,98.69,2020=100,KOSIS
2019-12-01,공사비,건설공사비지수(총지수),일반토목시설건설 / 건설공사비지수,99.6,2020=100,KOSIS
2019-12-01,공사비,건설공사비지수(총지수),비주거용건물 / 건설공사비지수,98.5,2020=100,KOSIS
2019-12-01,공사비,건설공사비지수(총지수),도로시설 / 건설공사비지수,100.13,2020=100,KOSIS
2019-12-01,공사비,건설공사비지수(총지수),환경정화시설 / 건설공사비지수,98.14,2020=100,KOSIS
2019-12-01,공사비,건설공사비지수(총지수),기타건설 / 건설공사비지수,98.57,2020=100,KOSIS
2019-12-01,공사비,건설공사비지수(총지수),건설 / 건설공사비지수,98.63,2020=100,KOSIS
2019-12-01,공사비,건설공사비지수(총지수),건물건설 및 건축보수 / 건설공사비지수,98.47,2020=100,KOSIS
2019-12-01,공사비,건설공사비지수(총지수),건축보수 / 건설공사비지수,98.5,2020=100,KOSIS
2019-12-01,공사비,건설공사비지수(총지수),산업시설건설 / 건설공사비지수,98.36,2020=100,KOSIS
2019-12-01,공사비,건설공사비지수(총지수),건축보수 / 건설공사비지수,98.5,2020=100,KOSIS
2019-12-01,공사비,건설공사비지수(총지수),하천사방 / 건설공사비지수,99.0,2020=100,KOSIS
2019-12-01,공사비,건설공사비지수(총지수),농림수산토목 / 건설공사비지수,99.1,2020=100,KOSIS
2019-12-01,공사비,건설공사비지수(총지수),항만시설 / 건설공사비지수,99.28,2020=100,KOSIS
2019-12-01,공사비,건설공사비지수(총지수),상하수도시설 / 건설공사비지수,98.76,2020=100,KOSIS
2019-12-01,공사비,건설공사비지수(총지수),기타건설 / 건설공사비지수,98.57,2020=100,KOSIS
2019-12-01,공사비,건설공사비지수(총지수),철도시설 / 건설공사비지수,98.9,2020=100,KOSIS
2019-12-01,공사비,건설공사비지수(총지수),교통시설건설 / 건설공사비지수,99.75,2020=100,KOSIS
2019-12-01,공사비,건설공사비지수(총지수),산업플랜트 / 건설공사비지수,98.08,2020=100,KOSIS
2020-01-01,공사비,건설공사비지수(총지수),철도시설 / 건설공사비지수,100.14,2020=100,KOSIS
2020-01-01,공사비,건설공사비지수(총지수),농림수산토목 / 건설공사비지수,100.45,2020=100,KOSIS
2020-01-01,공사비,건설공사비지수(총지수),항만시설 / 건설공사비지수,100.66,2020=100,KOSIS
2020-01-01,공사비,건설공사비지수(총지수),발전소시설 / 건설공사비지수,99.63,2020=100,KOSIS
2020-01-01,공사비,건설공사비지수(총지수),하천사방 / 건설공사비지수,100.39,2020=100,KOSIS
2020-01-01,공사비,건설공사비지수(총지수),일반토목시설건설 / 건설공사비지수,100.89,2020=100,KOSIS
2020-01-01,공사비,건설공사비지수(총지수),산업플랜트 / 건설공사비지수,99.67,2020=100,KOSIS
2020-01-01,공사비,건설공사비지수(총지수),상하수도시설 / 건설공사비지수,100.31,2020=100,KOSIS
2020-01-01,공사비,건설공사비지수(총지수),기타건설 / 건설공사비지수,99.89,2020=100,KOSIS
2020-01-01,공사비,건설공사비지수(총지수),교통시설건설 / 건설공사비지수,100.83,2020=100,KOSIS
2020-01-01,공사비,건설공사비지수(총지수),산업시설건설 / 건설공사비지수,99.64,2020=100,KOSIS
2020-01-01,공사비,건설공사비지수(총지수),주거용건물 / 건설공사비지수,99.66,2020=100,KOSIS
2020-01-01,공사비,건설공사비지수(총지수),기타건설 / 건설공사비지수,99.89,2020=100,KOSIS
2020-01-01,공사비,건설공사비지수(총지수),주거용건물 / 건설공사비지수,99.66,2020=100,KOSIS
2020-01-01,공사비,건설공사비지수(총지수),건축보수 / 건설공사비지수,99.74,2020=100,KOSIS
2020-01-01,공사비,건설공사비지수(총지수),비주거용건물 / 건설공사비지수,99.69,2020=100,KOSIS
2020-01-01,공사비,건설공사비지수(총지수),도시토목 / 건설공사비지수,101.48,2020=100,KOSIS
2020-01-01,공사비,건설공사비지수(총지수),토목건설 / 건설공사비지수,100.29,2020=100,KOSIS
2020-01-01,공사비,건설공사비지수(총지수),환경정화시설 / 건설공사비지수,99.58,2020=100,KOSIS
2020-01-01,공사비,건설공사비지수(총지수),건물건설 및 건축보수 / 건설공사비지수,99.68,2020=100,KOSIS
2020-01-01,공사비,건설공사비지수(총지수),비주거용건물 / 건설공사비지수,99.69,2020=100,KOSIS
2020-01-01,공사비,건설공사비지수(총지수),건축보수 / 건설공사비지수,99.74,2020=100,KOSIS
2020-01-01,공사비,건설공사비지수(총지수),건설 / 건설공사비지수,99.86,2020=100,KOSIS
2020-01-01,공사비,건설공사비지수(총지수),도로시설 / 건설공사비지수,101.12,2020=100,KOSIS
2020-02-01,공사비,건설공사비지수(총지수),도시토목 / 건설공사비지수,100.73,2020=100,KOSIS
2020-02-01,공사비,건설공사비지수(총지수),비주거용건물 / 건설공사비지수,99.71,2020=100,KOSIS
2020-02-01,공사비,건설공사비지수(총지수),기타건설 / 건설공사비지수,99.64,2020=100,KOSIS
2020-02-01,공사비,건설공사비지수(총지수),비주거용건물 / 건설공사비지수,99.71,2020=100,KOSIS
2020-02-01,공사비,건설공사비지수(총지수),주거용건물 / 건설공사비지수,99.7,2020=100,KOSIS
2020-02-01,공사비,건설공사비지수(총지수),산업플랜트 / 건설공사비지수,99.75,2020=100,KOSIS
2020-02-01,공사비,건설공사비지수(총지수),하천사방 / 건설공사비지수,100.19,2020=100,KOSIS
2020-02-01,공사비,건설공사비지수(총지수),교통시설건설 / 건설공사비지수,100.44,2020=100,KOSIS
2020-02-01,공사비,건설공사비지수(총지수),건축보수 / 건설공사비지수,99.75,2020=100,KOSIS
2020-02-01,공사비,건설공사비지수(총지수),도로시설 / 건설공사비지수,100.6,2020=100,KOSIS
2020-02-01,공사비,건설공사비지수(총지수),환경정화시설 / 건설공사비지수,99.69,2020=100,KOSIS
2020-02-01,공사비,건설공사비지수(총지수),건물건설 및 건축보수 / 건설공사비지수,99.71,2020=100,KOSIS
2020-02-01,공사비,건설공사비지수(총지수),건축보수 / 건설공사비지수,99.75,2020=100,KOSIS
2020-02-01,공사비,건설공사비지수(총지수),상하수도시설 / 건설공사비지수,100.1,2020=100,KOSIS
2020-02-01,공사비,건설공사비지수(총지수),산업시설건설 / 건설공사비지수,99.57,2020=100,KOSIS
2020-02-01,공사비,건설공사비지수(총지수),항만시설 / 건설공사비지수,100.27,2020=100,KOSIS
2020-02-01,공사비,건설공사비지수(총지수),기타건설 / 건설공사비지수,99.64,2020=100,KOSIS
2020-02-01,공사비,건설공사비지수(총지수),발전소시설 / 건설공사비지수,99.37,2020=100,KOSIS
2020-02-01,공사비,건설공사비지수(총지수),농림수산토목 / 건설공사비지수,100.15,2020=100,KOSIS
2020-02-01,공사비,건설공사비지수(총지수),철도시설 / 건설공사비지수,100.07,2020=100,KOSIS
2020-02-01,공사비,건설공사비지수(총지수),건설 / 건설공사비지수,99.8,2020=100,KOSIS
2020-02-01,공사비,건설공사비지수(총지수),주거용건물 / 건설공사비지수,99.7,2020=100,KOSIS
2020-02-01,공사비,건설공사비지수(총지수),일반토목시설건설 / 건설공사비지수,100.41,2020=100,KOSIS
2020-02-01,공사비,건설공사비지수(총지수),토목건설 / 건설공사비지수,100.01,2020=100,KOSIS
2020-03-01,공사비,건설공사비지수(총지수),건물건설 및 건축보수 / 건설공사비지수,99.56,2020=100,KOSIS
2020-03-01,공사비,건설공사비지수(총지수),철도시설 / 건설공사비지수,99.77,2020=100,KOSIS
2020-03-01,공사비,건설공사비지수(총지수),하천사방 / 건설공사비지수,99.74,2020=100,KOSIS
2020-03-01,공사비,건설공사비지수(총지수),산업시설건설 / 건설공사비지수,99.01,2020=100,KOSIS
2020-03-01,공사비,건설공사비지수(총지수),기타건설 / 건설공사비지수,98.86,2020=100,KOSIS
2020-03-01,공사비,건설공사비지수(총지수),산업플랜트 / 건설공사비지수,99.71,2020=100,KOSIS
2020-03-01,공사비,건설공사비지수(총지수),환경정화시설 / 건설공사비지수,99.58,2020=100,KOSIS
2020-03-01,공사비,건설공사비지수(총지수),농림수산토목 / 건설공사비지수,99.54,2020=100,KOSIS
2020-03-01,공사비,건설공사비지수(총지수),일반토목시설건설 / 건설공사비지수,99.95,2020=100,KOSIS
2020-03-01,공사비,건설공사비지수(총지수),도로시설 / 건설공사비지수,100.02,2020=100,KOSIS
2020-03-01,공사비,건설공사비지수(총지수),주거용건물 / 건설공사비지수,99.56,2020=100,KOSIS
2020-03-01,공사비,건설공사비지수(총지수),교통시설건설 / 건설공사비지수,99.93,2020=100,KOSIS
2020-03-01,공사비,건설공사비지수(총지수),기타건설 / 건설공사비지수,98.86,2020=100,KOSIS
2020-03-01,공사비,건설공사비지수(총지수),상하수도시설 / 건설공사비지수,99.87,2020=100,KOSIS
2020-03-01,공사비,건설공사비지수(총지수),비주거용건물 / 건설공사비지수,99.55,2020=100,KOSIS
2020-03-01,공사비,건설공사비지수(총지수),발전소시설 / 건설공사비지수,98.21,2020=100,KOSIS
2020-03-01,공사비,건설공사비지수(총지수),건축보수 / 건설공사비지수,99.63,2020=100,KOSIS
2020-03-01,공사비,건설공사비지수(총지수),항만시설 / 건설공사비지수,99.65,2020=100,KOSIS
2020-03-01,공사비,건설공사비지수(총지수),주거용건물 / 건설공사비지수,99.56,2020=100,KOSIS
2020-03-01,공사비,건설공사비지수(총지수),건설 / 건설공사비지수,99.53,2020=100,KOSIS
2020-03-01,공사비,건설공사비지수(총지수),건축보수 / 건설공사비지수,99.63,2020=100,KOSIS
2020-03-01,공사비,건설공사비지수(총지수),도시토목 / 건설공사비지수,100.15,2020=100,KOSIS
2020-03-01,공사비,건설공사비지수(총지수),토목건설 / 건설공사비지수,99.46,2020=100,KOSIS
2020-03-01,공사비,건설공사비지수(총지수),비주거용건물 / 건설공사비지수,99.55,2020=100,KOSIS
2020-04-01,공사비,건설공사비지수(총지수),항만시설 / 건설공사비지수,98.98,2020=100,KOSIS
2020-04-01,공사비,건설공사비지수(총지수),건축보수 / 건설공사비지수,99.45,2020=100,KOSIS
2020-04-01,공사비,건설공사비지수(총지수),농림수산토목 / 건설공사비지수,98.91,2020=100,KOSIS
2020-04-01,공사비,건설공사비지수(총지수),건물건설 및 건축보수 / 건설공사비지수,99.4,2020=100,KOSIS
2020-04-01,공사비,건설공사비지수(총지수),환경정화시설 / 건설공사비지수,99.43,2020=100,KOSIS
2020-04-01,공사비,건설공사비지수(총지수),건설 / 건설공사비지수,99.26,2020=100,KOSIS
2020-04-01,공사비,건설공사비지수(총지수),철도시설 / 건설공사비지수,99.4,2020=100,KOSIS
2020-04-01,공사비,건설공사비지수(총지수),산업시설건설 / 건설공사비지수,98.68,2020=100,KOSIS
2020-04-01,공사비,건설공사비지수(총지수),산업플랜트 / 건설공사비지수,99.55,2020=100,KOSIS
2020-04-01,공사비,건설공사비지수(총지수),도로시설 / 건설공사비지수,99.17,2020=100,KOSIS
2020-04-01,공사비,건설공사비지수(총지수),비주거용건물 / 건설공사비지수,99.37,2020=100,KOSIS
2020-04-01,공사비,건설공사비지수(총지수),상하수도시설 / 건설공사비지수,99.48,2020=100,KOSIS
2020-04-01,공사비,건설공사비지수(총지수),토목건설 / 건설공사비지수,98.92,2020=100,KOSIS
2020-04-01,공사비,건설공사비지수(총지수),주거용건물 / 건설공사비지수,99.42,2020=100,KOSIS
2020-04-01,공사비,건설공사비지수(총지수),하천사방 / 건설공사비지수,99.12,2020=100,KOSIS
2020-04-01,공사비,건설공사비지수(총지수),주거용건물 / 건설공사비지수,99.42,2020=100,KOSIS
2020-04-01,공사비,건설공사비지수(총지수),비주거용건물 / 건설공사비지수,99.37,2020=100,KOSIS
2020-04-01,공사비,건설공사비지수(총지수),발전소시설 / 건설공사비지수,97.66,2020=100,KOSIS
2020-04-01,공사비,건설공사비지수(총지수),일반토목시설건설 / 건설공사비지수,99.32,2020=100,KOSIS
2020-04-01,공사비,건설공사비지수(총지수),기타건설 / 건설공사비지수,98.27,2020=100,KOSIS
2020-04-01,공사비,건설공사비지수(총지수),기타건설 / 건설공사비지수,98.27,2020=100,KOSIS
2020-04-01,공사비,건설공사비지수(총지수),건축보수 / 건설공사비지수,99.45,2020=100,KOSIS
2020-04-01,공사비,건설공사비지수(총지수),교통시설건설 / 건설공사비지수,99.22,2020=100,KOSIS
2020-04-01,공사비,건설공사비지수(총지수),도시토목 / 건설공사비지수,99.35,2020=100,KOSIS
2020-05-01,공사비,건설공사비지수(총지수),건물건설 및 건축보수 / 건설공사비지수,99.39,2020=100,KOSIS
2020-05-01,공사비,건설공사비지수(총지수),교통시설건설 / 건설공사비지수,99.1,2020=100,KOSIS
2020-05-01,공사비,건설공사비지수(총지수),상하수도시설 / 건설공사비지수,99.44,2020=100,KOSIS
2020-05-01,공사비,건설공사비지수(총지수),하천사방 / 건설공사비지수,98.94,2020=100,KOSIS
2020-05-01,공사비,건설공사비지수(총지수),도시토목 / 건설공사비지수,99.35,2020=100,KOSIS
2020-05-01,공사비,건설공사비지수(총지수),철도시설 / 건설공사비지수,99.17,2020=100,KOSIS
2020-05-01,공사비,건설공사비지수(총지수),건설 / 건설공사비지수,99.25,2020=100,KOSIS
2020-05-01,공사비,건설공사비지수(총지수),주거용건물 / 건설공사비지수,99.41,2020=100,KOSIS
2020-05-01,공사비,건설공사비지수(총지수),일반토목시설건설 / 건설공사비지수,99.29,2020=100,KOSIS
2020-05-01,공사비,건설공사비지수(총지수),발전소시설 / 건설공사비지수,98.04,2020=100,KOSIS
2020-05-01,공사비,건설공사비지수(총지수),토목건설 / 건설공사비지수,98.92,2020=100,KOSIS
2020-05-01,공사비,건설공사비지수(총지수),산업시설건설 / 건설공사비지수,98.73,2020=100,KOSIS
2020-05-01,공사비,건설공사비지수(총지수),비주거용건물 / 건설공사비지수,99.37,2020=100,KOSIS
2020-05-01,공사비,건설공사비지수(총지수),주거용건물 / 건설공사비지수,99.41,2020=100,KOSIS
2020-05-01,공사비,건설공사비지수(총지수),항만시설 / 건설공사비지수,99.02,2020=100,KOSIS
2020-05-01,공사비,건설공사비지수(총지수),비주거용건물 / 건설공사비지수,99.37,2020=100,KOSIS
2020-05-01,공사비,건설공사비지수(총지수),산업플랜트 / 건설공사비지수,99.3,2020=100,KOSIS
2020-05-01,공사비,건설공사비지수(총지수),기타건설 / 건설공사비지수,98.41,2020=100,KOSIS
2020-05-01,공사비,건설공사비지수(총지수),건축보수 / 건설공사비지수,99.39,2020=100,KOSIS
2020-05-01,공사비,건설공사비지수(총지수),도로시설 / 건설공사비지수,99.08,2020=100,KOSIS
2020-05-01,공사비,건설공사비지수(총지수),건축보수 / 건설공사비지수,99.39,2020=100,KOSIS
2020-05-01,공사비,건설공사비지수(총지수),농림수산토목 / 건설공사비지수,98.9,2020=100,KOSIS
2020-05-01,공사비,건설공사비지수(총지수),환경정화시설 / 건설공사비지수,99.41,2020=100,KOSIS
2020-05-01,공사비,건설공사비지수(총지수),기타건설 / 건설공사비지수,98.41,2020=100,KOSIS
2020-06-01,공사비,건설공사비지수(총지수),건축보수 / 건설공사비지수,99.41,2020=100,KOSIS
2020-06-01,공사비,건설공사비지수(총지수),토목건설 / 건설공사비지수,99.2,2020=100,KOSIS
2020-06-01,공사비,건설공사비지수(총지수),철도시설 / 건설공사비지수,99.28,2020=100,KOSIS
2020-06-01,공사비,건설공사비지수(총지수),도시토목 / 건설공사비지수,99.67,2020=100,KOSIS
2020-06-01,공사비,건설공사비지수(총지수),환경정화시설 / 건설공사비지수,99.36,2020=100,KOSIS
2020-06-01,공사비,건설공사비지수(총지수),농림수산토목 / 건설공사비지수,99.27,2020=100,KOSIS
2020-06-01,공사비,건설공사비지수(총지수),주거용건물 / 건설공사비지수,99.42,2020=100,KOSIS
2020-06-01,공사비,건설공사비지수(총지수),비주거용건물 / 건설공사비지수,99.39,2020=100,KOSIS
2020-06-01,공사비,건설공사비지수(총지수),기타건설 / 건설공사비지수,98.95,2020=100,KOSIS
2020-06-01,공사비,건설공사비지수(총지수),산업플랜트 / 건설공사비지수,99.22,2020=100,KOSIS
2020-06-01,공사비,건설공사비지수(총지수),발전소시설 / 건설공사비지수,98.8,2020=100,KOSIS
2020-06-01,공사비,건설공사비지수(총지수),기타건설 / 건설공사비지수,98.95,2020=100,KOSIS
2020-06-01,공사비,건설공사비지수(총지수),일반토목시설건설 / 건설공사비지수,99.47,2020=100,KOSIS
2020-06-01,공사비,건설공사비지수(총지수),산업시설건설 / 건설공사비지수,99.04,2020=100,KOSIS
2020-06-01,공사비,건설공사비지수(총지수),건축보수 / 건설공사비지수,99.41,2020=100,KOSIS
2020-06-01,공사비,건설공사비지수(총지수),도로시설 / 건설공사비지수,99.35,2020=100,KOSIS
2020-06-01,공사비,건설공사비지수(총지수),주거용건물 / 건설공사비지수,99.42,2020=100,KOSIS
2020-06-01,공사비,건설공사비지수(총지수),항만시설 / 건설공사비지수,99.34,2020=100,KOSIS
2020-06-01,공사비,건설공사비지수(총지수),건물건설 및 건축보수 / 건설공사비지수,99.41,2020=100,KOSIS
2020-06-01,공사비,건설공사비지수(총지수),교통시설건설 / 건설공사비지수,99.33,2020=100,KOSIS
2020-06-01,공사비,건설공사비지수(총지수),상하수도시설 / 건설공사비지수,99.34,2020=100,KOSIS
2020-06-01,공사비,건설공사비지수(총지수),하천사방 / 건설공사비지수,99.24,2020=100,KOSIS
2020-06-01,공사비,건설공사비지수(총지수),건설 / 건설공사비지수,99.35,2020=100,KOSIS
2020-06-01,공사비,건설공사비지수(총지수),비주거용건물 / 건설공사비지수,99.39,2020=100,KOSIS
2020-07-01,공사비,건설공사비지수(총지수),일반토목시설건설 / 건설공사비지수,99.2,2020=100,KOSIS
2020-07-01,공사비,건설공사비지수(총지수),발전소시설 / 건설공사비지수,99.62,2020=100,KOSIS
2020-07-01,공사비,건설공사비지수(총지수),산업시설건설 / 건설공사비지수,99.34,2020=100,KOSIS
2020-07-01,공사비,건설공사비지수(총지수),토목건설 / 건설공사비지수,99.26,2020=100,KOSIS
2020-07-01,공사비,건설공사비지수(총지수),기타건설 / 건설공사비지수,99.29,2020=100,KOSIS
2020-07-01,공사비,건설공사비지수(총지수),주거용건물 / 건설공사비지수,99.34,2020=100,KOSIS
2020-07-01,공사비,건설공사비지수(총지수),비주거용건물 / 건설공사비지수,99.32,2020=100,KOSIS
2020-07-01,공사비,건설공사비지수(총지수),건축보수 / 건설공사비지수,99.37,2020=100,KOSIS
2020-07-01,공사비,건설공사비지수(총지수),기타건설 / 건설공사비지수,99.29,2020=100,KOSIS
2020-07-01,공사비,건설공사비지수(총지수),건축보수 / 건설공사비지수,99.37,2020=100,KOSIS
2020-07-01,공사비,건설공사비지수(총지수),건물건설 및 건축보수 / 건설공사비지수,99.34,2020=100,KOSIS
2020-07-01,공사비,건설공사비지수(총지수),항만시설 / 건설공사비지수,99.21,2020=100,KOSIS
2020-07-01,공사비,건설공사비지수(총지수),하천사방 / 건설공사비지수,99.2,2020=100,KOSIS
2020-07-01,공사비,건설공사비지수(총지수),비주거용건물 / 건설공사비지수,99.32,2020=100,KOSIS
2020-07-01,공사비,건설공사비지수(총지수),도시토목 / 건설공사비지수,99.31,2020=100,KOSIS
2020-07-01,공사비,건설공사비지수(총지수),주거용건물 / 건설공사비지수,99.34,2020=100,KOSIS
2020-07-01,공사비,건설공사비지수(총지수),건설 / 건설공사비지수,99.31,2020=100,KOSIS
2020-07-01,공사비,건설공사비지수(총지수),철도시설 / 건설공사비지수,99.16,2020=100,KOSIS
2020-07-01,공사비,건설공사비지수(총지수),상하수도시설 / 건설공사비지수,99.06,2020=100,KOSIS
2020-07-01,공사비,건설공사비지수(총지수),산업플랜트 / 건설공사비지수,99.08,2020=100,KOSIS
2020-07-01,공사비,건설공사비지수(총지수),교통시설건설 / 건설공사비지수,99.18,2020=100,KOSIS
2020-07-01,공사비,건설공사비지수(총지수),농림수산토목 / 건설공사비지수,99.17,2020=100,KOSIS
2020-07-01,공사비,건설공사비지수(총지수),도로시설 / 건설공사비지수,99.18,2020=100,KOSIS
2020-07-01,공사비,건설공사비지수(총지수),환경정화시설 / 건설공사비지수,99.16,2020=100,KOSIS
2020-08-01,공사비,건설공사비지수(총지수),농림수산토목 / 건설공사비지수,99.23,2020=100,KOSIS
2020-08-01,공사비,건설공사비지수(총지수),철도시설 / 건설공사비지수,99.17,2020=100,KOSIS
2020-08-01,공사비,건설공사비지수(총지수),주거용건물 / 건설공사비지수,99.38,2020=100,KOSIS
2020-08-01,공사비,건설공사비지수(총지수),하천사방 / 건설공사비지수,99.19,2020=100,KOSIS
2020-08-01,공사비,건설공사비지수(총지수),상하수도시설 / 건설공사비지수,99.19,2020=100,KOSIS
2020-08-01,공사비,건설공사비지수(총지수),교통시설건설 / 건설공사비지수,98.97,2020=100,KOSIS
2020-08-01,공사비,건설공사비지수(총지수),건축보수 / 건설공사비지수,99.41,2020=100,KOSIS
2020-08-01,공사비,건설공사비지수(총지수),항만시설 / 건설공사비지수,99.25,2020=100,KOSIS
2020-08-01,공사비,건설공사비지수(총지수),환경정화시설 / 건설공사비지수,99.2,2020=100,KOSIS
2020-08-01,공사비,건설공사비지수(총지수),건축보수 / 건설공사비지수,99.41,2020=100,KOSIS
2020-08-01,공사비,건설공사비지수(총지수),도로시설 / 건설공사비지수,98.86,2020=100,KOSIS
2020-08-01,공사비,건설공사비지수(총지수),기타건설 / 건설공사비지수,99.66,2020=100,KOSIS
2020-08-01,공사비,건설공사비지수(총지수),비주거용건물 / 건설공사비지수,99.36,2020=100,KOSIS
2020-08-01,공사비,건설공사비지수(총지수),산업플랜트 / 건설공사비지수,99.13,2020=100,KOSIS
2020-08-01,공사비,건설공사비지수(총지수),주거용건물 / 건설공사비지수,99.38,2020=100,KOSIS
2020-08-01,공사비,건설공사비지수(총지수),비주거용건물 / 건설공사비지수,99.36,2020=100,KOSIS
2020-08-01,공사비,건설공사비지수(총지수),산업시설건설 / 건설공사비지수,99.62,2020=100,KOSIS
2020-08-01,공사비,건설공사비지수(총지수),일반토목시설건설 / 건설공사비지수,99.02,2020=100,KOSIS
2020-08-01,공사비,건설공사비지수(총지수),건설 / 건설공사비지수,99.35,2020=100,KOSIS
2020-08-01,공사비,건설공사비지수(총지수),건물건설 및 건축보수 / 건설공사비지수,99.37,2020=100,KOSIS
2020-08-01,공사비,건설공사비지수(총지수),발전소시설 / 건설공사비지수,100.18,2020=100,KOSIS
2020-08-01,공사비,건설공사비지수(총지수),기타건설 / 건설공사비지수,99.66,2020=100,KOSIS
2020-08-01,공사비,건설공사비지수(총지수),도시토목 / 건설공사비지수,98.83,2020=100,KOSIS
2020-08-01,공사비,건설공사비지수(총지수),토목건설 / 건설공사비지수,99.3,2020=100,KOSIS
2020-09-01,공사비,건설공사비지수(총지수),철도시설 / 건설공사비지수,100.48,2020=100,KOSIS
2020-09-01,공사비,건설공사비지수(총지수),항만시설 / 건설공사비지수,100.4,2020=100,KOSIS
2020-09-01,공사비,건설공사비지수(총지수),도시토목 / 건설공사비지수,99.94,2020=100,KOSIS
2020-09-01,공사비,건설공사비지수(총지수),산업시설건설 / 건설공사비지수,101.1,2020=100,KOSIS
2020-09-01,공사비,건설공사비지수(총지수),기타건설 / 건설공사비지수,101.2,2020=100,KOSIS
2020-09-01,공사비,건설공사비지수(총지수),환경정화시설 / 건설공사비지수,100.57,2020=100,KOSIS
2020-09-01,공사비,건설공사비지수(총지수),건축보수 / 건설공사비지수,100.6,2020=100,KOSIS
2020-09-01,공사비,건설공사비지수(총지수),비주거용건물 / 건설공사비지수,100.61,2020=100,KOSIS
2020-09-01,공사비,건설공사비지수(총지수),산업플랜트 / 건설공사비지수,100.69,2020=100,KOSIS
2020-09-01,공사비,건설공사비지수(총지수),주거용건물 / 건설공사비지수,100.66,2020=100,KOSIS
2020-09-01,공사비,건설공사비지수(총지수),하천사방 / 건설공사비지수,100.5,2020=100,KOSIS
2020-09-01,공사비,건설공사비지수(총지수),교통시설건설 / 건설공사비지수,100.17,2020=100,KOSIS
2020-09-01,공사비,건설공사비지수(총지수),상하수도시설 / 건설공사비지수,100.48,2020=100,KOSIS
2020-09-01,공사비,건설공사비지수(총지수),일반토목시설건설 / 건설공사비지수,100.23,2020=100,KOSIS
2020-09-01,공사비,건설공사비지수(총지수),건설 / 건설공사비지수,100.64,2020=100,KOSIS
2020-09-01,공사비,건설공사비지수(총지수),토목건설 / 건설공사비지수,100.65,2020=100,KOSIS
2020-09-01,공사비,건설공사비지수(총지수),농림수산토목 / 건설공사비지수,100.48,2020=100,KOSIS
2020-09-01,공사비,건설공사비지수(총지수),건물건설 및 건축보수 / 건설공사비지수,100.63,2020=100,KOSIS
2020-09-01,공사비,건설공사비지수(총지수),비주거용건물 / 건설공사비지수,100.61,2020=100,KOSIS
2020-09-01,공사비,건설공사비지수(총지수),주거용건물 / 건설공사비지수,100.66,2020=100,KOSIS
2020-09-01,공사비,건설공사비지수(총지수),발전소시설 / 건설공사비지수,101.6,2020=100,KOSIS
2020-09-01,공사비,건설공사비지수(총지수),도로시설 / 건설공사비지수,100.03,2020=100,KOSIS
2020-09-01,공사비,건설공사비지수(총지수),건축보수 / 건설공사비지수,100.6,2020=100,KOSIS
2020-09-01,공사비,건설공사비지수(총지수),기타건설 / 건설공사비지수,101.2,2020=100,KOSIS
2020-10-01,공사비,건설공사비지수(총지수),교통시설건설 / 건설공사비지수,100.12,2020=100,KOSIS
2020-10-01,공사비,건설공사비지수(총지수),발전소시설 / 건설공사비지수,101.5,2020=100,KOSIS
2020-10-01,공사비,건설공사비지수(총지수),산업플랜트 / 건설공사비지수,100.72,2020=100,KOSIS
2020-10-01,공사비,건설공사비지수(총지수),주거용건물 / 건설공사비지수,100.66,2020=100,KOSIS
2020-10-01,공사비,건설공사비지수(총지수),건물건설 및 건축보수 / 건설공사비지수,100.64,2020=100,KOSIS
2020-10-01,공사비,건설공사비지수(총지수),주거용건물 / 건설공사비지수,100.66,2020=100,KOSIS
2020-10-01,공사비,건설공사비지수(총지수),환경정화시설 / 건설공사비지수,100.66,2020=100,KOSIS
2020-10-01,공사비,건설공사비지수(총지수),건설 / 건설공사비지수,100.63,2020=100,KOSIS
2020-10-01,공사비,건설공사비지수(총지수),비주거용건물 / 건설공사비지수,100.64,2020=100,KOSIS
2020-10-01,공사비,건설공사비지수(총지수),토목건설 / 건설공사비지수,100.6,2020=100,KOSIS
2020-10-01,공사비,건설공사비지수(총지수),도시토목 / 건설공사비지수,99.78,2020=100,KOSIS
2020-10-01,공사비,건설공사비지수(총지수),하천사방 / 건설공사비지수,100.44,2020=100,KOSIS
2020-10-01,공사비,건설공사비지수(총지수),건축보수 / 건설공사비지수,100.55,2020=100,KOSIS
2020-10-01,공사비,건설공사비지수(총지수),비주거용건물 / 건설공사비지수,100.64,2020=100,KOSIS
2020-10-01,공사비,건설공사비지수(총지수),건축보수 / 건설공사비지수,100.55,2020=100,KOSIS
2020-10-01,공사비,건설공사비지수(총지수),기타건설 / 건설공사비지수,101.15,2020=100,KOSIS
2020-10-01,공사비,건설공사비지수(총지수),산업시설건설 / 건설공사비지수,101.07,2020=100,KOSIS
2020-10-01,공사비,건설공사비지수(총지수),기타건설 / 건설공사비지수,101.15,2020=100,KOSIS
2020-10-01,공사비,건설공사비지수(총지수),상하수도시설 / 건설공사비지수,100.42,2020=100,KOSIS
2020-10-01,공사비,건설공사비지수(총지수),농림수산토목 / 건설공사비지수,100.43,2020=100,KOSIS
2020-10-01,공사비,건설공사비지수(총지수),도로시설 / 건설공사비지수,99.95,2020=100,KOSIS
2020-10-01,공사비,건설공사비지수(총지수),항만시설 / 건설공사비지수,100.34,2020=100,KOSIS
2020-10-01,공사비,건설공사비지수(총지수),일반토목시설건설 / 건설공사비지수,100.12,2020=100,KOSIS
2020-10-01,공사비,건설공사비지수(총지수),철도시설 / 건설공사비지수,100.53,2020=100,KOSIS
2020-11-01,공사비,건설공사비지수(총지수),건물건설 및 건축보수 / 건설공사비지수,100.93,2020=100,KOSIS
2020-11-01,공사비,건설공사비지수(총지수),항만시설 / 건설공사비지수,100.81,2020=100,KOSIS
2020-11-01,공사비,건설공사비지수(총지수),상하수도시설 / 건설공사비지수,100.63,2020=100,KOSIS
2020-11-01,공사비,건설공사비지수(총지수),산업시설건설 / 건설공사비지수,101.51,2020=100,KOSIS
2020-11-01,공사비,건설공사비지수(총지수),환경정화시설 / 건설공사비지수,101.02,2020=100,KOSIS
2020-11-01,공사비,건설공사비지수(총지수),교통시설건설 / 건설공사비지수,100.66,2020=100,KOSIS
2020-11-01,공사비,건설공사비지수(총지수),건축보수 / 건설공사비지수,100.8,2020=100,KOSIS
2020-11-01,공사비,건설공사비지수(총지수),농림수산토목 / 건설공사비지수,100.93,2020=100,KOSIS
2020-11-01,공사비,건설공사비지수(총지수),기타건설 / 건설공사비지수,101.66,2020=100,KOSIS
2020-11-01,공사비,건설공사비지수(총지수),하천사방 / 건설공사비지수,100.92,2020=100,KOSIS
2020-11-01,공사비,건설공사비지수(총지수),건설 / 건설공사비지수,100.97,2020=100,KOSIS
2020-11-01,공사비,건설공사비지수(총지수),주거용건물 / 건설공사비지수,100.94,2020=100,KOSIS
2020-11-01,공사비,건설공사비지수(총지수),비주거용건물 / 건설공사비지수,100.95,2020=100,KOSIS
2020-11-01,공사비,건설공사비지수(총지수),철도시설 / 건설공사비지수,100.89,2020=100,KOSIS
2020-11-01,공사비,건설공사비지수(총지수),일반토목시설건설 / 건설공사비지수,100.46,2020=100,KOSIS
2020-11-01,공사비,건설공사비지수(총지수),건축보수 / 건설공사비지수,100.8,2020=100,KOSIS
2020-11-01,공사비,건설공사비지수(총지수),기타건설 / 건설공사비지수,101.66,2020=100,KOSIS
2020-11-01,공사비,건설공사비지수(총지수),주거용건물 / 건설공사비지수,100.94,2020=100,KOSIS
2020-11-01,공사비,건설공사비지수(총지수),토목건설 / 건설공사비지수,101.06,2020=100,KOSIS
2020-11-01,공사비,건설공사비지수(총지수),발전소시설 / 건설공사비지수,102.05,2020=100,KOSIS
2020-11-01,공사비,건설공사비지수(총지수),비주거용건물 / 건설공사비지수,100.95,2020=100,KOSIS
2020-11-01,공사비,건설공사비지수(총지수),도시토목 / 건설공사비지수,100.14,2020=100,KOSIS
2020-11-01,공사비,건설공사비지수(총지수),도로시설 / 건설공사비지수,100.56,2020=100,KOSIS
2020-11-01,공사비,건설공사비지수(총지수),산업플랜트 / 건설공사비지수,101.05,2020=100,KOSIS
2020-12-01,공사비,건설공사비지수(총지수),주거용건물 / 건설공사비지수,101.84,2020=100,KOSIS
2020-12-01,공사비,건설공사비지수(총지수),항만시설 / 건설공사비지수,102.07,2020=100,KOSIS
2020-12-01,공사비,건설공사비지수(총지수),건축보수 / 건설공사비지수,101.9,2020=100,KOSIS
2020-12-01,공사비,건설공사비지수(총지수),발전소시설 / 건설공사비지수,103.35,2020=100,KOSIS
2020-12-01,공사비,건설공사비지수(총지수),건물건설 및 건축보수 / 건설공사비지수,101.94,2020=100,KOSIS
2020-12-01,공사비,건설공사비지수(총지수),환경정화시설 / 건설공사비지수,102.34,2020=100,KOSIS
2020-12-01,공사비,건설공사비지수(총지수),철도시설 / 건설공사비지수,101.94,2020=100,KOSIS
2020-12-01,공사비,건설공사비지수(총지수),농림수산토목 / 건설공사비지수,102.54,2020=100,KOSIS
2020-12-01,공사비,건설공사비지수(총지수),기타건설 / 건설공사비지수,103.02,2020=100,KOSIS
2020-12-01,공사비,건설공사비지수(총지수),주거용건물 / 건설공사비지수,101.84,2020=100,KOSIS
2020-12-01,공사비,건설공사비지수(총지수),비주거용건물 / 건설공사비지수,102.03,2020=100,KOSIS
2020-12-01,공사비,건설공사비지수(총지수),건축보수 / 건설공사비지수,101.9,2020=100,KOSIS
2020-12-01,공사비,건설공사비지수(총지수),상하수도시설 / 건설공사비지수,101.68,2020=100,KOSIS
2020-12-01,공사비,건설공사비지수(총지수),비주거용건물 / 건설공사비지수,102.03,2020=100,KOSIS
2020-12-01,공사비,건설공사비지수(총지수),산업플랜트 / 건설공사비지수,102.12,2020=100,KOSIS
2020-12-01,공사비,건설공사비지수(총지수),일반토목시설건설 / 건설공사비지수,101.63,2020=100,KOSIS
2020-12-01,공사비,건설공사비지수(총지수),교통시설건설 / 건설공사비지수,102.05,2020=100,KOSIS
2020-12-01,공사비,건설공사비지수(총지수),도시토목 / 건설공사비지수,101.27,2020=100,KOSIS
2020-12-01,공사비,건설공사비지수(총지수),기타건설 / 건설공사비지수,103.02,2020=100,KOSIS
2020-12-01,공사비,건설공사비지수(총지수),토목건설 / 건설공사비지수,102.32,2020=100,KOSIS
2020-12-01,공사비,건설공사비지수(총지수),건설 / 건설공사비지수,102.04,2020=100,KOSIS
2020-12-01,공사비,건설공사비지수(총지수),산업시설건설 / 건설공사비지수,102.7,2020=100,KOSIS
2020-12-01,공사비,건설공사비지수(총지수),도로시설 / 건설공사비지수,102.09,2020=100,KOSIS
2020-12-01,공사비,건설공사비지수(총지수),하천사방 / 건설공사비지수,102.12,2020=100,KOSIS
2021-01-01,공사비,건설공사비지수(총지수),기타건설 / 건설공사비지수,105.27,2020=100,KOSIS
2021-01-01,공사비,건설공사비지수(총지수),비주거용건물 / 건설공사비지수,104.08,2020=100,KOSIS
2021-01-01,공사비,건설공사비지수(총지수),산업플랜트 / 건설공사비지수,104.32,2020=100,KOSIS
2021-01-01,공사비,건설공사비지수(총지수),상하수도시설 / 건설공사비지수,104.22,2020=100,KOSIS
2021-01-01,공사비,건설공사비지수(총지수),산업시설건설 / 건설공사비지수,104.62,2020=100,KOSIS
2021-01-01,공사비,건설공사비지수(총지수),도로시설 / 건설공사비지수,104.2,2020=100,KOSIS
2021-01-01,공사비,건설공사비지수(총지수),철도시설 / 건설공사비지수,103.92,2020=100,KOSIS
2021-01-01,공사비,건설공사비지수(총지수),일반토목시설건설 / 건설공사비지수,103.85,2020=100,KOSIS
2021-01-01,공사비,건설공사비지수(총지수),기타건설 / 건설공사비지수,105.27,2020=100,KOSIS
2021-01-01,공사비,건설공사비지수(총지수),건설 / 건설공사비지수,104.07,2020=100,KOSIS
2021-01-01,공사비,건설공사비지수(총지수),비주거용건물 / 건설공사비지수,104.08,2020=100,KOSIS
2021-01-01,공사비,건설공사비지수(총지수),건축보수 / 건설공사비지수,103.9,2020=100,KOSIS
2021-01-01,공사비,건설공사비지수(총지수),하천사방 / 건설공사비지수,104.11,2020=100,KOSIS
2021-01-01,공사비,건설공사비지수(총지수),주거용건물 / 건설공사비지수,103.8,2020=100,KOSIS
2021-01-01,공사비,건설공사비지수(총지수),토목건설 / 건설공사비지수,104.4,2020=100,KOSIS
2021-01-01,공사비,건설공사비지수(총지수),도시토목 / 건설공사비지수,103.3,2020=100,KOSIS
2021-01-01,공사비,건설공사비지수(총지수),건축보수 / 건설공사비지수,103.9,2020=100,KOSIS
2021-01-01,공사비,건설공사비지수(총지수),교통시설건설 / 건설공사비지수,104.13,2020=100,KOSIS
2021-01-01,공사비,건설공사비지수(총지수),주거용건물 / 건설공사비지수,103.8,2020=100,KOSIS
2021-01-01,공사비,건설공사비지수(총지수),농림수산토목 / 건설공사비지수,104.89,2020=100,KOSIS
2021-01-01,공사비,건설공사비지수(총지수),항만시설 / 건설공사비지수,104.27,2020=100,KOSIS
2021-01-01,공사비,건설공사비지수(총지수),발전소시설 / 건설공사비지수,104.89,2020=100,KOSIS
2021-01-01,공사비,건설공사비지수(총지수),환경정화시설 / 건설공사비지수,104.86,2020=100,KOSIS
2021-01-01,공사비,건설공사비지수(총지수),건물건설 및 건축보수 / 건설공사비지수,103.94,2020=100,KOSIS
2021-02-01,공사비,건설공사비지수(총지수),주거용건물 / 건설공사비지수,104.29,2020=100,KOSIS
2021-02-01,공사비,건설공사비지수(총지수),비주거용건물 / 건설공사비지수,104.67,2020=100,KOSIS
2021-02-01,공사비,건설공사비지수(총지수),비주거용건물 / 건설공사비지수,104.67,2020=100,KOSIS
2021-02-01,공사비,건설공사비지수(총지수),일반토목시설건설 / 건설공사비지수,104.55,2020=100,KOSIS
2021-02-01,공사비,건설공사비지수(총지수),주거용건물 / 건설공사비지수,104.29,2020=100,KOSIS
2021-02-01,공사비,건설공사비지수(총지수),산업시설건설 / 건설공사비지수,105.84,2020=100,KOSIS
2021-02-01,공사비,건설공사비지수(총지수),산업플랜트 / 건설공사비지수,105.02,2020=100,KOSIS
2021-02-01,공사비,건설공사비지수(총지수),농림수산토목 / 건설공사비지수,105.59,2020=100,KOSIS
2021-02-01,공사비,건설공사비지수(총지수),환경정화시설 / 건설공사비지수,105.59,2020=100,KOSIS
2021-02-01,공사비,건설공사비지수(총지수),도로시설 / 건설공사비지수,104.82,2020=100,KOSIS
2021-02-01,공사비,건설공사비지수(총지수),건설 / 건설공사비지수,104.74,2020=100,KOSIS
2021-02-01,공사비,건설공사비지수(총지수),발전소시설 / 건설공사비지수,106.72,2020=100,KOSIS
2021-02-01,공사비,건설공사비지수(총지수),기타건설 / 건설공사비지수,106.56,2020=100,KOSIS
2021-02-01,공사비,건설공사비지수(총지수),토목건설 / 건설공사비지수,105.36,2020=100,KOSIS
2021-02-01,공사비,건설공사비지수(총지수),도시토목 / 건설공사비지수,103.9,2020=100,KOSIS
2021-02-01,공사비,건설공사비지수(총지수),하천사방 / 건설공사비지수,104.91,2020=100,KOSIS
2021-02-01,공사비,건설공사비지수(총지수),철도시설 / 건설공사비지수,104.81,2020=100,KOSIS
2021-02-01,공사비,건설공사비지수(총지수),건축보수 / 건설공사비지수,104.47,2020=100,KOSIS
2021-02-01,공사비,건설공사비지수(총지수),건축보수 / 건설공사비지수,104.47,2020=100,KOSIS
2021-02-01,공사비,건설공사비지수(총지수),건물건설 및 건축보수 / 건설공사비지수,104.49,2020=100,KOSIS
2021-02-01,공사비,건설공사비지수(총지수),기타건설 / 건설공사비지수,106.56,2020=100,KOSIS
2021-02-01,공사비,건설공사비지수(총지수),교통시설건설 / 건설공사비지수,104.83,2020=100,KOSIS
2021-02-01,공사비,건설공사비지수(총지수),상하수도시설 / 건설공사비지수,105.02,2020=100,KOSIS
2021-02-01,공사비,건설공사비지수(총지수),항만시설 / 건설공사비지수,104.99,2020=100,KOSIS
2021-03-01,공사비,건설공사비지수(총지수),철도시설 / 건설공사비지수,105.67,2020=100,KOSIS
2021-03-01,공사비,건설공사비지수(총지수),건축보수 / 건설공사비지수,105.68,2020=100,KOSIS
2021-03-01,공사비,건설공사비지수(총지수),산업시설건설 / 건설공사비지수,107.37,2020=100,KOSIS
2021-03-01,공사비,건설공사비지수(총지수),하천사방 / 건설공사비지수,105.84,2020=100,KOSIS
2021-03-01,공사비,건설공사비지수(총지수),건물건설 및 건축보수 / 건설공사비지수,105.57,2020=100,KOSIS
2021-03-01,공사비,건설공사비지수(총지수),교통시설건설 / 건설공사비지수,105.93,2020=100,KOSIS
2021-03-01,공사비,건설공사비지수(총지수),비주거용건물 / 건설공사비지수,105.81,2020=100,KOSIS
2021-03-01,공사비,건설공사비지수(총지수),주거용건물 / 건설공사비지수,105.28,2020=100,KOSIS
2021-03-01,공사비,건설공사비지수(총지수),건설 / 건설공사비지수,105.89,2020=100,KOSIS
2021-03-01,공사비,건설공사비지수(총지수),항만시설 / 건설공사비지수,106.03,2020=100,KOSIS
2021-03-01,공사비,건설공사비지수(총지수),환경정화시설 / 건설공사비지수,106.87,2020=100,KOSIS
2021-03-01,공사비,건설공사비지수(총지수),기타건설 / 건설공사비지수,108.21,2020=100,KOSIS
2021-03-01,공사비,건설공사비지수(총지수),농림수산토목 / 건설공사비지수,107.07,2020=100,KOSIS
2021-03-01,공사비,건설공사비지수(총지수),토목건설 / 건설공사비지수,106.69,2020=100,KOSIS
2021-03-01,공사비,건설공사비지수(총지수),산업플랜트 / 건설공사비지수,106.11,2020=100,KOSIS
2021-03-01,공사비,건설공사비지수(총지수),일반토목시설건설 / 건설공사비지수,105.67,2020=100,KOSIS
2021-03-01,공사비,건설공사비지수(총지수),비주거용건물 / 건설공사비지수,105.81,2020=100,KOSIS
2021-03-01,공사비,건설공사비지수(총지수),도로시설 / 건설공사비지수,106.02,2020=100,KOSIS
2021-03-01,공사비,건설공사비지수(총지수),발전소시설 / 건설공사비지수,108.75,2020=100,KOSIS
2021-03-01,공사비,건설공사비지수(총지수),기타건설 / 건설공사비지수,108.21,2020=100,KOSIS
2021-03-01,공사비,건설공사비지수(총지수),도시토목 / 건설공사비지수,104.91,2020=100,KOSIS
2021-03-01,공사비,건설공사비지수(총지수),건축보수 / 건설공사비지수,105.68,2020=100,KOSIS
2021-03-01,공사비,건설공사비지수(총지수),주거용건물 / 건설공사비지수,105.28,2020=100,KOSIS
2021-03-01,공사비,건설공사비지수(총지수),상하수도시설 / 건설공사비지수,106.26,2020=100,KOSIS
2021-04-01,공사비,건설공사비지수(총지수),발전소시설 / 건설공사비지수,110.36,2020=100,KOSIS
2021-04-01,공사비,건설공사비지수(총지수),농림수산토목 / 건설공사비지수,109.2,2020=100,KOSIS
2021-04-01,공사비,건설공사비지수(총지수),건축보수 / 건설공사비지수,108.0,2020=100,KOSIS
2021-04-01,공사비,건설공사비지수(총지수),도시토목 / 건설공사비지수,107.38,2020=100,KOSIS
2021-04-01,공사비,건설공사비지수(총지수),토목건설 / 건설공사비지수,108.84,2020=100,KOSIS
2021-04-01,공사비,건설공사비지수(총지수),도로시설 / 건설공사비지수,108.33,2020=100,KOSIS
2021-04-01,공사비,건설공사비지수(총지수),건설 / 건설공사비지수,108.16,2020=100,KOSIS
2021-04-01,공사비,건설공사비지수(총지수),일반토목시설건설 / 건설공사비지수,108.29,2020=100,KOSIS
2021-04-01,공사비,건설공사비지수(총지수),주거용건물 / 건설공사비지수,107.58,2020=100,KOSIS
2021-04-01,공사비,건설공사비지수(총지수),하천사방 / 건설공사비지수,107.25,2020=100,KOSIS
2021-04-01,공사비,건설공사비지수(총지수),산업시설건설 / 건설공사비지수,109.27,2020=100,KOSIS
2021-04-01,공사비,건설공사비지수(총지수),주거용건물 / 건설공사비지수,107.58,2020=100,KOSIS
2021-04-01,공사비,건설공사비지수(총지수),건축보수 / 건설공사비지수,108.0,2020=100,KOSIS
2021-04-01,공사비,건설공사비지수(총지수),철도시설 / 건설공사비지수,107.63,2020=100,KOSIS
2021-04-01,공사비,건설공사비지수(총지수),교통시설건설 / 건설공사비지수,108.14,2020=100,KOSIS
2021-04-01,공사비,건설공사비지수(총지수),기타건설 / 건설공사비지수,110.11,2020=100,KOSIS
2021-04-01,공사비,건설공사비지수(총지수),건물건설 및 건축보수 / 건설공사비지수,107.89,2020=100,KOSIS
2021-04-01,공사비,건설공사비지수(총지수),산업플랜트 / 건설공사비지수,108.13,2020=100,KOSIS
2021-04-01,공사비,건설공사비지수(총지수),상하수도시설 / 건설공사비지수,109.68,2020=100,KOSIS
2021-04-01,공사비,건설공사비지수(총지수),비주거용건물 / 건설공사비지수,108.15,2020=100,KOSIS
2021-04-01,공사비,건설공사비지수(총지수),환경정화시설 / 건설공사비지수,109.67,2020=100,KOSIS
2021-04-01,공사비,건설공사비지수(총지수),항만시설 / 건설공사비지수,108.13,2020=100,KOSIS
2021-04-01,공사비,건설공사비지수(총지수),비주거용건물 / 건설공사비지수,108.15,2020=100,KOSIS
2021-04-01,공사비,건설공사비지수(총지수),기타건설 / 건설공사비지수,110.11,2020=100,KOSIS
2021-05-01,공사비,건설공사비지수(총지수),하천사방 / 건설공사비지수,108.3,2020=100,KOSIS
2021-05-01,공사비,건설공사비지수(총지수),도시토목 / 건설공사비지수,108.91,2020=100,KOSIS
2021-05-01,공사비,건설공사비지수(총지수),기타건설 / 건설공사비지수,112.33,2020=100,KOSIS
2021-05-01,공사비,건설공사비지수(총지수),토목건설 / 건설공사비지수,110.52,2020=100,KOSIS
2021-05-01,공사비,건설공사비지수(총지수),산업플랜트 / 건설공사비지수,109.73,2020=100,KOSIS
2021-05-01,공사비,건설공사비지수(총지수),건축보수 / 건설공사비지수,110.12,2020=100,KOSIS
2021-05-01,공사비,건설공사비지수(총지수),일반토목시설건설 / 건설공사비지수,109.54,2020=100,KOSIS
2021-05-01,공사비,건설공사비지수(총지수),비주거용건물 / 건설공사비지수,110.32,2020=100,KOSIS
2021-05-01,공사비,건설공사비지수(총지수),건물건설 및 건축보수 / 건설공사비지수,109.95,2020=100,KOSIS
2021-05-01,공사비,건설공사비지수(총지수),도로시설 / 건설공사비지수,109.99,2020=100,KOSIS
2021-05-01,공사비,건설공사비지수(총지수),주거용건물 / 건설공사비지수,109.51,2020=100,KOSIS
2021-05-01,공사비,건설공사비지수(총지수),상하수도시설 / 건설공사비지수,110.36,2020=100,KOSIS
2021-05-01,공사비,건설공사비지수(총지수),기타건설 / 건설공사비지수,112.33,2020=100,KOSIS
2021-05-01,공사비,건설공사비지수(총지수),주거용건물 / 건설공사비지수,109.51,2020=100,KOSIS
2021-05-01,공사비,건설공사비지수(총지수),비주거용건물 / 건설공사비지수,110.32,2020=100,KOSIS
2021-05-01,공사비,건설공사비지수(총지수),산업시설건설 / 건설공사비지수,111.09,2020=100,KOSIS
2021-05-01,공사비,건설공사비지수(총지수),발전소시설 / 건설공사비지수,112.23,2020=100,KOSIS
2021-05-01,공사비,건설공사비지수(총지수),철도시설 / 건설공사비지수,109.24,2020=100,KOSIS
2021-05-01,공사비,건설공사비지수(총지수),교통시설건설 / 건설공사비지수,109.74,2020=100,KOSIS
2021-05-01,공사비,건설공사비지수(총지수),건설 / 건설공사비지수,110.11,2020=100,KOSIS
2021-05-01,공사비,건설공사비지수(총지수),건축보수 / 건설공사비지수,110.12,2020=100,KOSIS
2021-05-01,공사비,건설공사비지수(총지수),환경정화시설 / 건설공사비지수,112.65,2020=100,KOSIS
2021-05-01,공사비,건설공사비지수(총지수),농림수산토목 / 건설공사비지수,111.26,2020=100,KOSIS
2021-05-01,공사비,건설공사비지수(총지수),항만시설 / 건설공사비지수,109.13,2020=100,KOSIS
2021-06-01,공사비,건설공사비지수(총지수),항만시설 / 건설공사비지수,110.35,2020=100,KOSIS
2021-06-01,공사비,건설공사비지수(총지수),비주거용건물 / 건설공사비지수,111.6,2020=100,KOSIS
2021-06-01,공사비,건설공사비지수(총지수),일반토목시설건설 / 건설공사비지수,110.92,2020=100,KOSIS
2021-06-01,공사비,건설공사비지수(총지수),기타건설 / 건설공사비지수,113.13,2020=100,KOSIS
2021-06-01,공사비,건설공사비지수(총지수),환경정화시설 / 건설공사비지수,114.45,2020=100,KOSIS
2021-06-01,공사비,건설공사비지수(총지수),건물건설 및 건축보수 / 건설공사비지수,111.19,2020=100,KOSIS
2021-06-01,공사비,건설공사비지수(총지수),건축보수 / 건설공사비지수,111.23,2020=100,KOSIS
2021-06-01,공사비,건설공사비지수(총지수),주거용건물 / 건설공사비지수,110.73,2020=100,KOSIS
2021-06-01,공사비,건설공사비지수(총지수),산업시설건설 / 건설공사비지수,111.88,2020=100,KOSIS
2021-06-01,공사비,건설공사비지수(총지수),토목건설 / 건설공사비지수,111.69,2020=100,KOSIS
2021-06-01,공사비,건설공사비지수(총지수),기타건설 / 건설공사비지수,113.13,2020=100,KOSIS
2021-06-01,공사비,건설공사비지수(총지수),주거용건물 / 건설공사비지수,110.73,2020=100,KOSIS
2021-06-01,공사비,건설공사비지수(총지수),비주거용건물 / 건설공사비지수,111.6,2020=100,KOSIS
2021-06-01,공사비,건설공사비지수(총지수),상하수도시설 / 건설공사비지수,111.44,2020=100,KOSIS
2021-06-01,공사비,건설공사비지수(총지수),철도시설 / 건설공사비지수,110.95,2020=100,KOSIS
2021-06-01,공사비,건설공사비지수(총지수),발전소시설 / 건설공사비지수,112.32,2020=100,KOSIS
2021-06-01,공사비,건설공사비지수(총지수),교통시설건설 / 건설공사비지수,111.38,2020=100,KOSIS
2021-06-01,공사비,건설공사비지수(총지수),도시토목 / 건설공사비지수,110.48,2020=100,KOSIS
2021-06-01,공사비,건설공사비지수(총지수),도로시설 / 건설공사비지수,111.66,2020=100,KOSIS
2021-06-01,공사비,건설공사비지수(총지수),건설 / 건설공사비지수,111.33,2020=100,KOSIS
2021-06-01,공사비,건설공사비지수(총지수),산업플랜트 / 건설공사비지수,111.06,2020=100,KOSIS
2021-06-01,공사비,건설공사비지수(총지수),농림수산토목 / 건설공사비지수,112.89,2020=100,KOSIS
2021-06-01,공사비,건설공사비지수(총지수),건축보수 / 건설공사비지수,111.23,2020=100,KOSIS
2021-06-01,공사비,건설공사비지수(총지수),하천사방 / 건설공사비지수,109.49,2020=100,KOSIS
2021-07-01,공사비,건설공사비지수(총지수),기타건설 / 건설공사비지수,114.39,2020=100,KOSIS
2021-07-01,공사비,건설공사비지수(총지수),건설 / 건설공사비지수,112.51,2020=100,KOSIS
2021-07-01,공사비,건설공사비지수(총지수),건물건설 및 건축보수 / 건설공사비지수,112.29,2020=100,KOSIS
2021-07-01,공사비,건설공사비지수(총지수),환경정화시설 / 건설공사비지수,116.04,2020=100,KOSIS
2021-07-01,공사비,건설공사비지수(총지수),주거용건물 / 건설공사비지수,111.78,2020=100,KOSIS
2021-07-01,공사비,건설공사비지수(총지수),하천사방 / 건설공사비지수,110.41,2020=100,KOSIS
2021-07-01,공사비,건설공사비지수(총지수),발전소시설 / 건설공사비지수,112.74,2020=100,KOSIS
2021-07-01,공사비,건설공사비지수(총지수),상하수도시설 / 건설공사비지수,115.01,2020=100,KOSIS
2021-07-01,공사비,건설공사비지수(총지수),도로시설 / 건설공사비지수,112.78,2020=100,KOSIS
2021-07-01,공사비,건설공사비지수(총지수),항만시설 / 건설공사비지수,111.97,2020=100,KOSIS
2021-07-01,공사비,건설공사비지수(총지수),교통시설건설 / 건설공사비지수,112.61,2020=100,KOSIS
2021-07-01,공사비,건설공사비지수(총지수),농림수산토목 / 건설공사비지수,114.16,2020=100,KOSIS
2021-07-01,공사비,건설공사비지수(총지수),토목건설 / 건설공사비지수,113.06,2020=100,KOSIS
2021-07-01,공사비,건설공사비지수(총지수),철도시설 / 건설공사비지수,112.36,2020=100,KOSIS
2021-07-01,공사비,건설공사비지수(총지수),건축보수 / 건설공사비지수,112.51,2020=100,KOSIS
2021-07-01,공사비,건설공사비지수(총지수),도시토목 / 건설공사비지수,112.04,2020=100,KOSIS
2021-07-01,공사비,건설공사비지수(총지수),건축보수 / 건설공사비지수,112.51,2020=100,KOSIS
2021-07-01,공사비,건설공사비지수(총지수),기타건설 / 건설공사비지수,114.39,2020=100,KOSIS
2021-07-01,공사비,건설공사비지수(총지수),비주거용건물 / 건설공사비지수,112.71,2020=100,KOSIS
2021-07-01,공사비,건설공사비지수(총지수),비주거용건물 / 건설공사비지수,112.71,2020=100,KOSIS
2021-07-01,공사비,건설공사비지수(총지수),산업시설건설 / 건설공사비지수,112.96,2020=100,KOSIS
2021-07-01,공사비,건설공사비지수(총지수),주거용건물 / 건설공사비지수,111.78,2020=100,KOSIS
2021-07-01,공사비,건설공사비지수(총지수),일반토목시설건설 / 건설공사비지수,113.02,2020=100,KOSIS
2021-07-01,공사비,건설공사비지수(총지수),산업플랜트 / 건설공사비지수,112.71,2020=100,KOSIS
2021-08-01,공사비,건설공사비지수(총지수),환경정화시설 / 건설공사비지수,118.56,2020=100,KOSIS
2021-08-01,공사비,건설공사비지수(총지수),비주거용건물 / 건설공사비지수,114.61,2020=100,KOSIS
2021-08-01,공사비,건설공사비지수(총지수),건물건설 및 건축보수 / 건설공사비지수,114.07,2020=100,KOSIS
2021-08-01,공사비,건설공사비지수(총지수),기타건설 / 건설공사비지수,115.69,2020=100,KOSIS
2021-08-01,공사비,건설공사비지수(총지수),농림수산토목 / 건설공사비지수,115.77,2020=100,KOSIS
2021-08-01,공사비,건설공사비지수(총지수),교통시설건설 / 건설공사비지수,113.9,2020=100,KOSIS
2021-08-01,공사비,건설공사비지수(총지수),항만시설 / 건설공사비지수,112.56,2020=100,KOSIS
2021-08-01,공사비,건설공사비지수(총지수),비주거용건물 / 건설공사비지수,114.61,2020=100,KOSIS
2021-08-01,공사비,건설공사비지수(총지수),도로시설 / 건설공사비지수,114.16,2020=100,KOSIS
2021-08-01,공사비,건설공사비지수(총지수),산업플랜트 / 건설공사비지수,113.95,2020=100,KOSIS
2021-08-01,공사비,건설공사비지수(총지수),산업시설건설 / 건설공사비지수,114.14,2020=100,KOSIS
2021-08-01,공사비,건설공사비지수(총지수),건축보수 / 건설공사비지수,114.39,2020=100,KOSIS
2021-08-01,공사비,건설공사비지수(총지수),도시토목 / 건설공사비지수,113.08,2020=100,KOSIS
2021-08-01,공사비,건설공사비지수(총지수),하천사방 / 건설공사비지수,110.98,2020=100,KOSIS
2021-08-01,공사비,건설공사비지수(총지수),건설 / 건설공사비지수,114.13,2020=100,KOSIS
2021-08-01,공사비,건설공사비지수(총지수),주거용건물 / 건설공사비지수,113.41,2020=100,KOSIS
2021-08-01,공사비,건설공사비지수(총지수),토목건설 / 건설공사비지수,114.25,2020=100,KOSIS
2021-08-01,공사비,건설공사비지수(총지수),철도시설 / 건설공사비지수,113.57,2020=100,KOSIS
2021-08-01,공사비,건설공사비지수(총지수),발전소시설 / 건설공사비지수,113.65,2020=100,KOSIS
2021-08-01,공사비,건설공사비지수(총지수),상하수도시설 / 건설공사비지수,115.96,2020=100,KOSIS
2021-08-01,공사비,건설공사비지수(총지수),일반토목시설건설 / 건설공사비지수,114.03,2020=100,KOSIS
2021-08-01,공사비,건설공사비지수(총지수),기타건설 / 건설공사비지수,115.69,2020=100,KOSIS
2021-08-01,공사비,건설공사비지수(총지수),건축보수 / 건설공사비지수,114.39,2020=100,KOSIS
2021-08-01,공사비,건설공사비지수(총지수),주거용건물 / 건설공사비지수,113.41,2020=100,KOSIS
2021-09-01,공사비,건설공사비지수(총지수),건축보수 / 건설공사비지수,115.76,2020=100,KOSIS
2021-09-01,공사비,건설공사비지수(총지수),교통시설건설 / 건설공사비지수,115.17,2020=100,KOSIS
2021-09-01,공사비,건설공사비지수(총지수),건물건설 및 건축보수 / 건설공사비지수,115.45,2020=100,KOSIS
2021-09-01,공사비,건설공사비지수(총지수),토목건설 / 건설공사비지수,115.69,2020=100,KOSIS
2021-09-01,공사비,건설공사비지수(총지수),기타건설 / 건설공사비지수,117.3,2020=100,KOSIS
2021-09-01,공사비,건설공사비지수(총지수),도시토목 / 건설공사비지수,114.4,2020=100,KOSIS
2021-09-01,공사비,건설공사비지수(총지수),농림수산토목 / 건설공사비지수,117.23,2020=100,KOSIS
2021-09-01,공사비,건설공사비지수(총지수),환경정화시설 / 건설공사비지수,120.13,2020=100,KOSIS
2021-09-01,공사비,건설공사비지수(총지수),항만시설 / 건설공사비지수,113.93,2020=100,KOSIS
2021-09-01,공사비,건설공사비지수(총지수),건설 / 건설공사비지수,115.52,2020=100,KOSIS
2021-09-01,공사비,건설공사비지수(총지수),기타건설 / 건설공사비지수,117.3,2020=100,KOSIS
2021-09-01,공사비,건설공사비지수(총지수),건축보수 / 건설공사비지수,115.76,2020=100,KOSIS
2021-09-01,공사비,건설공사비지수(총지수),상하수도시설 / 건설공사비지수,117.54,2020=100,KOSIS
2021-09-01,공사비,건설공사비지수(총지수),철도시설 / 건설공사비지수,115.06,2020=100,KOSIS
2021-09-01,공사비,건설공사비지수(총지수),발전소시설 / 건설공사비지수,115.03,2020=100,KOSIS
2021-09-01,공사비,건설공사비지수(총지수),하천사방 / 건설공사비지수,112.49,2020=100,KOSIS
2021-09-01,공사비,건설공사비지수(총지수),산업시설건설 / 건설공사비지수,115.66,2020=100,KOSIS
2021-09-01,공사비,건설공사비지수(총지수),비주거용건물 / 건설공사비지수,116.01,2020=100,KOSIS
2021-09-01,공사비,건설공사비지수(총지수),주거용건물 / 건설공사비지수,114.76,2020=100,KOSIS
2021-09-01,공사비,건설공사비지수(총지수),일반토목시설건설 / 건설공사비지수,115.47,2020=100,KOSIS
2021-09-01,공사비,건설공사비지수(총지수),산업플랜트 / 건설공사비지수,115.58,2020=100,KOSIS
2021-09-01,공사비,건설공사비지수(총지수),주거용건물 / 건설공사비지수,114.76,2020=100,KOSIS
2021-09-01,공사비,건설공사비지수(총지수),도로시설 / 건설공사비지수,115.34,2020=100,KOSIS
2021-09-01,공사비,건설공사비지수(총지수),비주거용건물 / 건설공사비지수,116.01,2020=100,KOSIS
2021-10-01,공사비,건설공사비지수(총지수),건축보수 / 건설공사비지수,116.99,2020=100,KOSIS
2021-10-01,공사비,건설공사비지수(총지수),산업시설건설 / 건설공사비지수,116.86,2020=100,KOSIS
2021-10-01,공사비,건설공사비지수(총지수),건설 / 건설공사비지수,116.79,2020=100,KOSIS
2021-10-01,공사비,건설공사비지수(총지수),항만시설 / 건설공사비지수,115.25,2020=100,KOSIS
2021-10-01,공사비,건설공사비지수(총지수),산업플랜트 / 건설공사비지수,116.36,2020=100,KOSIS
2021-10-01,공사비,건설공사비지수(총지수),환경정화시설 / 건설공사비지수,121.29,2020=100,KOSIS
2021-10-01,공사비,건설공사비지수(총지수),비주거용건물 / 건설공사비지수,117.22,2020=100,KOSIS
2021-10-01,공사비,건설공사비지수(총지수),건물건설 및 건축보수 / 건설공사비지수,116.63,2020=100,KOSIS
2021-10-01,공사비,건설공사비지수(총지수),발전소시설 / 건설공사비지수,116.68,2020=100,KOSIS
2021-10-01,공사비,건설공사비지수(총지수),하천사방 / 건설공사비지수,113.64,2020=100,KOSIS
2021-10-01,공사비,건설공사비지수(총지수),상하수도시설 / 건설공사비지수,118.62,2020=100,KOSIS
2021-10-01,공사비,건설공사비지수(총지수),비주거용건물 / 건설공사비지수,117.22,2020=100,KOSIS
2021-10-01,공사비,건설공사비지수(총지수),철도시설 / 건설공사비지수,116.43,2020=100,KOSIS
2021-10-01,공사비,건설공사비지수(총지수),주거용건물 / 건설공사비지수,115.89,2020=100,KOSIS
2021-10-01,공사비,건설공사비지수(총지수),건축보수 / 건설공사비지수,116.99,2020=100,KOSIS
2021-10-01,공사비,건설공사비지수(총지수),도로시설 / 건설공사비지수,117.54,2020=100,KOSIS
2021-10-01,공사비,건설공사비지수(총지수),기타건설 / 건설공사비지수,118.74,2020=100,KOSIS
2021-10-01,공사비,건설공사비지수(총지수),교통시설건설 / 건설공사비지수,117.09,2020=100,KOSIS
2021-10-01,공사비,건설공사비지수(총지수),도시토목 / 건설공사비지수,116.24,2020=100,KOSIS
2021-10-01,공사비,건설공사비지수(총지수),농림수산토목 / 건설공사비지수,118.79,2020=100,KOSIS
2021-10-01,공사비,건설공사비지수(총지수),기타건설 / 건설공사비지수,118.74,2020=100,KOSIS
2021-10-01,공사비,건설공사비지수(총지수),주거용건물 / 건설공사비지수,115.89,2020=100,KOSIS
2021-10-01,공사비,건설공사비지수(총지수),일반토목시설건설 / 건설공사비지수,116.97,2020=100,KOSIS
2021-10-01,공사비,건설공사비지수(총지수),토목건설 / 건설공사비지수,117.2,2020=100,KOSIS
2021-11-01,공사비,건설공사비지수(총지수),건설 / 건설공사비지수,117.19,2020=100,KOSIS
2021-11-01,공사비,건설공사비지수(총지수),주거용건물 / 건설공사비지수,116.26,2020=100,KOSIS
2021-11-01,공사비,건설공사비지수(총지수),발전소시설 / 건설공사비지수,116.84,2020=100,KOSIS
2021-11-01,공사비,건설공사비지수(총지수),건축보수 / 건설공사비지수,117.49,2020=100,KOSIS
2021-11-01,공사비,건설공사비지수(총지수),도시토목 / 건설공사비지수,116.79,2020=100,KOSIS
2021-11-01,공사비,건설공사비지수(총지수),건축보수 / 건설공사비지수,117.49,2020=100,KOSIS
2021-11-01,공사비,건설공사비지수(총지수),산업시설건설 / 건설공사비지수,117.03,2020=100,KOSIS
2021-11-01,공사비,건설공사비지수(총지수),상하수도시설 / 건설공사비지수,119.03,2020=100,KOSIS
2021-11-01,공사비,건설공사비지수(총지수),하천사방 / 건설공사비지수,114.14,2020=100,KOSIS
2021-11-01,공사비,건설공사비지수(총지수),항만시설 / 건설공사비지수,115.65,2020=100,KOSIS
2021-11-01,공사비,건설공사비지수(총지수),교통시설건설 / 건설공사비지수,117.55,2020=100,KOSIS
2021-11-01,공사비,건설공사비지수(총지수),토목건설 / 건설공사비지수,117.55,2020=100,KOSIS
2021-11-01,공사비,건설공사비지수(총지수),기타건설 / 건설공사비지수,119.14,2020=100,KOSIS
2021-11-01,공사비,건설공사비지수(총지수),일반토목시설건설 / 건설공사비지수,117.45,2020=100,KOSIS
2021-11-01,공사비,건설공사비지수(총지수),비주거용건물 / 건설공사비지수,117.64,2020=100,KOSIS
2021-11-01,공사비,건설공사비지수(총지수),기타건설 / 건설공사비지수,119.14,2020=100,KOSIS
2021-11-01,공사비,건설공사비지수(총지수),주거용건물 / 건설공사비지수,116.26,2020=100,KOSIS
2021-11-01,공사비,건설공사비지수(총지수),환경정화시설 / 건설공사비지수,121.72,2020=100,KOSIS
2021-11-01,공사비,건설공사비지수(총지수),농림수산토목 / 건설공사비지수,119.09,2020=100,KOSIS
2021-11-01,공사비,건설공사비지수(총지수),건물건설 및 건축보수 / 건설공사비지수,117.04,2020=100,KOSIS
2021-11-01,공사비,건설공사비지수(총지수),산업플랜트 / 건설공사비지수,116.51,2020=100,KOSIS
2021-11-01,공사비,건설공사비지수(총지수),도로시설 / 건설공사비지수,117.97,2020=100,KOSIS
2021-11-01,공사비,건설공사비지수(총지수),비주거용건물 / 건설공사비지수,117.64,2020=100,KOSIS
2021-11-01,공사비,건설공사비지수(총지수),철도시설 / 건설공사비지수,116.98,2020=100,KOSIS
2021-12-01,공사비,건설공사비지수(총지수),건축보수 / 건설공사비지수,117.6,2020=100,KOSIS
2021-12-01,공사비,건설공사비지수(총지수),철도시설 / 건설공사비지수,116.84,2020=100,KOSIS
2021-12-01,공사비,건설공사비지수(총지수),발전소시설 / 건설공사비지수,117.5,2020=100,KOSIS
2021-12-01,공사비,건설공사비지수(총지수),환경정화시설 / 건설공사비지수,121.83,2020=100,KOSIS
2021-12-01,공사비,건설공사비지수(총지수),일반토목시설건설 / 건설공사비지수,117.38,2020=100,KOSIS
2021-12-01,공사비,건설공사비지수(총지수),주거용건물 / 건설공사비지수,116.47,2020=100,KOSIS
2021-12-01,공사비,건설공사비지수(총지수),토목건설 / 건설공사비지수,117.7,2020=100,KOSIS
2021-12-01,공사비,건설공사비지수(총지수),상하수도시설 / 건설공사비지수,118.48,2020=100,KOSIS
2021-12-01,공사비,건설공사비지수(총지수),교통시설건설 / 건설공사비지수,117.68,2020=100,KOSIS
2021-12-01,공사비,건설공사비지수(총지수),항만시설 / 건설공사비지수,115.23,2020=100,KOSIS
2021-12-01,공사비,건설공사비지수(총지수),비주거용건물 / 건설공사비지수,117.84,2020=100,KOSIS
2021-12-01,공사비,건설공사비지수(총지수),하천사방 / 건설공사비지수,114.0,2020=100,KOSIS
2021-12-01,공사비,건설공사비지수(총지수),건물건설 및 건축보수 / 건설공사비지수,117.23,2020=100,KOSIS
2021-12-01,공사비,건설공사비지수(총지수),산업시설건설 / 건설공사비지수,117.34,2020=100,KOSIS
2021-12-01,공사비,건설공사비지수(총지수),건축보수 / 건설공사비지수,117.6,2020=100,KOSIS
2021-12-01,공사비,건설공사비지수(총지수),기타건설 / 건설공사비지수,119.21,2020=100,KOSIS
2021-12-01,공사비,건설공사비지수(총지수),비주거용건물 / 건설공사비지수,117.84,2020=100,KOSIS
2021-12-01,공사비,건설공사비지수(총지수),기타건설 / 건설공사비지수,119.21,2020=100,KOSIS
2021-12-01,공사비,건설공사비지수(총지수),도로시설 / 건설공사비지수,118.27,2020=100,KOSIS
2021-12-01,공사비,건설공사비지수(총지수),산업플랜트 / 건설공사비지수,116.51,2020=100,KOSIS
2021-12-01,공사비,건설공사비지수(총지수),도시토목 / 건설공사비지수,117.12,2020=100,KOSIS
2021-12-01,공사비,건설공사비지수(총지수),농림수산토목 / 건설공사비지수,118.68,2020=100,KOSIS
2021-12-01,공사비,건설공사비지수(총지수),주거용건물 / 건설공사비지수,116.47,2020=100,KOSIS
2021-12-01,공사비,건설공사비지수(총지수),건설 / 건설공사비지수,117.37,2020=100,KOSIS
2022-01-01,공사비,건설공사비지수(총지수),기타건설 / 건설공사비지수,121.74,2020=100,KOSIS
2022-01-01,공사비,건설공사비지수(총지수),주거용건물 / 건설공사비지수,118.85,2020=100,KOSIS
2022-01-01,공사비,건설공사비지수(총지수),철도시설 / 건설공사비지수,118.96,2020=100,KOSIS
2022-01-01,공사비,건설공사비지수(총지수),기타건설 / 건설공사비지수,121.74,2020=100,KOSIS
2022-01-01,공사비,건설공사비지수(총지수),산업플랜트 / 건설공사비지수,118.73,2020=100,KOSIS
2022-01-01,공사비,건설공사비지수(총지수),건물건설 및 건축보수 / 건설공사비지수,119.59,2020=100,KOSIS
2022-01-01,공사비,건설공사비지수(총지수),농림수산토목 / 건설공사비지수,121.22,2020=100,KOSIS
2022-01-01,공사비,건설공사비지수(총지수),토목건설 / 건설공사비지수,120.21,2020=100,KOSIS
2022-01-01,공사비,건설공사비지수(총지수),교통시설건설 / 건설공사비지수,120.25,2020=100,KOSIS
2022-01-01,공사비,건설공사비지수(총지수),하천사방 / 건설공사비지수,116.71,2020=100,KOSIS
2022-01-01,공사비,건설공사비지수(총지수),산업시설건설 / 건설공사비지수,119.69,2020=100,KOSIS
2022-01-01,공사비,건설공사비지수(총지수),건설 / 건설공사비지수,119.77,2020=100,KOSIS
2022-01-01,공사비,건설공사비지수(총지수),주거용건물 / 건설공사비지수,118.85,2020=100,KOSIS
2022-01-01,공사비,건설공사비지수(총지수),비주거용건물 / 건설공사비지수,120.11,2020=100,KOSIS
2022-01-01,공사비,건설공사비지수(총지수),건축보수 / 건설공사비지수,120.25,2020=100,KOSIS
2022-01-01,공사비,건설공사비지수(총지수),도로시설 / 건설공사비지수,120.99,2020=100,KOSIS
2022-01-01,공사비,건설공사비지수(총지수),환경정화시설 / 건설공사비지수,123.74,2020=100,KOSIS
2022-01-01,공사비,건설공사비지수(총지수),건축보수 / 건설공사비지수,120.25,2020=100,KOSIS
2022-01-01,공사비,건설공사비지수(총지수),상하수도시설 / 건설공사비지수,120.7,2020=100,KOSIS
2022-01-01,공사비,건설공사비지수(총지수),일반토목시설건설 / 건설공사비지수,120.07,2020=100,KOSIS
2022-01-01,공사비,건설공사비지수(총지수),항만시설 / 건설공사비지수,117.99,2020=100,KOSIS
2022-01-01,공사비,건설공사비지수(총지수),비주거용건물 / 건설공사비지수,120.11,2020=100,KOSIS
2022-01-01,공사비,건설공사비지수(총지수),발전소시설 / 건설공사비지수,120.05,2020=100,KOSIS
2022-01-01,공사비,건설공사비지수(총지수),도시토목 / 건설공사비지수,120.1,2020=100,KOSIS
2022-02-01,공사비,건설공사비지수(총지수),교통시설건설 / 건설공사비지수,121.12,2020=100,KOSIS
2022-02-01,공사비,건설공사비지수(총지수),일반토목시설건설 / 건설공사비지수,120.95,2020=100,KOSIS
2022-02-01,공사비,건설공사비지수(총지수),발전소시설 / 건설공사비지수,120.79,2020=100,KOSIS
2022-02-01,공사비,건설공사비지수(총지수),산업플랜트 / 건설공사비지수,118.85,2020=100,KOSIS
2022-02-01,공사비,건설공사비지수(총지수),주거용건물 / 건설공사비지수,119.13,2020=100,KOSIS
2022-02-01,공사비,건설공사비지수(총지수),철도시설 / 건설공사비지수,119.4,2020=100,KOSIS
2022-02-01,공사비,건설공사비지수(총지수),주거용건물 / 건설공사비지수,119.13,2020=100,KOSIS
2022-02-01,공사비,건설공사비지수(총지수),도로시설 / 건설공사비지수,122.02,2020=100,KOSIS
2022-02-01,공사비,건설공사비지수(총지수),비주거용건물 / 건설공사비지수,120.36,2020=100,KOSIS
2022-02-01,공사비,건설공사비지수(총지수),산업시설건설 / 건설공사비지수,120.12,2020=100,KOSIS
2022-02-01,공사비,건설공사비지수(총지수),비주거용건물 / 건설공사비지수,120.36,2020=100,KOSIS
2022-02-01,공사비,건설공사비지수(총지수),농림수산토목 / 건설공사비지수,121.98,2020=100,KOSIS
2022-02-01,공사비,건설공사비지수(총지수),기타건설 / 건설공사비지수,122.3,2020=100,KOSIS
2022-02-01,공사비,건설공사비지수(총지수),기타건설 / 건설공사비지수,122.3,2020=100,KOSIS
2022-02-01,공사비,건설공사비지수(총지수),토목건설 / 건설공사비지수,120.88,2020=100,KOSIS
2022-02-01,공사비,건설공사비지수(총지수),건물건설 및 건축보수 / 건설공사비지수,119.84,2020=100,KOSIS
2022-02-01,공사비,건설공사비지수(총지수),도시토목 / 건설공사비지수,121.44,2020=100,KOSIS
2022-02-01,공사비,건설공사비지수(총지수),하천사방 / 건설공사비지수,117.34,2020=100,KOSIS
2022-02-01,공사비,건설공사비지수(총지수),건설 / 건설공사비지수,120.14,2020=100,KOSIS
2022-02-01,공사비,건설공사비지수(총지수),건축보수 / 건설공사비지수,120.42,2020=100,KOSIS
2022-02-01,공사비,건설공사비지수(총지수),환경정화시설 / 건설공사비지수,124.18,2020=100,KOSIS
2022-02-01,공사비,건설공사비지수(총지수),상하수도시설 / 건설공사비지수,121.04,2020=100,KOSIS
2022-02-01,공사비,건설공사비지수(총지수),항만시설 / 건설공사비지수,118.86,2020=100,KOSIS
2022-02-01,공사비,건설공사비지수(총지수),건축보수 / 건설공사비지수,120.42,2020=100,KOSIS
2022-03-01,공사비,건설공사비지수(총지수),산업플랜트 / 건설공사비지수,119.99,2020=100,KOSIS
2022-03-01,공사비,건설공사비지수(총지수),농림수산토목 / 건설공사비지수,124.08,2020=100,KOSIS
2022-03-01,공사비,건설공사비지수(총지수),건설 / 건설공사비지수,121.46,2020=100,KOSIS
2022-03-01,공사비,건설공사비지수(총지수),도로시설 / 건설공사비지수,123.89,2020=100,KOSIS
2022-03-01,공사비,건설공사비지수(총지수),환경정화시설 / 건설공사비지수,125.47,2020=100,KOSIS
2022-03-01,공사비,건설공사비지수(총지수),일반토목시설건설 / 건설공사비지수,122.89,2020=100,KOSIS
2022-03-01,공사비,건설공사비지수(총지수),비주거용건물 / 건설공사비지수,121.5,2020=100,KOSIS
2022-03-01,공사비,건설공사비지수(총지수),건축보수 / 건설공사비지수,121.47,2020=100,KOSIS
2022-03-01,공사비,건설공사비지수(총지수),기타건설 / 건설공사비지수,124.16,2020=100,KOSIS
2022-03-01,공사비,건설공사비지수(총지수),도시토목 / 건설공사비지수,123.39,2020=100,KOSIS
2022-03-01,공사비,건설공사비지수(총지수),하천사방 / 건설공사비지수,119.09,2020=100,KOSIS
2022-03-01,공사비,건설공사비지수(총지수),비주거용건물 / 건설공사비지수,121.5,2020=100,KOSIS
2022-03-01,공사비,건설공사비지수(총지수),건축보수 / 건설공사비지수,121.47,2020=100,KOSIS
2022-03-01,공사비,건설공사비지수(총지수),항만시설 / 건설공사비지수,121.14,2020=100,KOSIS
2022-03-01,공사비,건설공사비지수(총지수),상하수도시설 / 건설공사비지수,122.99,2020=100,KOSIS
2022-03-01,공사비,건설공사비지수(총지수),주거용건물 / 건설공사비지수,120.31,2020=100,KOSIS
2022-03-01,공사비,건설공사비지수(총지수),건물건설 및 건축보수 / 건설공사비지수,120.99,2020=100,KOSIS
2022-03-01,공사비,건설공사비지수(총지수),주거용건물 / 건설공사비지수,120.31,2020=100,KOSIS
2022-03-01,공사비,건설공사비지수(총지수),발전소시설 / 건설공사비지수,122.81,2020=100,KOSIS
2022-03-01,공사비,건설공사비지수(총지수),토목건설 / 건설공사비지수,122.64,2020=100,KOSIS
2022-03-01,공사비,건설공사비지수(총지수),기타건설 / 건설공사비지수,124.16,2020=100,KOSIS
2022-03-01,공사비,건설공사비지수(총지수),교통시설건설 / 건설공사비지수,122.97,2020=100,KOSIS
2022-03-01,공사비,건설공사비지수(총지수),산업시설건설 / 건설공사비지수,121.67,2020=100,KOSIS
2022-03-01,공사비,건설공사비지수(총지수),철도시설 / 건설공사비지수,121.12,2020=100,KOSIS
2022-04-01,공사비,건설공사비지수(총지수),주거용건물 / 건설공사비지수,121.99,2020=100,KOSIS
2022-04-01,공사비,건설공사비지수(총지수),도로시설 / 건설공사비지수,127.55,2020=100,KOSIS
2022-04-01,공사비,건설공사비지수(총지수),농림수산토목 / 건설공사비지수,126.3,2020=100,KOSIS
2022-04-01,공사비,건설공사비지수(총지수),주거용건물 / 건설공사비지수,121.99,2020=100,KOSIS
2022-04-01,공사비,건설공사비지수(총지수),비주거용건물 / 건설공사비지수,123.21,2020=100,KOSIS
2022-04-01,공사비,건설공사비지수(총지수),산업시설건설 / 건설공사비지수,123.02,2020=100,KOSIS
2022-04-01,공사비,건설공사비지수(총지수),기타건설 / 건설공사비지수,125.55,2020=100,KOSIS
2022-04-01,공사비,건설공사비지수(총지수),건물건설 및 건축보수 / 건설공사비지수,122.67,2020=100,KOSIS
2022-04-01,공사비,건설공사비지수(총지수),환경정화시설 / 건설공사비지수,127.53,2020=100,KOSIS
2022-04-01,공사비,건설공사비지수(총지수),비주거용건물 / 건설공사비지수,123.21,2020=100,KOSIS
2022-04-01,공사비,건설공사비지수(총지수),건축보수 / 건설공사비지수,123.0,2020=100,KOSIS
2022-04-01,공사비,건설공사비지수(총지수),산업플랜트 / 건설공사비지수,121.37,2020=100,KOSIS
2022-04-01,공사비,건설공사비지수(총지수),도시토목 / 건설공사비지수,126.67,2020=100,KOSIS
2022-04-01,공사비,건설공사비지수(총지수),일반토목시설건설 / 건설공사비지수,125.4,2020=100,KOSIS
2022-04-01,공사비,건설공사비지수(총지수),하천사방 / 건설공사비지수,121.08,2020=100,KOSIS
2022-04-01,공사비,건설공사비지수(총지수),건설 / 건설공사비지수,123.27,2020=100,KOSIS
2022-04-01,공사비,건설공사비지수(총지수),교통시설건설 / 건설공사비지수,126.15,2020=100,KOSIS
2022-04-01,공사비,건설공사비지수(총지수),건축보수 / 건설공사비지수,123.0,2020=100,KOSIS
2022-04-01,공사비,건설공사비지수(총지수),항만시설 / 건설공사비지수,123.01,2020=100,KOSIS
2022-04-01,공사비,건설공사비지수(총지수),상하수도시설 / 건설공사비지수,124.6,2020=100,KOSIS
2022-04-01,공사비,건설공사비지수(총지수),철도시설 / 건설공사비지수,123.4,2020=100,KOSIS
2022-04-01,공사비,건설공사비지수(총지수),발전소시설 / 건설공사비지수,124.01,2020=100,KOSIS
2022-04-01,공사비,건설공사비지수(총지수),토목건설 / 건설공사비지수,124.78,2020=100,KOSIS
2022-04-01,공사비,건설공사비지수(총지수),기타건설 / 건설공사비지수,125.55,2020=100,KOSIS
2022-05-01,공사비,건설공사비지수(총지수),상하수도시설 / 건설공사비지수,125.1,2020=100,KOSIS
2022-05-01,공사비,건설공사비지수(총지수),농림수산토목 / 건설공사비지수,127.78,2020=100,KOSIS
2022-05-01,공사비,건설공사비지수(총지수),산업시설건설 / 건설공사비지수,123.31,2020=100,KOSIS
2022-05-01,공사비,건설공사비지수(총지수),도시토목 / 건설공사비지수,128.22,2020=100,KOSIS
2022-05-01,공사비,건설공사비지수(총지수),환경정화시설 / 건설공사비지수,128.98,2020=100,KOSIS
2022-05-01,공사비,건설공사비지수(총지수),비주거용건물 / 건설공사비지수,124.72,2020=100,KOSIS
2022-05-01,공사비,건설공사비지수(총지수),기타건설 / 건설공사비지수,126.12,2020=100,KOSIS
2022-05-01,공사비,건설공사비지수(총지수),건물건설 및 건축보수 / 건설공사비지수,124.15,2020=100,KOSIS
2022-05-01,공사비,건설공사비지수(총지수),하천사방 / 건설공사비지수,122.32,2020=100,KOSIS
2022-05-01,공사비,건설공사비지수(총지수),기타건설 / 건설공사비지수,126.12,2020=100,KOSIS
2022-05-01,공사비,건설공사비지수(총지수),발전소시설 / 건설공사비지수,123.61,2020=100,KOSIS
2022-05-01,공사비,건설공사비지수(총지수),건축보수 / 건설공사비지수,124.31,2020=100,KOSIS
2022-05-01,공사비,건설공사비지수(총지수),주거용건물 / 건설공사비지수,123.48,2020=100,KOSIS
2022-05-01,공사비,건설공사비지수(총지수),일반토목시설건설 / 건설공사비지수,126.59,2020=100,KOSIS
2022-05-01,공사비,건설공사비지수(총지수),토목건설 / 건설공사비지수,125.73,2020=100,KOSIS
2022-05-01,공사비,건설공사비지수(총지수),철도시설 / 건설공사비지수,125.26,2020=100,KOSIS
2022-05-01,공사비,건설공사비지수(총지수),주거용건물 / 건설공사비지수,123.48,2020=100,KOSIS
2022-05-01,공사비,건설공사비지수(총지수),항만시설 / 건설공사비지수,124.25,2020=100,KOSIS
2022-05-01,공사비,건설공사비지수(총지수),건축보수 / 건설공사비지수,124.31,2020=100,KOSIS
2022-05-01,공사비,건설공사비지수(총지수),비주거용건물 / 건설공사비지수,124.72,2020=100,KOSIS
2022-05-01,공사비,건설공사비지수(총지수),산업플랜트 / 건설공사비지수,122.17,2020=100,KOSIS
2022-05-01,공사비,건설공사비지수(총지수),교통시설건설 / 건설공사비지수,127.93,2020=100,KOSIS
2022-05-01,공사비,건설공사비지수(총지수),도로시설 / 건설공사비지수,129.35,2020=100,KOSIS
2022-05-01,공사비,건설공사비지수(총지수),건설 / 건설공사비지수,124.6,2020=100,KOSIS
2022-06-01,공사비,건설공사비지수(총지수),비주거용건물 / 건설공사비지수,124.89,2020=100,KOSIS
2022-06-01,공사비,건설공사비지수(총지수),건물건설 및 건축보수 / 건설공사비지수,124.33,2020=100,KOSIS
2022-06-01,공사비,건설공사비지수(총지수),건설 / 건설공사비지수,124.92,2020=100,KOSIS
2022-06-01,공사비,건설공사비지수(총지수),하천사방 / 건설공사비지수,123.18,2020=100,KOSIS
2022-06-01,공사비,건설공사비지수(총지수),산업플랜트 / 건설공사비지수,122.42,2020=100,KOSIS
2022-06-01,공사비,건설공사비지수(총지수),기타건설 / 건설공사비지수,126.29,2020=100,KOSIS
2022-06-01,공사비,건설공사비지수(총지수),도로시설 / 건설공사비지수,130.65,2020=100,KOSIS
2022-06-01,공사비,건설공사비지수(총지수),주거용건물 / 건설공사비지수,123.67,2020=100,KOSIS
2022-06-01,공사비,건설공사비지수(총지수),건축보수 / 건설공사비지수,124.46,2020=100,KOSIS
2022-06-01,공사비,건설공사비지수(총지수),일반토목시설건설 / 건설공사비지수,127.77,2020=100,KOSIS
2022-06-01,공사비,건설공사비지수(총지수),환경정화시설 / 건설공사비지수,128.82,2020=100,KOSIS
2022-06-01,공사비,건설공사비지수(총지수),항만시설 / 건설공사비지수,125.35,2020=100,KOSIS
2022-06-01,공사비,건설공사비지수(총지수),기타건설 / 건설공사비지수,126.29,2020=100,KOSIS
2022-06-01,공사비,건설공사비지수(총지수),비주거용건물 / 건설공사비지수,124.89,2020=100,KOSIS
2022-06-01,공사비,건설공사비지수(총지수),토목건설 / 건설공사비지수,126.39,2020=100,KOSIS
2022-06-01,공사비,건설공사비지수(총지수),철도시설 / 건설공사비지수,125.37,2020=100,KOSIS
2022-06-01,공사비,건설공사비지수(총지수),농림수산토목 / 건설공사비지수,128.58,2020=100,KOSIS
2022-06-01,공사비,건설공사비지수(총지수),산업시설건설 / 건설공사비지수,123.56,2020=100,KOSIS
2022-06-01,공사비,건설공사비지수(총지수),교통시설건설 / 건설공사비지수,128.91,2020=100,KOSIS
2022-06-01,공사비,건설공사비지수(총지수),주거용건물 / 건설공사비지수,123.67,2020=100,KOSIS
2022-06-01,공사비,건설공사비지수(총지수),발전소시설 / 건설공사비지수,123.93,2020=100,KOSIS
2022-06-01,공사비,건설공사비지수(총지수),건축보수 / 건설공사비지수,124.46,2020=100,KOSIS
2022-06-01,공사비,건설공사비지수(총지수),상하수도시설 / 건설공사비지수,125.9,2020=100,KOSIS
2022-06-01,공사비,건설공사비지수(총지수),도시토목 / 건설공사비지수,129.86,2020=100,KOSIS
2022-07-01,공사비,건설공사비지수(총지수),기타건설 / 건설공사비지수,124.92,2020=100,KOSIS
2022-07-01,공사비,건설공사비지수(총지수),상하수도시설 / 건설공사비지수,125.81,2020=100,KOSIS
2022-07-01,공사비,건설공사비지수(총지수),주거용건물 / 건설공사비지수,124.08,2020=100,KOSIS
2022-07-01,공사비,건설공사비지수(총지수),건설 / 건설공사비지수,125.01,2020=100,KOSIS
2022-07-01,공사비,건설공사비지수(총지수),주거용건물 / 건설공사비지수,124.08,2020=100,KOSIS
2022-07-01,공사비,건설공사비지수(총지수),농림수산토목 / 건설공사비지수,128.29,2020=100,KOSIS
2022-07-01,공사비,건설공사비지수(총지수),건축보수 / 건설공사비지수,124.57,2020=100,KOSIS
2022-07-01,공사비,건설공사비지수(총지수),산업시설건설 / 건설공사비지수,122.59,2020=100,KOSIS
2022-07-01,공사비,건설공사비지수(총지수),철도시설 / 건설공사비지수,125.22,2020=100,KOSIS
2022-07-01,공사비,건설공사비지수(총지수),일반토목시설건설 / 건설공사비지수,127.85,2020=100,KOSIS
2022-07-01,공사비,건설공사비지수(총지수),토목건설 / 건설공사비지수,125.98,2020=100,KOSIS
2022-07-01,공사비,건설공사비지수(총지수),도시토목 / 건설공사비지수,130.09,2020=100,KOSIS
2022-07-01,공사비,건설공사비지수(총지수),항만시설 / 건설공사비지수,125.29,2020=100,KOSIS
2022-07-01,공사비,건설공사비지수(총지수),환경정화시설 / 건설공사비지수,128.7,2020=100,KOSIS
2022-07-01,공사비,건설공사비지수(총지수),기타건설 / 건설공사비지수,124.92,2020=100,KOSIS
2022-07-01,공사비,건설공사비지수(총지수),교통시설건설 / 건설공사비지수,129.28,2020=100,KOSIS
2022-07-01,공사비,건설공사비지수(총지수),비주거용건물 / 건설공사비지수,125.13,2020=100,KOSIS
2022-07-01,공사비,건설공사비지수(총지수),발전소시설 / 건설공사비지수,122.01,2020=100,KOSIS
2022-07-01,공사비,건설공사비지수(총지수),건축보수 / 건설공사비지수,124.57,2020=100,KOSIS
2022-07-01,공사비,건설공사비지수(총지수),산업플랜트 / 건설공사비지수,122.26,2020=100,KOSIS
2022-07-01,공사비,건설공사비지수(총지수),하천사방 / 건설공사비지수,123.25,2020=100,KOSIS
2022-07-01,공사비,건설공사비지수(총지수),건물건설 및 건축보수 / 건설공사비지수,124.62,2020=100,KOSIS
2022-07-01,공사비,건설공사비지수(총지수),비주거용건물 / 건설공사비지수,125.13,2020=100,KOSIS
2022-07-01,공사비,건설공사비지수(총지수),도로시설 / 건설공사비지수,131.28,2020=100,KOSIS
2022-08-01,공사비,건설공사비지수(총지수),도로시설 / 건설공사비지수,130.52,2020=100,KOSIS
2022-08-01,공사비,건설공사비지수(총지수),산업시설건설 / 건설공사비지수,122.71,2020=100,KOSIS
2022-08-01,공사비,건설공사비지수(총지수),도시토목 / 건설공사비지수,129.74,2020=100,KOSIS
2022-08-01,공사비,건설공사비지수(총지수),철도시설 / 건설공사비지수,123.68,2020=100,KOSIS
2022-08-01,공사비,건설공사비지수(총지수),기타건설 / 건설공사비지수,124.68,2020=100,KOSIS
2022-08-01,공사비,건설공사비지수(총지수),건물건설 및 건축보수 / 건설공사비지수,123.82,2020=100,KOSIS
2022-08-01,공사비,건설공사비지수(총지수),비주거용건물 / 건설공사비지수,124.35,2020=100,KOSIS
2022-08-01,공사비,건설공사비지수(총지수),토목건설 / 건설공사비지수,125.63,2020=100,KOSIS
2022-08-01,공사비,건설공사비지수(총지수),건축보수 / 건설공사비지수,124.27,2020=100,KOSIS
2022-08-01,공사비,건설공사비지수(총지수),항만시설 / 건설공사비지수,124.29,2020=100,KOSIS
2022-08-01,공사비,건설공사비지수(총지수),환경정화시설 / 건설공사비지수,127.71,2020=100,KOSIS
2022-08-01,공사비,건설공사비지수(총지수),일반토목시설건설 / 건설공사비지수,127.49,2020=100,KOSIS
2022-08-01,공사비,건설공사비지수(총지수),발전소시설 / 건설공사비지수,122.62,2020=100,KOSIS
2022-08-01,공사비,건설공사비지수(총지수),건축보수 / 건설공사비지수,124.27,2020=100,KOSIS
2022-08-01,공사비,건설공사비지수(총지수),건설 / 건설공사비지수,124.34,2020=100,KOSIS
2022-08-01,공사비,건설공사비지수(총지수),상하수도시설 / 건설공사비지수,125.83,2020=100,KOSIS
2022-08-01,공사비,건설공사비지수(총지수),하천사방 / 건설공사비지수,122.43,2020=100,KOSIS
2022-08-01,공사비,건설공사비지수(총지수),주거용건물 / 건설공사비지수,123.14,2020=100,KOSIS
2022-08-01,공사비,건설공사비지수(총지수),산업플랜트 / 건설공사비지수,122.06,2020=100,KOSIS
2022-08-01,공사비,건설공사비지수(총지수),교통시설건설 / 건설공사비지수,128.31,2020=100,KOSIS
2022-08-01,공사비,건설공사비지수(총지수),주거용건물 / 건설공사비지수,123.14,2020=100,KOSIS
2022-08-01,공사비,건설공사비지수(총지수),기타건설 / 건설공사비지수,124.68,2020=100,KOSIS
2022-08-01,공사비,건설공사비지수(총지수),농림수산토목 / 건설공사비지수,127.25,2020=100,KOSIS
2022-08-01,공사비,건설공사비지수(총지수),비주거용건물 / 건설공사비지수,124.35,2020=100,KOSIS
2022-09-01,공사비,건설공사비지수(총지수),철도시설 / 건설공사비지수,124.94,2020=100,KOSIS
2022-09-01,공사비,건설공사비지수(총지수),비주거용건물 / 건설공사비지수,125.32,2020=100,KOSIS
2022-09-01,공사비,건설공사비지수(총지수),기타건설 / 건설공사비지수,126.47,2020=100,KOSIS
2022-09-01,공사비,건설공사비지수(총지수),도로시설 / 건설공사비지수,131.63,2020=100,KOSIS
2022-09-01,공사비,건설공사비지수(총지수),산업플랜트 / 건설공사비지수,123.62,2020=100,KOSIS
2022-09-01,공사비,건설공사비지수(총지수),도시토목 / 건설공사비지수,131.04,2020=100,KOSIS
2022-09-01,공사비,건설공사비지수(총지수),산업시설건설 / 건설공사비지수,124.54,2020=100,KOSIS
2022-09-01,공사비,건설공사비지수(총지수),비주거용건물 / 건설공사비지수,125.32,2020=100,KOSIS
2022-09-01,공사비,건설공사비지수(총지수),농림수산토목 / 건설공사비지수,128.62,2020=100,KOSIS
2022-09-01,공사비,건설공사비지수(총지수),주거용건물 / 건설공사비지수,124.21,2020=100,KOSIS
2022-09-01,공사비,건설공사비지수(총지수),발전소시설 / 건설공사비지수,124.83,2020=100,KOSIS
2022-09-01,공사비,건설공사비지수(총지수),항만시설 / 건설공사비지수,126.07,2020=100,KOSIS
2022-09-01,공사비,건설공사비지수(총지수),교통시설건설 / 건설공사비지수,129.51,2020=100,KOSIS
2022-09-01,공사비,건설공사비지수(총지수),토목건설 / 건설공사비지수,127.23,2020=100,KOSIS
2022-09-01,공사비,건설공사비지수(총지수),건물건설 및 건축보수 / 건설공사비지수,124.84,2020=100,KOSIS
2022-09-01,공사비,건설공사비지수(총지수),하천사방 / 건설공사비지수,123.93,2020=100,KOSIS
2022-09-01,공사비,건설공사비지수(총지수),건축보수 / 건설공사비지수,125.26,2020=100,KOSIS
2022-09-01,공사비,건설공사비지수(총지수),기타건설 / 건설공사비지수,126.47,2020=100,KOSIS
2022-09-01,공사비,건설공사비지수(총지수),환경정화시설 / 건설공사비지수,128.84,2020=100,KOSIS
2022-09-01,공사비,건설공사비지수(총지수),상하수도시설 / 건설공사비지수,128.05,2020=100,KOSIS
2022-09-01,공사비,건설공사비지수(총지수),일반토목시설건설 / 건설공사비지수,129.12,2020=100,KOSIS
2022-09-01,공사비,건설공사비지수(총지수),건설 / 건설공사비지수,125.52,2020=100,KOSIS
2022-09-01,공사비,건설공사비지수(총지수),주거용건물 / 건설공사비지수,124.21,2020=100,KOSIS
2022-09-01,공사비,건설공사비지수(총지수),건축보수 / 건설공사비지수,125.26,2020=100,KOSIS
2022-10-01,공사비,건설공사비지수(총지수),도로시설 / 건설공사비지수,131.94,2020=100,KOSIS
2022-10-01,공사비,건설공사비지수(총지수),산업플랜트 / 건설공사비지수,123.83,2020=100,KOSIS
2022-10-01,공사비,건설공사비지수(총지수),하천사방 / 건설공사비지수,124.38,2020=100,KOSIS
2022-10-01,공사비,건설공사비지수(총지수),농림수산토목 / 건설공사비지수,129.68,2020=100,KOSIS
2022-10-01,공사비,건설공사비지수(총지수),주거용건물 / 건설공사비지수,124.24,2020=100,KOSIS
2022-10-01,공사비,건설공사비지수(총지수),일반토목시설건설 / 건설공사비지수,129.64,2020=100,KOSIS
2022-10-01,공사비,건설공사비지수(총지수),발전소시설 / 건설공사비지수,125.3,2020=100,KOSIS
2022-10-01,공사비,건설공사비지수(총지수),산업시설건설 / 건설공사비지수,124.88,2020=100,KOSIS
2022-10-01,공사비,건설공사비지수(총지수),건축보수 / 건설공사비지수,124.96,2020=100,KOSIS
2022-10-01,공사비,건설공사비지수(총지수),도시토목 / 건설공사비지수,131.32,2020=100,KOSIS
2022-10-01,공사비,건설공사비지수(총지수),건축보수 / 건설공사비지수,124.96,2020=100,KOSIS
2022-10-01,공사비,건설공사비지수(총지수),주거용건물 / 건설공사비지수,124.24,2020=100,KOSIS
2022-10-01,공사비,건설공사비지수(총지수),상하수도시설 / 건설공사비지수,128.79,2020=100,KOSIS
2022-10-01,공사비,건설공사비지수(총지수),기타건설 / 건설공사비지수,126.84,2020=100,KOSIS
2022-10-01,공사비,건설공사비지수(총지수),철도시설 / 건설공사비지수,125.06,2020=100,KOSIS
2022-10-01,공사비,건설공사비지수(총지수),건물건설 및 건축보수 / 건설공사비지수,124.81,2020=100,KOSIS
2022-10-01,공사비,건설공사비지수(총지수),환경정화시설 / 건설공사비지수,129.15,2020=100,KOSIS
2022-10-01,공사비,건설공사비지수(총지수),비주거용건물 / 건설공사비지수,125.3,2020=100,KOSIS
2022-10-01,공사비,건설공사비지수(총지수),항만시설 / 건설공사비지수,126.82,2020=100,KOSIS
2022-10-01,공사비,건설공사비지수(총지수),기타건설 / 건설공사비지수,126.84,2020=100,KOSIS
2022-10-01,공사비,건설공사비지수(총지수),토목건설 / 건설공사비지수,127.6,2020=100,KOSIS
2022-10-01,공사비,건설공사비지수(총지수),교통시설건설 / 건설공사비지수,129.79,2020=100,KOSIS
2022-10-01,공사비,건설공사비지수(총지수),비주거용건물 / 건설공사비지수,125.3,2020=100,KOSIS
2022-10-01,공사비,건설공사비지수(총지수),건설 / 건설공사비지수,125.6,2020=100,KOSIS
2022-11-01,공사비,건설공사비지수(총지수),상하수도시설 / 건설공사비지수,127.92,2020=100,KOSIS
2022-11-01,공사비,건설공사비지수(총지수),농림수산토목 / 건설공사비지수,129.52,2020=100,KOSIS
2022-11-01,공사비,건설공사비지수(총지수),환경정화시설 / 건설공사비지수,129.06,2020=100,KOSIS
2022-11-01,공사비,건설공사비지수(총지수),주거용건물 / 건설공사비지수,124.44,2020=100,KOSIS
2022-11-01,공사비,건설공사비지수(총지수),기타건설 / 건설공사비지수,126.76,2020=100,KOSIS
2022-11-01,공사비,건설공사비지수(총지수),건축보수 / 건설공사비지수,124.84,2020=100,KOSIS
2022-11-01,공사비,건설공사비지수(총지수),비주거용건물 / 건설공사비지수,125.4,2020=100,KOSIS
2022-11-01,공사비,건설공사비지수(총지수),도로시설 / 건설공사비지수,132.14,2020=100,KOSIS
2022-11-01,공사비,건설공사비지수(총지수),산업플랜트 / 건설공사비지수,123.66,2020=100,KOSIS
2022-11-01,공사비,건설공사비지수(총지수),항만시설 / 건설공사비지수,127.04,2020=100,KOSIS
2022-11-01,공사비,건설공사비지수(총지수),비주거용건물 / 건설공사비지수,125.4,2020=100,KOSIS
2022-11-01,공사비,건설공사비지수(총지수),주거용건물 / 건설공사비지수,124.44,2020=100,KOSIS
2022-11-01,공사비,건설공사비지수(총지수),철도시설 / 건설공사비지수,125.32,2020=100,KOSIS
2022-11-01,공사비,건설공사비지수(총지수),도시토목 / 건설공사비지수,131.34,2020=100,KOSIS
2022-11-01,공사비,건설공사비지수(총지수),토목건설 / 건설공사비지수,127.62,2020=100,KOSIS
2022-11-01,공사비,건설공사비지수(총지수),기타건설 / 건설공사비지수,126.76,2020=100,KOSIS
2022-11-01,공사비,건설공사비지수(총지수),교통시설건설 / 건설공사비지수,130.02,2020=100,KOSIS
2022-11-01,공사비,건설공사비지수(총지수),일반토목시설건설 / 건설공사비지수,129.42,2020=100,KOSIS
2022-11-01,공사비,건설공사비지수(총지수),건축보수 / 건설공사비지수,124.84,2020=100,KOSIS
2022-11-01,공사비,건설공사비지수(총지수),건설 / 건설공사비지수,125.7,2020=100,KOSIS
2022-11-01,공사비,건설공사비지수(총지수),산업시설건설 / 건설공사비지수,124.92,2020=100,KOSIS
2022-11-01,공사비,건설공사비지수(총지수),건물건설 및 건축보수 / 건설공사비지수,124.93,2020=100,KOSIS
2022-11-01,공사비,건설공사비지수(총지수),하천사방 / 건설공사비지수,124.82,2020=100,KOSIS
2022-11-01,공사비,건설공사비지수(총지수),발전소시설 / 건설공사비지수,125.59,2020=100,KOSIS
2022-12-01,공사비,건설공사비지수(총지수),교통시설건설 / 건설공사비지수,129.1,2020=100,KOSIS
2022-12-01,공사비,건설공사비지수(총지수),산업플랜트 / 건설공사비지수,123.37,2020=100,KOSIS
2022-12-01,공사비,건설공사비지수(총지수),발전소시설 / 건설공사비지수,125.66,2020=100,KOSIS
2022-12-01,공사비,건설공사비지수(총지수),상하수도시설 / 건설공사비지수,126.89,2020=100,KOSIS
2022-12-01,공사비,건설공사비지수(총지수),건물건설 및 건축보수 / 건설공사비지수,124.69,2020=100,KOSIS
2022-12-01,공사비,건설공사비지수(총지수),하천사방 / 건설공사비지수,124.08,2020=100,KOSIS
2022-12-01,공사비,건설공사비지수(총지수),주거용건물 / 건설공사비지수,124.23,2020=100,KOSIS
2022-12-01,공사비,건설공사비지수(총지수),비주거용건물 / 건설공사비지수,125.12,2020=100,KOSIS
2022-12-01,공사비,건설공사비지수(총지수),건축보수 / 건설공사비지수,124.61,2020=100,KOSIS
2022-12-01,공사비,건설공사비지수(총지수),도로시설 / 건설공사비지수,131.09,2020=100,KOSIS
2022-12-01,공사비,건설공사비지수(총지수),농림수산토목 / 건설공사비지수,128.31,2020=100,KOSIS
2022-12-01,공사비,건설공사비지수(총지수),철도시설 / 건설공사비지수,124.84,2020=100,KOSIS
2022-12-01,공사비,건설공사비지수(총지수),일반토목시설건설 / 건설공사비지수,128.15,2020=100,KOSIS
2022-12-01,공사비,건설공사비지수(총지수),건축보수 / 건설공사비지수,124.61,2020=100,KOSIS
2022-12-01,공사비,건설공사비지수(총지수),산업시설건설 / 건설공사비지수,124.78,2020=100,KOSIS
2022-12-01,공사비,건설공사비지수(총지수),기타건설 / 건설공사비지수,126.16,2020=100,KOSIS
2022-12-01,공사비,건설공사비지수(총지수),토목건설 / 건설공사비지수,126.95,2020=100,KOSIS
2022-12-01,공사비,건설공사비지수(총지수),건설 / 건설공사비지수,125.33,2020=100,KOSIS
2022-12-01,공사비,건설공사비지수(총지수),도시토목 / 건설공사비지수,129.77,2020=100,KOSIS
2022-12-01,공사비,건설공사비지수(총지수),비주거용건물 / 건설공사비지수,125.12,2020=100,KOSIS
2022-12-01,공사비,건설공사비지수(총지수),항만시설 / 건설공사비지수,125.93,2020=100,KOSIS
2022-12-01,공사비,건설공사비지수(총지수),환경정화시설 / 건설공사비지수,128.49,2020=100,KOSIS
2022-12-01,공사비,건설공사비지수(총지수),주거용건물 / 건설공사비지수,124.23,2020=100,KOSIS
2022-12-01,공사비,건설공사비지수(총지수),기타건설 / 건설공사비지수,126.16,2020=100,KOSIS
2023-01-01,공사비,건설공사비지수(총지수),하천사방 / 건설공사비지수,125.79,2020=100,KOSIS
2023-01-01,공사비,건설공사비지수(총지수),상하수도시설 / 건설공사비지수,128.46,2020=100,KOSIS
2023-01-01,공사비,건설공사비지수(총지수),교통시설건설 / 건설공사비지수,130.55,2020=100,KOSIS
2023-01-01,공사비,건설공사비지수(총지수),기타건설 / 건설공사비지수,128.42,2020=100,KOSIS
2023-01-01,공사비,건설공사비지수(총지수),기타건설 / 건설공사비지수,128.42,2020=100,KOSIS
2023-01-01,공사비,건설공사비지수(총지수),항만시설 / 건설공사비지수,127.65,2020=100,KOSIS
2023-01-01,공사비,건설공사비지수(총지수),건축보수 / 건설공사비지수,126.31,2020=100,KOSIS
2023-01-01,공사비,건설공사비지수(총지수),비주거용건물 / 건설공사비지수,126.83,2020=100,KOSIS
2023-01-01,공사비,건설공사비지수(총지수),산업플랜트 / 건설공사비지수,125.51,2020=100,KOSIS
2023-01-01,공사비,건설공사비지수(총지수),토목건설 / 건설공사비지수,128.83,2020=100,KOSIS
2023-01-01,공사비,건설공사비지수(총지수),철도시설 / 건설공사비지수,126.6,2020=100,KOSIS
2023-01-01,공사비,건설공사비지수(총지수),주거용건물 / 건설공사비지수,125.98,2020=100,KOSIS
2023-01-01,공사비,건설공사비지수(총지수),주거용건물 / 건설공사비지수,125.98,2020=100,KOSIS
2023-01-01,공사비,건설공사비지수(총지수),도시토목 / 건설공사비지수,131.29,2020=100,KOSIS
2023-01-01,공사비,건설공사비지수(총지수),도로시설 / 건설공사비지수,132.38,2020=100,KOSIS
2023-01-01,공사비,건설공사비지수(총지수),건축보수 / 건설공사비지수,126.31,2020=100,KOSIS
2023-01-01,공사비,건설공사비지수(총지수),비주거용건물 / 건설공사비지수,126.83,2020=100,KOSIS
2023-01-01,공사비,건설공사비지수(총지수),발전소시설 / 건설공사비지수,128.07,2020=100,KOSIS
2023-01-01,공사비,건설공사비지수(총지수),환경정화시설 / 건설공사비지수,130.24,2020=100,KOSIS
2023-01-01,공사비,건설공사비지수(총지수),산업시설건설 / 건설공사비지수,127.02,2020=100,KOSIS
2023-01-01,공사비,건설공사비지수(총지수),건설 / 건설공사비지수,127.1,2020=100,KOSIS
2023-01-01,공사비,건설공사비지수(총지수),일반토목시설건설 / 건설공사비지수,129.78,2020=100,KOSIS
2023-01-01,공사비,건설공사비지수(총지수),농림수산토목 / 건설공사비지수,130.37,2020=100,KOSIS
2023-01-01,공사비,건설공사비지수(총지수),건물건설 및 건축보수 / 건설공사비지수,126.42,2020=100,KOSIS
2023-02-01,공사비,건설공사비지수(총지수),도시토목 / 건설공사비지수,131.17,2020=100,KOSIS
2023-02-01,공사비,건설공사비지수(총지수),토목건설 / 건설공사비지수,128.91,2020=100,KOSIS
2023-02-01,공사비,건설공사비지수(총지수),건축보수 / 건설공사비지수,126.2,2020=100,KOSIS
2023-02-01,공사비,건설공사비지수(총지수),기타건설 / 건설공사비지수,128.49,2020=100,KOSIS
2023-02-01,공사비,건설공사비지수(총지수),교통시설건설 / 건설공사비지수,130.56,2020=100,KOSIS
2023-02-01,공사비,건설공사비지수(총지수),비주거용건물 / 건설공사비지수,126.9,2020=100,KOSIS
2023-02-01,공사비,건설공사비지수(총지수),건축보수 / 건설공사비지수,126.2,2020=100,KOSIS
2023-02-01,공사비,건설공사비지수(총지수),산업플랜트 / 건설공사비지수,125.66,2020=100,KOSIS
2023-02-01,공사비,건설공사비지수(총지수),주거용건물 / 건설공사비지수,126.05,2020=100,KOSIS
2023-02-01,공사비,건설공사비지수(총지수),건설 / 건설공사비지수,127.16,2020=100,KOSIS
2023-02-01,공사비,건설공사비지수(총지수),항만시설 / 건설공사비지수,127.54,2020=100,KOSIS
2023-02-01,공사비,건설공사비지수(총지수),환경정화시설 / 건설공사비지수,130.46,2020=100,KOSIS
2023-02-01,공사비,건설공사비지수(총지수),주거용건물 / 건설공사비지수,126.05,2020=100,KOSIS
2023-02-01,공사비,건설공사비지수(총지수),건물건설 및 건축보수 / 건설공사비지수,126.46,2020=100,KOSIS
2023-02-01,공사비,건설공사비지수(총지수),농림수산토목 / 건설공사비지수,130.14,2020=100,KOSIS
2023-02-01,공사비,건설공사비지수(총지수),일반토목시설건설 / 건설공사비지수,129.7,2020=100,KOSIS
2023-02-01,공사비,건설공사비지수(총지수),상하수도시설 / 건설공사비지수,128.52,2020=100,KOSIS
2023-02-01,공사비,건설공사비지수(총지수),도로시설 / 건설공사비지수,132.38,2020=100,KOSIS
2023-02-01,공사비,건설공사비지수(총지수),비주거용건물 / 건설공사비지수,126.9,2020=100,KOSIS
2023-02-01,공사비,건설공사비지수(총지수),기타건설 / 건설공사비지수,128.49,2020=100,KOSIS
2023-02-01,공사비,건설공사비지수(총지수),철도시설 / 건설공사비지수,126.67,2020=100,KOSIS
2023-02-01,공사비,건설공사비지수(총지수),산업시설건설 / 건설공사비지수,127.25,2020=100,KOSIS
2023-02-01,공사비,건설공사비지수(총지수),발전소시설 / 건설공사비지수,128.38,2020=100,KOSIS
2023-02-01,공사비,건설공사비지수(총지수),하천사방 / 건설공사비지수,125.67,2020=100,KOSIS
2023-03-01,공사비,건설공사비지수(총지수),비주거용건물 / 건설공사비지수,127.09,2020=100,KOSIS
2023-03-01,공사비,건설공사비지수(총지수),환경정화시설 / 건설공사비지수,130.46,2020=100,KOSIS
2023-03-01,공사비,건설공사비지수(총지수),산업시설건설 / 건설공사비지수,127.44,2020=100,KOSIS
2023-03-01,공사비,건설공사비지수(총지수),항만시설 / 건설공사비지수,127.65,2020=100,KOSIS
2023-03-01,공사비,건설공사비지수(총지수),기타건설 / 건설공사비지수,128.57,2020=100,KOSIS
2023-03-01,공사비,건설공사비지수(총지수),일반토목시설건설 / 건설공사비지수,129.76,2020=100,KOSIS
2023-03-01,공사비,건설공사비지수(총지수),철도시설 / 건설공사비지수,126.95,2020=100,KOSIS
2023-03-01,공사비,건설공사비지수(총지수),주거용건물 / 건설공사비지수,126.28,2020=100,KOSIS
2023-03-01,공사비,건설공사비지수(총지수),건물건설 및 건축보수 / 건설공사비지수,126.65,2020=100,KOSIS
2023-03-01,공사비,건설공사비지수(총지수),상하수도시설 / 건설공사비지수,128.61,2020=100,KOSIS
2023-03-01,공사비,건설공사비지수(총지수),하천사방 / 건설공사비지수,125.8,2020=100,KOSIS
2023-03-01,공사비,건설공사비지수(총지수),건축보수 / 건설공사비지수,126.17,2020=100,KOSIS
2023-03-01,공사비,건설공사비지수(총지수),기타건설 / 건설공사비지수,128.57,2020=100,KOSIS
2023-03-01,공사비,건설공사비지수(총지수),발전소시설 / 건설공사비지수,128.68,2020=100,KOSIS
2023-03-01,공사비,건설공사비지수(총지수),도시토목 / 건설공사비지수,131.21,2020=100,KOSIS
2023-03-01,공사비,건설공사비지수(총지수),건축보수 / 건설공사비지수,126.17,2020=100,KOSIS
2023-03-01,공사비,건설공사비지수(총지수),토목건설 / 건설공사비지수,129.09,2020=100,KOSIS
2023-03-01,공사비,건설공사비지수(총지수),도로시설 / 건설공사비지수,132.73,2020=100,KOSIS
2023-03-01,공사비,건설공사비지수(총지수),산업플랜트 / 건설공사비지수,125.78,2020=100,KOSIS
2023-03-01,공사비,건설공사비지수(총지수),주거용건물 / 건설공사비지수,126.28,2020=100,KOSIS
2023-03-01,공사비,건설공사비지수(총지수),농림수산토목 / 건설공사비지수,129.99,2020=100,KOSIS
2023-03-01,공사비,건설공사비지수(총지수),교통시설건설 / 건설공사비지수,130.87,2020=100,KOSIS
2023-03-01,공사비,건설공사비지수(총지수),건설 / 건설공사비지수,127.34,2020=100,KOSIS
2023-03-01,공사비,건설공사비지수(총지수),비주거용건물 / 건설공사비지수,127.09,2020=100,KOSIS
2023-04-01,공사비,건설공사비지수(총지수),기타건설 / 건설공사비지수,128.83,2020=100,KOSIS
2023-04-01,공사비,건설공사비지수(총지수),도시토목 / 건설공사비지수,130.91,2020=100,KOSIS
2023-04-01,공사비,건설공사비지수(총지수),주거용건물 / 건설공사비지수,126.4,2020=100,KOSIS
2023-04-01,공사비,건설공사비지수(총지수),일반토목시설건설 / 건설공사비지수,129.61,2020=100,KOSIS
2023-04-01,공사비,건설공사비지수(총지수),주거용건물 / 건설공사비지수,126.4,2020=100,KOSIS
2023-04-01,공사비,건설공사비지수(총지수),발전소시설 / 건설공사비지수,129.07,2020=100,KOSIS
2023-04-01,공사비,건설공사비지수(총지수),토목건설 / 건설공사비지수,129.18,2020=100,KOSIS
2023-04-01,공사비,건설공사비지수(총지수),산업플랜트 / 건설공사비지수,125.89,2020=100,KOSIS
2023-04-01,공사비,건설공사비지수(총지수),건물건설 및 건축보수 / 건설공사비지수,126.76,2020=100,KOSIS
2023-04-01,공사비,건설공사비지수(총지수),상하수도시설 / 건설공사비지수,128.6,2020=100,KOSIS
2023-04-01,공사비,건설공사비지수(총지수),건설 / 건설공사비지수,127.45,2020=100,KOSIS
2023-04-01,공사비,건설공사비지수(총지수),교통시설건설 / 건설공사비지수,130.89,2020=100,KOSIS
2023-04-01,공사비,건설공사비지수(총지수),하천사방 / 건설공사비지수,125.75,2020=100,KOSIS
2023-04-01,공사비,건설공사비지수(총지수),건축보수 / 건설공사비지수,126.13,2020=100,KOSIS
2023-04-01,공사비,건설공사비지수(총지수),기타건설 / 건설공사비지수,128.83,2020=100,KOSIS
2023-04-01,공사비,건설공사비지수(총지수),건축보수 / 건설공사비지수,126.13,2020=100,KOSIS
2023-04-01,공사비,건설공사비지수(총지수),비주거용건물 / 건설공사비지수,127.24,2020=100,KOSIS
2023-04-01,공사비,건설공사비지수(총지수),도로시설 / 건설공사비지수,132.69,2020=100,KOSIS
2023-04-01,공사비,건설공사비지수(총지수),산업시설건설 / 건설공사비지수,127.68,2020=100,KOSIS
2023-04-01,공사비,건설공사비지수(총지수),환경정화시설 / 건설공사비지수,130.61,2020=100,KOSIS
2023-04-01,공사비,건설공사비지수(총지수),농림수산토목 / 건설공사비지수,130.09,2020=100,KOSIS
2023-04-01,공사비,건설공사비지수(총지수),비주거용건물 / 건설공사비지수,127.24,2020=100,KOSIS
2023-04-01,공사비,건설공사비지수(총지수),항만시설 / 건설공사비지수,127.68,2020=100,KOSIS
2023-04-01,공사비,건설공사비지수(총지수),철도시설 / 건설공사비지수,127.09,2020=100,KOSIS
2023-05-01,공사비,건설공사비지수(총지수),철도시설 / 건설공사비지수,126.98,2020=100,KOSIS
2023-05-01,공사비,건설공사비지수(총지수),발전소시설 / 건설공사비지수,128.41,2020=100,KOSIS
2023-05-01,공사비,건설공사비지수(총지수),도시토목 / 건설공사비지수,130.47,2020=100,KOSIS
2023-05-01,공사비,건설공사비지수(총지수),건축보수 / 건설공사비지수,126.1,2020=100,KOSIS
2023-05-01,공사비,건설공사비지수(총지수),기타건설 / 건설공사비지수,128.23,2020=100,KOSIS
2023-05-01,공사비,건설공사비지수(총지수),도로시설 / 건설공사비지수,132.59,2020=100,KOSIS
2023-05-01,공사비,건설공사비지수(총지수),기타건설 / 건설공사비지수,128.23,2020=100,KOSIS
2023-05-01,공사비,건설공사비지수(총지수),비주거용건물 / 건설공사비지수,127.27,2020=100,KOSIS
2023-05-01,공사비,건설공사비지수(총지수),하천사방 / 건설공사비지수,125.49,2020=100,KOSIS
2023-05-01,공사비,건설공사비지수(총지수),교통시설건설 / 건설공사비지수,130.75,2020=100,KOSIS
2023-05-01,공사비,건설공사비지수(총지수),산업시설건설 / 건설공사비지수,127.35,2020=100,KOSIS
2023-05-01,공사비,건설공사비지수(총지수),항만시설 / 건설공사비지수,127.15,2020=100,KOSIS
2023-05-01,공사비,건설공사비지수(총지수),환경정화시설 / 건설공사비지수,130.44,2020=100,KOSIS
2023-05-01,공사비,건설공사비지수(총지수),토목건설 / 건설공사비지수,128.84,2020=100,KOSIS
2023-05-01,공사비,건설공사비지수(총지수),주거용건물 / 건설공사비지수,126.49,2020=100,KOSIS
2023-05-01,공사비,건설공사비지수(총지수),비주거용건물 / 건설공사비지수,127.27,2020=100,KOSIS
2023-05-01,공사비,건설공사비지수(총지수),상하수도시설 / 건설공사비지수,128.04,2020=100,KOSIS
2023-05-01,공사비,건설공사비지수(총지수),주거용건물 / 건설공사비지수,126.49,2020=100,KOSIS
2023-05-01,공사비,건설공사비지수(총지수),산업플랜트 / 건설공사비지수,125.85,2020=100,KOSIS
2023-05-01,공사비,건설공사비지수(총지수),건설 / 건설공사비지수,127.39,2020=100,KOSIS
2023-05-01,공사비,건설공사비지수(총지수),건물건설 및 건축보수 / 건설공사비지수,126.81,2020=100,KOSIS
2023-05-01,공사비,건설공사비지수(총지수),건축보수 / 건설공사비지수,126.1,2020=100,KOSIS
2023-05-01,공사비,건설공사비지수(총지수),일반토목시설건설 / 건설공사비지수,129.15,2020=100,KOSIS
2023-05-01,공사비,건설공사비지수(총지수),농림수산토목 / 건설공사비지수,129.62,2020=100,KOSIS
2023-06-01,공사비,건설공사비지수(총지수),주거용건물 / 건설공사비지수,126.51,2020=100,KOSIS
2023-06-01,공사비,건설공사비지수(총지수),비주거용건물 / 건설공사비지수,127.36,2020=100,KOSIS
2023-06-01,공사비,건설공사비지수(총지수),환경정화시설 / 건설공사비지수,130.34,2020=100,KOSIS
2023-06-01,공사비,건설공사비지수(총지수),기타건설 / 건설공사비지수,128.22,2020=100,KOSIS
2023-06-01,공사비,건설공사비지수(총지수),비주거용건물 / 건설공사비지수,127.36,2020=100,KOSIS
2023-06-01,공사비,건설공사비지수(총지수),주거용건물 / 건설공사비지수,126.51,2020=100,KOSIS
2023-06-01,공사비,건설공사비지수(총지수),산업시설건설 / 건설공사비지수,127.34,2020=100,KOSIS
2023-06-01,공사비,건설공사비지수(총지수),기타건설 / 건설공사비지수,128.22,2020=100,KOSIS
2023-06-01,공사비,건설공사비지수(총지수),건물건설 및 건축보수 / 건설공사비지수,126.87,2020=100,KOSIS
2023-06-01,공사비,건설공사비지수(총지수),건축보수 / 건설공사비지수,126.16,2020=100,KOSIS
2023-06-01,공사비,건설공사비지수(총지수),도로시설 / 건설공사비지수,132.55,2020=100,KOSIS
2023-06-01,공사비,건설공사비지수(총지수),항만시설 / 건설공사비지수,127.0,2020=100,KOSIS
2023-06-01,공사비,건설공사비지수(총지수),교통시설건설 / 건설공사비지수,130.7,2020=100,KOSIS
2023-06-01,공사비,건설공사비지수(총지수),철도시설 / 건설공사비지수,126.94,2020=100,KOSIS
2023-06-01,공사비,건설공사비지수(총지수),산업플랜트 / 건설공사비지수,125.68,2020=100,KOSIS
2023-06-01,공사비,건설공사비지수(총지수),발전소시설 / 건설공사비지수,128.58,2020=100,KOSIS
2023-06-01,공사비,건설공사비지수(총지수),하천사방 / 건설공사비지수,125.19,2020=100,KOSIS
2023-06-01,공사비,건설공사비지수(총지수),건축보수 / 건설공사비지수,126.16,2020=100,KOSIS
2023-06-01,공사비,건설공사비지수(총지수),도시토목 / 건설공사비지수,130.39,2020=100,KOSIS
2023-06-01,공사비,건설공사비지수(총지수),농림수산토목 / 건설공사비지수,129.55,2020=100,KOSIS
2023-06-01,공사비,건설공사비지수(총지수),상하수도시설 / 건설공사비지수,127.99,2020=100,KOSIS
2023-06-01,공사비,건설공사비지수(총지수),일반토목시설건설 / 건설공사비지수,129.05,2020=100,KOSIS
2023-06-01,공사비,건설공사비지수(총지수),건설 / 건설공사비지수,127.42,2020=100,KOSIS
2023-06-01,공사비,건설공사비지수(총지수),토목건설 / 건설공사비지수,128.8,2020=100,KOSIS
2023-07-01,공사비,건설공사비지수(총지수),상하수도시설 / 건설공사비지수,128.09,2020=100,KOSIS
2023-07-01,공사비,건설공사비지수(총지수),환경정화시설 / 건설공사비지수,130.12,2020=100,KOSIS
2023-07-01,공사비,건설공사비지수(총지수),건물건설 및 건축보수 / 건설공사비지수,126.7,2020=100,KOSIS
2023-07-01,공사비,건설공사비지수(총지수),기타건설 / 건설공사비지수,128.28,2020=100,KOSIS
2023-07-01,공사비,건설공사비지수(총지수),비주거용건물 / 건설공사비지수,127.19,2020=100,KOSIS
2023-07-01,공사비,건설공사비지수(총지수),토목건설 / 건설공사비지수,128.89,2020=100,KOSIS
2023-07-01,공사비,건설공사비지수(총지수),교통시설건설 / 건설공사비지수,130.85,2020=100,KOSIS
2023-07-01,공사비,건설공사비지수(총지수),도로시설 / 건설공사비지수,132.87,2020=100,KOSIS
2023-07-01,공사비,건설공사비지수(총지수),비주거용건물 / 건설공사비지수,127.19,2020=100,KOSIS
2023-07-01,공사비,건설공사비지수(총지수),항만시설 / 건설공사비지수,127.23,2020=100,KOSIS
2023-07-01,공사비,건설공사비지수(총지수),발전소시설 / 건설공사비지수,128.73,2020=100,KOSIS
2023-07-01,공사비,건설공사비지수(총지수),농림수산토목 / 건설공사비지수,129.69,2020=100,KOSIS
2023-07-01,공사비,건설공사비지수(총지수),건축보수 / 건설공사비지수,126.0,2020=100,KOSIS
2023-07-01,공사비,건설공사비지수(총지수),기타건설 / 건설공사비지수,128.28,2020=100,KOSIS
2023-07-01,공사비,건설공사비지수(총지수),주거용건물 / 건설공사비지수,126.34,2020=100,KOSIS
2023-07-01,공사비,건설공사비지수(총지수),산업플랜트 / 건설공사비지수,125.45,2020=100,KOSIS
2023-07-01,공사비,건설공사비지수(총지수),산업시설건설 / 건설공사비지수,127.29,2020=100,KOSIS
2023-07-01,공사비,건설공사비지수(총지수),주거용건물 / 건설공사비지수,126.34,2020=100,KOSIS
2023-07-01,공사비,건설공사비지수(총지수),철도시설 / 건설공사비지수,126.63,2020=100,KOSIS
2023-07-01,공사비,건설공사비지수(총지수),일반토목시설건설 / 건설공사비지수,129.32,2020=100,KOSIS
2023-07-01,공사비,건설공사비지수(총지수),건축보수 / 건설공사비지수,126.0,2020=100,KOSIS
2023-07-01,공사비,건설공사비지수(총지수),건설 / 건설공사비지수,127.33,2020=100,KOSIS
2023-07-01,공사비,건설공사비지수(총지수),하천사방 / 건설공사비지수,125.25,2020=100,KOSIS
2023-07-01,공사비,건설공사비지수(총지수),도시토목 / 건설공사비지수,130.83,2020=100,KOSIS
2023-08-01,공사비,건설공사비지수(총지수),주거용건물 / 건설공사비지수,126.33,2020=100,KOSIS
2023-08-01,공사비,건설공사비지수(총지수),교통시설건설 / 건설공사비지수,131.37,2020=100,KOSIS
2023-08-01,공사비,건설공사비지수(총지수),철도시설 / 건설공사비지수,126.82,2020=100,KOSIS
2023-08-01,공사비,건설공사비지수(총지수),도로시설 / 건설공사비지수,133.51,2020=100,KOSIS
2023-08-01,공사비,건설공사비지수(총지수),산업시설건설 / 건설공사비지수,127.2,2020=100,KOSIS
2023-08-01,공사비,건설공사비지수(총지수),기타건설 / 건설공사비지수,128.53,2020=100,KOSIS
2023-08-01,공사비,건설공사비지수(총지수),발전소시설 / 건설공사비지수,128.74,2020=100,KOSIS
2023-08-01,공사비,건설공사비지수(총지수),비주거용건물 / 건설공사비지수,127.19,2020=100,KOSIS
2023-08-01,공사비,건설공사비지수(총지수),환경정화시설 / 건설공사비지수,129.97,2020=100,KOSIS
2023-08-01,공사비,건설공사비지수(총지수),비주거용건물 / 건설공사비지수,127.19,2020=100,KOSIS
2023-08-01,공사비,건설공사비지수(총지수),일반토목시설건설 / 건설공사비지수,129.65,2020=100,KOSIS
2023-08-01,공사비,건설공사비지수(총지수),도시토목 / 건설공사비지수,131.4,2020=100,KOSIS
2023-08-01,공사비,건설공사비지수(총지수),건축보수 / 건설공사비지수,126.03,2020=100,KOSIS
2023-08-01,공사비,건설공사비지수(총지수),산업플랜트 / 건설공사비지수,125.28,2020=100,KOSIS
2023-08-01,공사비,건설공사비지수(총지수),주거용건물 / 건설공사비지수,126.33,2020=100,KOSIS
2023-08-01,공사비,건설공사비지수(총지수),토목건설 / 건설공사비지수,129.12,2020=100,KOSIS
2023-08-01,공사비,건설공사비지수(총지수),농림수산토목 / 건설공사비지수,130.3,2020=100,KOSIS
2023-08-01,공사비,건설공사비지수(총지수),하천사방 / 건설공사비지수,125.69,2020=100,KOSIS
2023-08-01,공사비,건설공사비지수(총지수),항만시설 / 건설공사비지수,127.81,2020=100,KOSIS
2023-08-01,공사비,건설공사비지수(총지수),건물건설 및 건축보수 / 건설공사비지수,126.7,2020=100,KOSIS
2023-08-01,공사비,건설공사비지수(총지수),건설 / 건설공사비지수,127.39,2020=100,KOSIS
2023-08-01,공사비,건설공사비지수(총지수),기타건설 / 건설공사비지수,128.53,2020=100,KOSIS
2023-08-01,공사비,건설공사비지수(총지수),상하수도시설 / 건설공사비지수,127.94,2020=100,KOSIS
2023-08-01,공사비,건설공사비지수(총지수),건축보수 / 건설공사비지수,126.03,2020=100,KOSIS
2023-09-01,공사비,건설공사비지수(총지수),농림수산토목 / 건설공사비지수,132.62,2020=100,KOSIS
2023-09-01,공사비,건설공사비지수(총지수),산업플랜트 / 건설공사비지수,127.43,2020=100,KOSIS
2023-09-01,공사비,건설공사비지수(총지수),도로시설 / 건설공사비지수,135.45,2020=100,KOSIS
2023-09-01,공사비,건설공사비지수(총지수),상하수도시설 / 건설공사비지수,129.86,2020=100,KOSIS
2023-09-01,공사비,건설공사비지수(총지수),도시토목 / 건설공사비지수,133.57,2020=100,KOSIS
2023-09-01,공사비,건설공사비지수(총지수),비주거용건물 / 건설공사비지수,129.09,2020=100,KOSIS
2023-09-01,공사비,건설공사비지수(총지수),주거용건물 / 건설공사비지수,128.33,2020=100,KOSIS
2023-09-01,공사비,건설공사비지수(총지수),하천사방 / 건설공사비지수,128.11,2020=100,KOSIS
2023-09-01,공사비,건설공사비지수(총지수),항만시설 / 건설공사비지수,130.11,2020=100,KOSIS
2023-09-01,공사비,건설공사비지수(총지수),건축보수 / 건설공사비지수,127.84,2020=100,KOSIS
2023-09-01,공사비,건설공사비지수(총지수),환경정화시설 / 건설공사비지수,131.97,2020=100,KOSIS
2023-09-01,공사비,건설공사비지수(총지수),비주거용건물 / 건설공사비지수,129.09,2020=100,KOSIS
2023-09-01,공사비,건설공사비지수(총지수),건설 / 건설공사비지수,129.34,2020=100,KOSIS
2023-09-01,공사비,건설공사비지수(총지수),토목건설 / 건설공사비지수,131.11,2020=100,KOSIS
2023-09-01,공사비,건설공사비지수(총지수),주거용건물 / 건설공사비지수,128.33,2020=100,KOSIS
2023-09-01,공사비,건설공사비지수(총지수),기타건설 / 건설공사비지수,130.69,2020=100,KOSIS
2023-09-01,공사비,건설공사비지수(총지수),발전소시설 / 건설공사비지수,130.28,2020=100,KOSIS
2023-09-01,공사비,건설공사비지수(총지수),건축보수 / 건설공사비지수,127.84,2020=100,KOSIS
2023-09-01,공사비,건설공사비지수(총지수),산업시설건설 / 건설공사비지수,129.06,2020=100,KOSIS
2023-09-01,공사비,건설공사비지수(총지수),교통시설건설 / 건설공사비지수,133.34,2020=100,KOSIS
2023-09-01,공사비,건설공사비지수(총지수),기타건설 / 건설공사비지수,130.69,2020=100,KOSIS
2023-09-01,공사비,건설공사비지수(총지수),일반토목시설건설 / 건설공사비지수,131.8,2020=100,KOSIS
2023-09-01,공사비,건설공사비지수(총지수),철도시설 / 건설공사비지수,128.76,2020=100,KOSIS
2023-09-01,공사비,건설공사비지수(총지수),건물건설 및 건축보수 / 건설공사비지수,128.64,2020=100,KOSIS
2023-10-01,공사비,건설공사비지수(총지수),농림수산토목 / 건설공사비지수,132.31,2020=100,KOSIS
2023-10-01,공사비,건설공사비지수(총지수),일반토목시설건설 / 건설공사비지수,131.53,2020=100,KOSIS
2023-10-01,공사비,건설공사비지수(총지수),건물건설 및 건축보수 / 건설공사비지수,128.45,2020=100,KOSIS
2023-10-01,공사비,건설공사비지수(총지수),환경정화시설 / 건설공사비지수,131.61,2020=100,KOSIS
2023-10-01,공사비,건설공사비지수(총지수),발전소시설 / 건설공사비지수,129.77,2020=100,KOSIS
2023-10-01,공사비,건설공사비지수(총지수),산업시설건설 / 건설공사비지수,128.7,2020=100,KOSIS
2023-10-01,공사비,건설공사비지수(총지수),주거용건물 / 건설공사비지수,128.15,2020=100,KOSIS
2023-10-01,공사비,건설공사비지수(총지수),철도시설 / 건설공사비지수,128.46,2020=100,KOSIS
2023-10-01,공사비,건설공사비지수(총지수),도로시설 / 건설공사비지수,135.52,2020=100,KOSIS
2023-10-01,공사비,건설공사비지수(총지수),항만시설 / 건설공사비지수,129.72,2020=100,KOSIS
2023-10-01,공사비,건설공사비지수(총지수),도시토목 / 건설공사비지수,133.64,2020=100,KOSIS
2023-10-01,공사비,건설공사비지수(총지수),상하수도시설 / 건설공사비지수,129.02,2020=100,KOSIS
2023-10-01,공사비,건설공사비지수(총지수),건설 / 건설공사비지수,129.13,2020=100,KOSIS
2023-10-01,공사비,건설공사비지수(총지수),교통시설건설 / 건설공사비지수,133.28,2020=100,KOSIS
2023-10-01,공사비,건설공사비지수(총지수),건축보수 / 건설공사비지수,127.7,2020=100,KOSIS
2023-10-01,공사비,건설공사비지수(총지수),하천사방 / 건설공사비지수,128.01,2020=100,KOSIS
2023-10-01,공사비,건설공사비지수(총지수),기타건설 / 건설공사비지수,130.28,2020=100,KOSIS
2023-10-01,공사비,건설공사비지수(총지수),비주거용건물 / 건설공사비지수,128.9,2020=100,KOSIS
2023-10-01,공사비,건설공사비지수(총지수),산업플랜트 / 건설공사비지수,127.21,2020=100,KOSIS
2023-10-01,공사비,건설공사비지수(총지수),토목건설 / 건설공사비지수,130.85,2020=100,KOSIS
2023-10-01,공사비,건설공사비지수(총지수),주거용건물 / 건설공사비지수,128.15,2020=100,KOSIS
2023-10-01,공사비,건설공사비지수(총지수),비주거용건물 / 건설공사비지수,128.9,2020=100,KOSIS
2023-10-01,공사비,건설공사비지수(총지수),기타건설 / 건설공사비지수,130.28,2020=100,KOSIS
2023-10-01,공사비,건설공사비지수(총지수),건축보수 / 건설공사비지수,127.7,2020=100,KOSIS
2023-11-01,공사비,건설공사비지수(총지수),환경정화시설 / 건설공사비지수,131.34,2020=100,KOSIS
2023-11-01,공사비,건설공사비지수(총지수),항만시설 / 건설공사비지수,129.09,2020=100,KOSIS
2023-11-01,공사비,건설공사비지수(총지수),토목건설 / 건설공사비지수,130.59,2020=100,KOSIS
2023-11-01,공사비,건설공사비지수(총지수),산업시설건설 / 건설공사비지수,128.78,2020=100,KOSIS
2023-11-01,공사비,건설공사비지수(총지수),하천사방 / 건설공사비지수,127.61,2020=100,KOSIS
2023-11-01,공사비,건설공사비지수(총지수),비주거용건물 / 건설공사비지수,128.7,2020=100,KOSIS
2023-11-01,공사비,건설공사비지수(총지수),기타건설 / 건설공사비지수,130.15,2020=100,KOSIS
2023-11-01,공사비,건설공사비지수(총지수),건축보수 / 건설공사비지수,127.57,2020=100,KOSIS
2023-11-01,공사비,건설공사비지수(총지수),철도시설 / 건설공사비지수,128.1,2020=100,KOSIS
2023-11-01,공사비,건설공사비지수(총지수),건설 / 건설공사비지수,128.94,2020=100,KOSIS
2023-11-01,공사비,건설공사비지수(총지수),기타건설 / 건설공사비지수,130.15,2020=100,KOSIS
2023-11-01,공사비,건설공사비지수(총지수),발전소시설 / 건설공사비지수,130.15,2020=100,KOSIS
2023-11-01,공사비,건설공사비지수(총지수),도로시설 / 건설공사비지수,134.95,2020=100,KOSIS
2023-11-01,공사비,건설공사비지수(총지수),주거용건물 / 건설공사비지수,127.99,2020=100,KOSIS
2023-11-01,공사비,건설공사비지수(총지수),비주거용건물 / 건설공사비지수,128.7,2020=100,KOSIS
2023-11-01,공사비,건설공사비지수(총지수),건물건설 및 건축보수 / 건설공사비지수,128.28,2020=100,KOSIS
2023-11-01,공사비,건설공사비지수(총지수),상하수도시설 / 건설공사비지수,128.44,2020=100,KOSIS
2023-11-01,공사비,건설공사비지수(총지수),농림수산토목 / 건설공사비지수,131.96,2020=100,KOSIS
2023-11-01,공사비,건설공사비지수(총지수),일반토목시설건설 / 건설공사비지수,130.97,2020=100,KOSIS
2023-11-01,공사비,건설공사비지수(총지수),도시토목 / 건설공사비지수,133.03,2020=100,KOSIS
2023-11-01,공사비,건설공사비지수(총지수),교통시설건설 / 건설공사비지수,132.76,2020=100,KOSIS
2023-11-01,공사비,건설공사비지수(총지수),산업플랜트 / 건설공사비지수,127.06,2020=100,KOSIS
2023-11-01,공사비,건설공사비지수(총지수),건축보수 / 건설공사비지수,127.57,2020=100,KOSIS
2023-11-01,공사비,건설공사비지수(총지수),주거용건물 / 건설공사비지수,127.99,2020=100,KOSIS
2023-12-01,공사비,건설공사비지수(총지수),주거용건물 / 건설공사비지수,127.87,2020=100,KOSIS
2023-12-01,공사비,건설공사비지수(총지수),건물건설 및 건축보수 / 건설공사비지수,128.16,2020=100,KOSIS
2023-12-01,공사비,건설공사비지수(총지수),철도시설 / 건설공사비지수,127.76,2020=100,KOSIS
2023-12-01,공사비,건설공사비지수(총지수),도로시설 / 건설공사비지수,134.38,2020=100,KOSIS
2023-12-01,공사비,건설공사비지수(총지수),비주거용건물 / 건설공사비지수,128.58,2020=100,KOSIS
2023-12-01,공사비,건설공사비지수(총지수),기타건설 / 건설공사비지수,129.97,2020=100,KOSIS
2023-12-01,공사비,건설공사비지수(총지수),상하수도시설 / 건설공사비지수,128.42,2020=100,KOSIS
2023-12-01,공사비,건설공사비지수(총지수),농림수산토목 / 건설공사비지수,131.5,2020=100,KOSIS
2023-12-01,공사비,건설공사비지수(총지수),환경정화시설 / 건설공사비지수,131.32,2020=100,KOSIS
2023-12-01,공사비,건설공사비지수(총지수),항만시설 / 건설공사비지수,128.48,2020=100,KOSIS
2023-12-01,공사비,건설공사비지수(총지수),도시토목 / 건설공사비지수,132.56,2020=100,KOSIS
2023-12-01,공사비,건설공사비지수(총지수),건축보수 / 건설공사비지수,127.46,2020=100,KOSIS
2023-12-01,공사비,건설공사비지수(총지수),건설 / 건설공사비지수,128.78,2020=100,KOSIS
2023-12-01,공사비,건설공사비지수(총지수),기타건설 / 건설공사비지수,129.97,2020=100,KOSIS
2023-12-01,공사비,건설공사비지수(총지수),교통시설건설 / 건설공사비지수,132.25,2020=100,KOSIS
2023-12-01,공사비,건설공사비지수(총지수),주거용건물 / 건설공사비지수,127.87,2020=100,KOSIS
2023-12-01,공사비,건설공사비지수(총지수),하천사방 / 건설공사비지수,126.94,2020=100,KOSIS
2023-12-01,공사비,건설공사비지수(총지수),산업시설건설 / 건설공사비지수,128.76,2020=100,KOSIS
2023-12-01,공사비,건설공사비지수(총지수),일반토목시설건설 / 건설공사비지수,130.61,2020=100,KOSIS
2023-12-01,공사비,건설공사비지수(총지수),건축보수 / 건설공사비지수,127.46,2020=100,KOSIS
2023-12-01,공사비,건설공사비지수(총지수),산업플랜트 / 건설공사비지수,126.98,2020=100,KOSIS
2023-12-01,공사비,건설공사비지수(총지수),토목건설 / 건설공사비지수,130.33,2020=100,KOSIS
2023-12-01,공사비,건설공사비지수(총지수),비주거용건물 / 건설공사비지수,128.58,2020=100,KOSIS
2023-12-01,공사비,건설공사비지수(총지수),발전소시설 / 건설공사비지수,130.2,2020=100,KOSIS
2024-01-01,공사비,건설공사비지수(총지수),건축보수 / 건설공사비지수,128.47,2020=100,KOSIS
2024-01-01,공사비,건설공사비지수(총지수),항만시설 / 건설공사비지수,129.32,2020=100,KOSIS
2024-01-01,공사비,건설공사비지수(총지수),도시토목 / 건설공사비지수,133.33,2020=100,KOSIS
2024-01-01,공사비,건설공사비지수(총지수),기타건설 / 건설공사비지수,131.3,2020=100,KOSIS
2024-01-01,공사비,건설공사비지수(총지수),일반토목시설건설 / 건설공사비지수,131.23,2020=100,KOSIS
2024-01-01,공사비,건설공사비지수(총지수),토목건설 / 건설공사비지수,131.3,2020=100,KOSIS
2024-01-01,공사비,건설공사비지수(총지수),비주거용건물 / 건설공사비지수,129.52,2020=100,KOSIS
2024-01-01,공사비,건설공사비지수(총지수),주거용건물 / 건설공사비지수,128.93,2020=100,KOSIS
2024-01-01,공사비,건설공사비지수(총지수),건물건설 및 건축보수 / 건설공사비지수,129.16,2020=100,KOSIS
2024-01-01,공사비,건설공사비지수(총지수),농림수산토목 / 건설공사비지수,132.66,2020=100,KOSIS
2024-01-01,공사비,건설공사비지수(총지수),산업플랜트 / 건설공사비지수,127.98,2020=100,KOSIS
2024-01-01,공사비,건설공사비지수(총지수),교통시설건설 / 건설공사비지수,133.23,2020=100,KOSIS
2024-01-01,공사비,건설공사비지수(총지수),건설 / 건설공사비지수,129.77,2020=100,KOSIS
2024-01-01,공사비,건설공사비지수(총지수),상하수도시설 / 건설공사비지수,128.42,2020=100,KOSIS
2024-01-01,공사비,건설공사비지수(총지수),주거용건물 / 건설공사비지수,128.93,2020=100,KOSIS
2024-01-01,공사비,건설공사비지수(총지수),건축보수 / 건설공사비지수,128.47,2020=100,KOSIS
2024-01-01,공사비,건설공사비지수(총지수),도로시설 / 건설공사비지수,135.31,2020=100,KOSIS
2024-01-01,공사비,건설공사비지수(총지수),비주거용건물 / 건설공사비지수,129.52,2020=100,KOSIS
2024-01-01,공사비,건설공사비지수(총지수),기타건설 / 건설공사비지수,131.3,2020=100,KOSIS
2024-01-01,공사비,건설공사비지수(총지수),산업시설건설 / 건설공사비지수,129.81,2020=100,KOSIS
2024-01-01,공사비,건설공사비지수(총지수),하천사방 / 건설공사비지수,128.09,2020=100,KOSIS
2024-01-01,공사비,건설공사비지수(총지수),발전소시설 / 건설공사비지수,131.34,2020=100,KOSIS
2024-01-01,공사비,건설공사비지수(총지수),환경정화시설 / 건설공사비지수,132.13,2020=100,KOSIS
2024-01-01,공사비,건설공사비지수(총지수),철도시설 / 건설공사비지수,128.91,2020=100,KOSIS
2024-02-01,공사비,건설공사비지수(총지수),하천사방 / 건설공사비지수,128.47,2020=100,KOSIS
2024-02-01,공사비,건설공사비지수(총지수),상하수도시설 / 건설공사비지수,128.56,2020=100,KOSIS
2024-02-01,공사비,건설공사비지수(총지수),건물건설 및 건축보수 / 건설공사비지수,129.41,2020=100,KOSIS
2024-02-01,공사비,건설공사비지수(총지수),기타건설 / 건설공사비지수,131.71,2020=100,KOSIS
2024-02-01,공사비,건설공사비지수(총지수),주거용건물 / 건설공사비지수,129.21,2020=100,KOSIS
2024-02-01,공사비,건설공사비지수(총지수),산업플랜트 / 건설공사비지수,128.17,2020=100,KOSIS
2024-02-01,공사비,건설공사비지수(총지수),기타건설 / 건설공사비지수,131.71,2020=100,KOSIS
2024-02-01,공사비,건설공사비지수(총지수),농림수산토목 / 건설공사비지수,132.96,2020=100,KOSIS
2024-02-01,공사비,건설공사비지수(총지수),주거용건물 / 건설공사비지수,129.21,2020=100,KOSIS
2024-02-01,공사비,건설공사비지수(총지수),도로시설 / 건설공사비지수,135.82,2020=100,KOSIS
2024-02-01,공사비,건설공사비지수(총지수),토목건설 / 건설공사비지수,131.67,2020=100,KOSIS
2024-02-01,공사비,건설공사비지수(총지수),산업시설건설 / 건설공사비지수,130.11,2020=100,KOSIS
2024-02-01,공사비,건설공사비지수(총지수),건축보수 / 건설공사비지수,128.64,2020=100,KOSIS
2024-02-01,공사비,건설공사비지수(총지수),비주거용건물 / 건설공사비지수,129.77,2020=100,KOSIS
2024-02-01,공사비,건설공사비지수(총지수),비주거용건물 / 건설공사비지수,129.77,2020=100,KOSIS
2024-02-01,공사비,건설공사비지수(총지수),건설 / 건설공사비지수,130.05,2020=100,KOSIS
2024-02-01,공사비,건설공사비지수(총지수),환경정화시설 / 건설공사비지수,132.12,2020=100,KOSIS
2024-02-01,공사비,건설공사비지수(총지수),철도시설 / 건설공사비지수,129.25,2020=100,KOSIS
2024-02-01,공사비,건설공사비지수(총지수),항만시설 / 건설공사비지수,129.77,2020=100,KOSIS
2024-02-01,공사비,건설공사비지수(총지수),건축보수 / 건설공사비지수,128.64,2020=100,KOSIS
2024-02-01,공사비,건설공사비지수(총지수),일반토목시설건설 / 건설공사비지수,131.54,2020=100,KOSIS
2024-02-01,공사비,건설공사비지수(총지수),도시토목 / 건설공사비지수,133.74,2020=100,KOSIS
2024-02-01,공사비,건설공사비지수(총지수),발전소시설 / 건설공사비지수,131.8,2020=100,KOSIS
2024-02-01,공사비,건설공사비지수(총지수),교통시설건설 / 건설공사비지수,133.69,2020=100,KOSIS
2024-03-01,공사비,건설공사비지수(총지수),하천사방 / 건설공사비지수,128.17,2020=100,KOSIS
2024-03-01,공사비,건설공사비지수(총지수),건축보수 / 건설공사비지수,128.63,2020=100,KOSIS
2024-03-01,공사비,건설공사비지수(총지수),건축보수 / 건설공사비지수,128.63,2020=100,KOSIS
2024-03-01,공사비,건설공사비지수(총지수),도시토목 / 건설공사비지수,133.52,2020=100,KOSIS
2024-03-01,공사비,건설공사비지수(총지수),토목건설 / 건설공사비지수,131.75,2020=100,KOSIS
2024-03-01,공사비,건설공사비지수(총지수),기타건설 / 건설공사비지수,132.15,2020=100,KOSIS
2024-03-01,공사비,건설공사비지수(총지수),비주거용건물 / 건설공사비지수,129.74,2020=100,KOSIS
2024-03-01,공사비,건설공사비지수(총지수),비주거용건물 / 건설공사비지수,129.74,2020=100,KOSIS
2024-03-01,공사비,건설공사비지수(총지수),건물건설 및 건축보수 / 건설공사비지수,129.37,2020=100,KOSIS
2024-03-01,공사비,건설공사비지수(총지수),산업플랜트 / 건설공사비지수,128.04,2020=100,KOSIS
2024-03-01,공사비,건설공사비지수(총지수),주거용건물 / 건설공사비지수,129.14,2020=100,KOSIS
2024-03-01,공사비,건설공사비지수(총지수),기타건설 / 건설공사비지수,132.15,2020=100,KOSIS
2024-03-01,공사비,건설공사비지수(총지수),농림수산토목 / 건설공사비지수,132.68,2020=100,KOSIS
2024-03-01,공사비,건설공사비지수(총지수),상하수도시설 / 건설공사비지수,128.38,2020=100,KOSIS
2024-03-01,공사비,건설공사비지수(총지수),도로시설 / 건설공사비지수,135.52,2020=100,KOSIS
2024-03-01,공사비,건설공사비지수(총지수),산업시설건설 / 건설공사비지수,130.52,2020=100,KOSIS
2024-03-01,공사비,건설공사비지수(총지수),건설 / 건설공사비지수,130.05,2020=100,KOSIS
2024-03-01,공사비,건설공사비지수(총지수),환경정화시설 / 건설공사비지수,132.0,2020=100,KOSIS
2024-03-01,공사비,건설공사비지수(총지수),철도시설 / 건설공사비지수,129.18,2020=100,KOSIS
2024-03-01,공사비,건설공사비지수(총지수),항만시설 / 건설공사비지수,129.44,2020=100,KOSIS
2024-03-01,공사비,건설공사비지수(총지수),일반토목시설건설 / 건설공사비지수,131.32,2020=100,KOSIS
2024-03-01,공사비,건설공사비지수(총지수),발전소시설 / 건설공사비지수,132.83,2020=100,KOSIS
2024-03-01,공사비,건설공사비지수(총지수),교통시설건설 / 건설공사비지수,133.44,2020=100,KOSIS
2024-03-01,공사비,건설공사비지수(총지수),주거용건물 / 건설공사비지수,129.14,2020=100,KOSIS
2024-04-01,공사비,건설공사비지수(총지수),건설 / 건설공사비지수,130.08,2020=100,KOSIS
2024-04-01,공사비,건설공사비지수(총지수),건축보수 / 건설공사비지수,128.64,2020=100,KOSIS
2024-04-01,공사비,건설공사비지수(총지수),환경정화시설 / 건설공사비지수,131.68,2020=100,KOSIS
2024-04-01,공사비,건설공사비지수(총지수),하천사방 / 건설공사비지수,127.87,2020=100,KOSIS
2024-04-01,공사비,건설공사비지수(총지수),상하수도시설 / 건설공사비지수,127.41,2020=100,KOSIS
2024-04-01,공사비,건설공사비지수(총지수),발전소시설 / 건설공사비지수,135.39,2020=100,KOSIS
2024-04-01,공사비,건설공사비지수(총지수),일반토목시설건설 / 건설공사비지수,130.48,2020=100,KOSIS
2024-04-01,공사비,건설공사비지수(총지수),항만시설 / 건설공사비지수,129.06,2020=100,KOSIS
2024-04-01,공사비,건설공사비지수(총지수),기타건설 / 건설공사비지수,133.24,2020=100,KOSIS
2024-04-01,공사비,건설공사비지수(총지수),철도시설 / 건설공사비지수,129.13,2020=100,KOSIS
2024-04-01,공사비,건설공사비지수(총지수),도로시설 / 건설공사비지수,134.88,2020=100,KOSIS
2024-04-01,공사비,건설공사비지수(총지수),농림수산토목 / 건설공사비지수,132.4,2020=100,KOSIS
2024-04-01,공사비,건설공사비지수(총지수),교통시설건설 / 건설공사비지수,132.98,2020=100,KOSIS
2024-04-01,공사비,건설공사비지수(총지수),건물건설 및 건축보수 / 건설공사비지수,129.34,2020=100,KOSIS
2024-04-01,공사비,건설공사비지수(총지수),산업플랜트 / 건설공사비지수,127.82,2020=100,KOSIS
2024-04-01,공사비,건설공사비지수(총지수),건축보수 / 건설공사비지수,128.64,2020=100,KOSIS
2024-04-01,공사비,건설공사비지수(총지수),도시토목 / 건설공사비지수,132.53,2020=100,KOSIS
2024-04-01,공사비,건설공사비지수(총지수),비주거용건물 / 건설공사비지수,129.71,2020=100,KOSIS
2024-04-01,공사비,건설공사비지수(총지수),기타건설 / 건설공사비지수,133.24,2020=100,KOSIS
2024-04-01,공사비,건설공사비지수(총지수),비주거용건물 / 건설공사비지수,129.71,2020=100,KOSIS
2024-04-01,공사비,건설공사비지수(총지수),주거용건물 / 건설공사비지수,129.1,2020=100,KOSIS
2024-04-01,공사비,건설공사비지수(총지수),주거용건물 / 건설공사비지수,129.1,2020=100,KOSIS
2024-04-01,공사비,건설공사비지수(총지수),산업시설건설 / 건설공사비지수,131.57,2020=100,KOSIS
2024-04-01,공사비,건설공사비지수(총지수),토목건설 / 건설공사비지수,131.96,2020=100,KOSIS
2024-05-01,공사비,건설공사비지수(총지수),기타건설 / 건설공사비지수,134.24,2020=100,KOSIS
2024-05-01,공사비,건설공사비지수(총지수),발전소시설 / 건설공사비지수,137.5,2020=100,KOSIS
2024-05-01,공사비,건설공사비지수(총지수),환경정화시설 / 건설공사비지수,131.65,2020=100,KOSIS
2024-05-01,공사비,건설공사비지수(총지수),산업플랜트 / 건설공사비지수,127.89,2020=100,KOSIS
2024-05-01,공사비,건설공사비지수(총지수),기타건설 / 건설공사비지수,134.24,2020=100,KOSIS
2024-05-01,공사비,건설공사비지수(총지수),건축보수 / 건설공사비지수,128.73,2020=100,KOSIS
2024-05-01,공사비,건설공사비지수(총지수),비주거용건물 / 건설공사비지수,129.74,2020=100,KOSIS
2024-05-01,공사비,건설공사비지수(총지수),일반토목시설건설 / 건설공사비지수,130.28,2020=100,KOSIS
2024-05-01,공사비,건설공사비지수(총지수),건축보수 / 건설공사비지수,128.73,2020=100,KOSIS
2024-05-01,공사비,건설공사비지수(총지수),건물건설 및 건축보수 / 건설공사비지수,129.35,2020=100,KOSIS
2024-05-01,공사비,건설공사비지수(총지수),하천사방 / 건설공사비지수,127.67,2020=100,KOSIS
2024-05-01,공사비,건설공사비지수(총지수),상하수도시설 / 건설공사비지수,127.36,2020=100,KOSIS
2024-05-01,공사비,건설공사비지수(총지수),항만시설 / 건설공사비지수,128.76,2020=100,KOSIS
2024-05-01,공사비,건설공사비지수(총지수),토목건설 / 건설공사비지수,132.35,2020=100,KOSIS
2024-05-01,공사비,건설공사비지수(총지수),철도시설 / 건설공사비지수,128.99,2020=100,KOSIS
2024-05-01,공사비,건설공사비지수(총지수),비주거용건물 / 건설공사비지수,129.74,2020=100,KOSIS
2024-05-01,공사비,건설공사비지수(총지수),산업시설건설 / 건설공사비지수,132.57,2020=100,KOSIS
2024-05-01,공사비,건설공사비지수(총지수),건설 / 건설공사비지수,130.2,2020=100,KOSIS
2024-05-01,공사비,건설공사비지수(총지수),도시토목 / 건설공사비지수,132.26,2020=100,KOSIS
2024-05-01,공사비,건설공사비지수(총지수),주거용건물 / 건설공사비지수,129.08,2020=100,KOSIS
2024-05-01,공사비,건설공사비지수(총지수),도로시설 / 건설공사비지수,134.66,2020=100,KOSIS
2024-05-01,공사비,건설공사비지수(총지수),주거용건물 / 건설공사비지수,129.08,2020=100,KOSIS
2024-05-01,공사비,건설공사비지수(총지수),교통시설건설 / 건설공사비지수,132.77,2020=100,KOSIS
2024-05-01,공사비,건설공사비지수(총지수),농림수산토목 / 건설공사비지수,132.14,2020=100,KOSIS
2024-06-01,공사비,건설공사비지수(총지수),농림수산토목 / 건설공사비지수,131.99,2020=100,KOSIS
2024-06-01,공사비,건설공사비지수(총지수),비주거용건물 / 건설공사비지수,129.62,2020=100,KOSIS
2024-06-01,공사비,건설공사비지수(총지수),건물건설 및 건축보수 / 건설공사비지수,129.24,2020=100,KOSIS
2024-06-01,공사비,건설공사비지수(총지수),주거용건물 / 건설공사비지수,128.95,2020=100,KOSIS
2024-06-01,공사비,건설공사비지수(총지수),기타건설 / 건설공사비지수,134.06,2020=100,KOSIS
2024-06-01,공사비,건설공사비지수(총지수),주거용건물 / 건설공사비지수,128.95,2020=100,KOSIS
2024-06-01,공사비,건설공사비지수(총지수),상하수도시설 / 건설공사비지수,127.29,2020=100,KOSIS
2024-06-01,공사비,건설공사비지수(총지수),발전소시설 / 건설공사비지수,137.35,2020=100,KOSIS
2024-06-01,공사비,건설공사비지수(총지수),비주거용건물 / 건설공사비지수,129.62,2020=100,KOSIS
2024-06-01,공사비,건설공사비지수(총지수),기타건설 / 건설공사비지수,134.06,2020=100,KOSIS
2024-06-01,공사비,건설공사비지수(총지수),도시토목 / 건설공사비지수,132.5,2020=100,KOSIS
2024-06-01,공사비,건설공사비지수(총지수),하천사방 / 건설공사비지수,127.28,2020=100,KOSIS
2024-06-01,공사비,건설공사비지수(총지수),철도시설 / 건설공사비지수,128.93,2020=100,KOSIS
2024-06-01,공사비,건설공사비지수(총지수),건설 / 건설공사비지수,130.11,2020=100,KOSIS
2024-06-01,공사비,건설공사비지수(총지수),교통시설건설 / 건설공사비지수,132.74,2020=100,KOSIS
2024-06-01,공사비,건설공사비지수(총지수),산업플랜트 / 건설공사비지수,127.8,2020=100,KOSIS
2024-06-01,공사비,건설공사비지수(총지수),일반토목시설건설 / 건설공사비지수,130.32,2020=100,KOSIS
2024-06-01,공사비,건설공사비지수(총지수),환경정화시설 / 건설공사비지수,131.85,2020=100,KOSIS
2024-06-01,공사비,건설공사비지수(총지수),산업시설건설 / 건설공사비지수,132.47,2020=100,KOSIS
2024-06-01,공사비,건설공사비지수(총지수),건축보수 / 건설공사비지수,128.73,2020=100,KOSIS
2024-06-01,공사비,건설공사비지수(총지수),건축보수 / 건설공사비지수,128.73,2020=100,KOSIS
2024-06-01,공사비,건설공사비지수(총지수),토목건설 / 건설공사비지수,132.29,2020=100,KOSIS
2024-06-01,공사비,건설공사비지수(총지수),도로시설 / 건설공사비지수,134.67,2020=100,KOSIS
2024-06-01,공사비,건설공사비지수(총지수),항만시설 / 건설공사비지수,128.42,2020=100,KOSIS
2024-07-01,공사비,건설공사비지수(총지수),도로시설 / 건설공사비지수,134.6,2020=100,KOSIS
2024-07-01,공사비,건설공사비지수(총지수),발전소시설 / 건설공사비지수,136.69,2020=100,KOSIS
2024-07-01,공사비,건설공사비지수(총지수),농림수산토목 / 건설공사비지수,132.13,2020=100,KOSIS
2024-07-01,공사비,건설공사비지수(총지수),기타건설 / 건설공사비지수,133.76,2020=100,KOSIS
2024-07-01,공사비,건설공사비지수(총지수),산업플랜트 / 건설공사비지수,127.66,2020=100,KOSIS
2024-07-01,공사비,건설공사비지수(총지수),주거용건물 / 건설공사비지수,128.79,2020=100,KOSIS
2024-07-01,공사비,건설공사비지수(총지수),상하수도시설 / 건설공사비지수,127.17,2020=100,KOSIS
2024-07-01,공사비,건설공사비지수(총지수),철도시설 / 건설공사비지수,128.73,2020=100,KOSIS
2024-07-01,공사비,건설공사비지수(총지수),비주거용건물 / 건설공사비지수,129.5,2020=100,KOSIS
2024-07-01,공사비,건설공사비지수(총지수),항만시설 / 건설공사비지수,128.48,2020=100,KOSIS
2024-07-01,공사비,건설공사비지수(총지수),하천사방 / 건설공사비지수,127.35,2020=100,KOSIS
2024-07-01,공사비,건설공사비지수(총지수),건축보수 / 건설공사비지수,128.67,2020=100,KOSIS
2024-07-01,공사비,건설공사비지수(총지수),기타건설 / 건설공사비지수,133.76,2020=100,KOSIS
2024-07-01,공사비,건설공사비지수(총지수),일반토목시설건설 / 건설공사비지수,130.36,2020=100,KOSIS
2024-07-01,공사비,건설공사비지수(총지수),비주거용건물 / 건설공사비지수,129.5,2020=100,KOSIS
2024-07-01,공사비,건설공사비지수(총지수),건축보수 / 건설공사비지수,128.67,2020=100,KOSIS
2024-07-01,공사비,건설공사비지수(총지수),토목건설 / 건설공사비지수,132.09,2020=100,KOSIS
2024-07-01,공사비,건설공사비지수(총지수),도시토목 / 건설공사비지수,132.61,2020=100,KOSIS
2024-07-01,공사비,건설공사비지수(총지수),교통시설건설 / 건설공사비지수,132.64,2020=100,KOSIS
2024-07-01,공사비,건설공사비지수(총지수),산업시설건설 / 건설공사비지수,132.09,2020=100,KOSIS
2024-07-01,공사비,건설공사비지수(총지수),주거용건물 / 건설공사비지수,128.79,2020=100,KOSIS
2024-07-01,공사비,건설공사비지수(총지수),건물건설 및 건축보수 / 건설공사비지수,129.11,2020=100,KOSIS
2024-07-01,공사비,건설공사비지수(총지수),건설 / 건설공사비지수,129.96,2020=100,KOSIS
2024-07-01,공사비,건설공사비지수(총지수),환경정화시설 / 건설공사비지수,131.73,2020=100,KOSIS
2024-08-01,공사비,건설공사비지수(총지수),환경정화시설 / 건설공사비지수,131.77,2020=100,KOSIS
2024-08-01,공사비,건설공사비지수(총지수),일반토목시설건설 / 건설공사비지수,130.04,2020=100,KOSIS
2024-08-01,공사비,건설공사비지수(총지수),건축보수 / 건설공사비지수,128.53,2020=100,KOSIS
2024-08-01,공사비,건설공사비지수(총지수),기타건설 / 건설공사비지수,132.9,2020=100,KOSIS
2024-08-01,공사비,건설공사비지수(총지수),건설 / 건설공사비지수,129.72,2020=100,KOSIS
2024-08-01,공사비,건설공사비지수(총지수),기타건설 / 건설공사비지수,132.9,2020=100,KOSIS
2024-08-01,공사비,건설공사비지수(총지수),비주거용건물 / 건설공사비지수,129.34,2020=100,KOSIS
2024-08-01,공사비,건설공사비지수(총지수),산업플랜트 / 건설공사비지수,127.52,2020=100,KOSIS
2024-08-01,공사비,건설공사비지수(총지수),도로시설 / 건설공사비지수,134.17,2020=100,KOSIS
2024-08-01,공사비,건설공사비지수(총지수),건물건설 및 건축보수 / 건설공사비지수,128.98,2020=100,KOSIS
2024-08-01,공사비,건설공사비지수(총지수),상하수도시설 / 건설공사비지수,126.98,2020=100,KOSIS
2024-08-01,공사비,건설공사비지수(총지수),교통시설건설 / 건설공사비지수,132.24,2020=100,KOSIS
2024-08-01,공사비,건설공사비지수(총지수),하천사방 / 건설공사비지수,127.02,2020=100,KOSIS
2024-08-01,공사비,건설공사비지수(총지수),비주거용건물 / 건설공사비지수,129.34,2020=100,KOSIS
2024-08-01,공사비,건설공사비지수(총지수),발전소시설 / 건설공사비지수,135.51,2020=100,KOSIS
2024-08-01,공사비,건설공사비지수(총지수),농림수산토목 / 건설공사비지수,131.69,2020=100,KOSIS
2024-08-01,공사비,건설공사비지수(총지수),주거용건물 / 건설공사비지수,128.7,2020=100,KOSIS
2024-08-01,공사비,건설공사비지수(총지수),항만시설 / 건설공사비지수,128.04,2020=100,KOSIS
2024-08-01,공사비,건설공사비지수(총지수),토목건설 / 건설공사비지수,131.58,2020=100,KOSIS
2024-08-01,공사비,건설공사비지수(총지수),도시토목 / 건설공사비지수,132.21,2020=100,KOSIS
2024-08-01,공사비,건설공사비지수(총지수),산업시설건설 / 건설공사비지수,131.49,2020=100,KOSIS
2024-08-01,공사비,건설공사비지수(총지수),건축보수 / 건설공사비지수,128.53,2020=100,KOSIS
2024-08-01,공사비,건설공사비지수(총지수),철도시설 / 건설공사비지수,128.4,2020=100,KOSIS
2024-08-01,공사비,건설공사비지수(총지수),주거용건물 / 건설공사비지수,128.7,2020=100,KOSIS
2024-09-01,공사비,건설공사비지수(총지수),상하수도시설 / 건설공사비지수,127.37,2020=100,KOSIS
2024-09-01,공사비,건설공사비지수(총지수),건축보수 / 건설공사비지수,129.16,2020=100,KOSIS
2024-09-01,공사비,건설공사비지수(총지수),건물건설 및 건축보수 / 건설공사비지수,129.68,2020=100,KOSIS
2024-09-01,공사비,건설공사비지수(총지수),기타건설 / 건설공사비지수,133.67,2020=100,KOSIS
2024-09-01,공사비,건설공사비지수(총지수),도시토목 / 건설공사비지수,132.57,2020=100,KOSIS
2024-09-01,공사비,건설공사비지수(총지수),도로시설 / 건설공사비지수,134.48,2020=100,KOSIS
2024-09-01,공사비,건설공사비지수(총지수),산업플랜트 / 건설공사비지수,128.33,2020=100,KOSIS
2024-09-01,공사비,건설공사비지수(총지수),철도시설 / 건설공사비지수,128.89,2020=100,KOSIS
2024-09-01,공사비,건설공사비지수(총지수),산업시설건설 / 건설공사비지수,132.35,2020=100,KOSIS
2024-09-01,공사비,건설공사비지수(총지수),비주거용건물 / 건설공사비지수,130.02,2020=100,KOSIS
2024-09-01,공사비,건설공사비지수(총지수),기타건설 / 건설공사비지수,133.67,2020=100,KOSIS
2024-09-01,공사비,건설공사비지수(총지수),주거용건물 / 건설공사비지수,129.43,2020=100,KOSIS
2024-09-01,공사비,건설공사비지수(총지수),발전소시설 / 건설공사비지수,136.42,2020=100,KOSIS
2024-09-01,공사비,건설공사비지수(총지수),농림수산토목 / 건설공사비지수,132.13,2020=100,KOSIS
2024-09-01,공사비,건설공사비지수(총지수),항만시설 / 건설공사비지수,128.41,2020=100,KOSIS
2024-09-01,공사비,건설공사비지수(총지수),비주거용건물 / 건설공사비지수,130.02,2020=100,KOSIS
2024-09-01,공사비,건설공사비지수(총지수),교통시설건설 / 건설공사비지수,132.6,2020=100,KOSIS
2024-09-01,공사비,건설공사비지수(총지수),건축보수 / 건설공사비지수,129.16,2020=100,KOSIS
2024-09-01,공사비,건설공사비지수(총지수),토목건설 / 건설공사비지수,132.18,2020=100,KOSIS
2024-09-01,공사비,건설공사비지수(총지수),하천사방 / 건설공사비지수,127.57,2020=100,KOSIS
2024-09-01,공사비,건설공사비지수(총지수),건설 / 건설공사비지수,130.39,2020=100,KOSIS
2024-09-01,공사비,건설공사비지수(총지수),일반토목시설건설 / 건설공사비지수,130.43,2020=100,KOSIS
2024-09-01,공사비,건설공사비지수(총지수),주거용건물 / 건설공사비지수,129.43,2020=100,KOSIS
2024-09-01,공사비,건설공사비지수(총지수),환경정화시설 / 건설공사비지수,132.59,2020=100,KOSIS
2024-10-01,공사비,건설공사비지수(총지수),토목건설 / 건설공사비지수,132.28,2020=100,KOSIS
2024-10-01,공사비,건설공사비지수(총지수),건물건설 및 건축보수 / 건설공사비지수,129.5,2020=100,KOSIS
2024-10-01,공사비,건설공사비지수(총지수),건축보수 / 건설공사비지수,129.05,2020=100,KOSIS
2024-10-01,공사비,건설공사비지수(총지수),기타건설 / 건설공사비지수,134.11,2020=100,KOSIS
2024-10-01,공사비,건설공사비지수(총지수),발전소시설 / 건설공사비지수,137.44,2020=100,KOSIS
2024-10-01,공사비,건설공사비지수(총지수),환경정화시설 / 건설공사비지수,132.28,2020=100,KOSIS
2024-10-01,공사비,건설공사비지수(총지수),도로시설 / 건설공사비지수,134.25,2020=100,KOSIS
2024-10-01,공사비,건설공사비지수(총지수),일반토목시설건설 / 건설공사비지수,130.26,2020=100,KOSIS
2024-10-01,공사비,건설공사비지수(총지수),산업시설건설 / 건설공사비지수,132.73,2020=100,KOSIS
2024-10-01,공사비,건설공사비지수(총지수),비주거용건물 / 건설공사비지수,129.85,2020=100,KOSIS
2024-10-01,공사비,건설공사비지수(총지수),항만시설 / 건설공사비지수,128.37,2020=100,KOSIS
2024-10-01,공사비,건설공사비지수(총지수),건축보수 / 건설공사비지수,129.05,2020=100,KOSIS
2024-10-01,공사비,건설공사비지수(총지수),하천사방 / 건설공사비지수,127.46,2020=100,KOSIS
2024-10-01,공사비,건설공사비지수(총지수),철도시설 / 건설공사비지수,128.73,2020=100,KOSIS
2024-10-01,공사비,건설공사비지수(총지수),기타건설 / 건설공사비지수,134.11,2020=100,KOSIS
2024-10-01,공사비,건설공사비지수(총지수),비주거용건물 / 건설공사비지수,129.85,2020=100,KOSIS
2024-10-01,공사비,건설공사비지수(총지수),상하수도시설 / 건설공사비지수,127.13,2020=100,KOSIS
2024-10-01,공사비,건설공사비지수(총지수),건설 / 건설공사비지수,130.29,2020=100,KOSIS
2024-10-01,공사비,건설공사비지수(총지수),농림수산토목 / 건설공사비지수,132.24,2020=100,KOSIS
2024-10-01,공사비,건설공사비지수(총지수),주거용건물 / 건설공사비지수,129.23,2020=100,KOSIS
2024-10-01,공사비,건설공사비지수(총지수),주거용건물 / 건설공사비지수,129.23,2020=100,KOSIS
2024-10-01,공사비,건설공사비지수(총지수),산업플랜트 / 건설공사비지수,128.2,2020=100,KOSIS
2024-10-01,공사비,건설공사비지수(총지수),도시토목 / 건설공사비지수,132.38,2020=100,KOSIS
2024-10-01,공사비,건설공사비지수(총지수),교통시설건설 / 건설공사비지수,132.4,2020=100,KOSIS
2024-11-01,공사비,건설공사비지수(총지수),교통시설건설 / 건설공사비지수,132.53,2020=100,KOSIS
2024-11-01,공사비,건설공사비지수(총지수),건축보수 / 건설공사비지수,128.96,2020=100,KOSIS
2024-11-01,공사비,건설공사비지수(총지수),기타건설 / 건설공사비지수,133.89,2020=100,KOSIS
2024-11-01,공사비,건설공사비지수(총지수),도시토목 / 건설공사비지수,132.49,2020=100,KOSIS
2024-11-01,공사비,건설공사비지수(총지수),발전소시설 / 건설공사비지수,136.99,2020=100,KOSIS
2024-11-01,공사비,건설공사비지수(총지수),비주거용건물 / 건설공사비지수,129.75,2020=100,KOSIS
2024-11-01,공사비,건설공사비지수(총지수),환경정화시설 / 건설공사비지수,132.14,2020=100,KOSIS
2024-11-01,공사비,건설공사비지수(총지수),건물건설 및 건축보수 / 건설공사비지수,129.42,2020=100,KOSIS
2024-11-01,공사비,건설공사비지수(총지수),일반토목시설건설 / 건설공사비지수,130.4,2020=100,KOSIS
2024-11-01,공사비,건설공사비지수(총지수),농림수산토목 / 건설공사비지수,132.86,2020=100,KOSIS
2024-11-01,공사비,건설공사비지수(총지수),건축보수 / 건설공사비지수,128.96,2020=100,KOSIS
2024-11-01,공사비,건설공사비지수(총지수),도로시설 / 건설공사비지수,134.41,2020=100,KOSIS
2024-11-01,공사비,건설공사비지수(총지수),토목건설 / 건설공사비지수,132.23,2020=100,KOSIS
2024-11-01,공사비,건설공사비지수(총지수),주거용건물 / 건설공사비지수,129.17,2020=100,KOSIS
2024-11-01,공사비,건설공사비지수(총지수),주거용건물 / 건설공사비지수,129.17,2020=100,KOSIS
2024-11-01,공사비,건설공사비지수(총지수),항만시설 / 건설공사비지수,128.57,2020=100,KOSIS
2024-11-01,공사비,건설공사비지수(총지수),산업시설건설 / 건설공사비지수,132.49,2020=100,KOSIS
2024-11-01,공사비,건설공사비지수(총지수),비주거용건물 / 건설공사비지수,129.75,2020=100,KOSIS
2024-11-01,공사비,건설공사비지수(총지수),산업플랜트 / 건설공사비지수,128.15,2020=100,KOSIS
2024-11-01,공사비,건설공사비지수(총지수),기타건설 / 건설공사비지수,133.89,2020=100,KOSIS
2024-11-01,공사비,건설공사비지수(총지수),상하수도시설 / 건설공사비지수,127.19,2020=100,KOSIS
2024-11-01,공사비,건설공사비지수(총지수),철도시설 / 건설공사비지수,128.75,2020=100,KOSIS
2024-11-01,공사비,건설공사비지수(총지수),하천사방 / 건설공사비지수,127.59,2020=100,KOSIS
2024-11-01,공사비,건설공사비지수(총지수),건설 / 건설공사비지수,130.22,2020=100,KOSIS
2024-12-01,공사비,건설공사비지수(총지수),건물건설 및 건축보수 / 건설공사비지수,129.27,2020=100,KOSIS
2024-12-01,공사비,건설공사비지수(총지수),항만시설 / 건설공사비지수,128.5,2020=100,KOSIS
2024-12-01,공사비,건설공사비지수(총지수),건축보수 / 건설공사비지수,128.87,2020=100,KOSIS
2024-12-01,공사비,건설공사비지수(총지수),일반토목시설건설 / 건설공사비지수,130.35,2020=100,KOSIS
2024-12-01,공사비,건설공사비지수(총지수),산업플랜트 / 건설공사비지수,128.05,2020=100,KOSIS
2024-12-01,공사비,건설공사비지수(총지수),도시토목 / 건설공사비지수,132.45,2020=100,KOSIS
2024-12-01,공사비,건설공사비지수(총지수),비주거용건물 / 건설공사비지수,129.61,2020=100,KOSIS
2024-12-01,공사비,건설공사비지수(총지수),건축보수 / 건설공사비지수,128.87,2020=100,KOSIS
2024-12-01,공사비,건설공사비지수(총지수),토목건설 / 건설공사비지수,132.27,2020=100,KOSIS
2024-12-01,공사비,건설공사비지수(총지수),주거용건물 / 건설공사비지수,129.01,2020=100,KOSIS
2024-12-01,공사비,건설공사비지수(총지수),하천사방 / 건설공사비지수,127.53,2020=100,KOSIS
2024-12-01,공사비,건설공사비지수(총지수),주거용건물 / 건설공사비지수,129.01,2020=100,KOSIS
2024-12-01,공사비,건설공사비지수(총지수),기타건설 / 건설공사비지수,134.04,2020=100,KOSIS
2024-12-01,공사비,건설공사비지수(총지수),기타건설 / 건설공사비지수,134.04,2020=100,KOSIS
2024-12-01,공사비,건설공사비지수(총지수),농림수산토목 / 건설공사비지수,132.79,2020=100,KOSIS
2024-12-01,공사비,건설공사비지수(총지수),환경정화시설 / 건설공사비지수,131.9,2020=100,KOSIS
2024-12-01,공사비,건설공사비지수(총지수),교통시설건설 / 건설공사비지수,132.48,2020=100,KOSIS
2024-12-01,공사비,건설공사비지수(총지수),산업시설건설 / 건설공사비지수,132.6,2020=100,KOSIS
2024-12-01,공사비,건설공사비지수(총지수),상하수도시설 / 건설공사비지수,127.16,2020=100,KOSIS
2024-12-01,공사비,건설공사비지수(총지수),도로시설 / 건설공사비지수,134.38,2020=100,KOSIS
2024-12-01,공사비,건설공사비지수(총지수),철도시설 / 건설공사비지수,128.66,2020=100,KOSIS
2024-12-01,공사비,건설공사비지수(총지수),비주거용건물 / 건설공사비지수,129.61,2020=100,KOSIS
2024-12-01,공사비,건설공사비지수(총지수),건설 / 건설공사비지수,130.12,2020=100,KOSIS
2024-12-01,공사비,건설공사비지수(총지수),발전소시설 / 건설공사비지수,137.38,2020=100,KOSIS
2025-01-01,공사비,건설공사비지수(총지수),환경정화시설 / 건설공사비지수,132.82,2020=100,KOSIS
2025-01-01,공사비,건설공사비지수(총지수),건축보수 / 건설공사비지수,129.69,2020=100,KOSIS
2025-01-01,공사비,건설공사비지수(총지수),기타건설 / 건설공사비지수,135.34,2020=100,KOSIS
2025-01-01,공사비,건설공사비지수(총지수),발전소시설 / 건설공사비지수,138.6,2020=100,KOSIS
2025-01-01,공사비,건설공사비지수(총지수),하천사방 / 건설공사비지수,128.46,2020=100,KOSIS
2025-01-01,공사비,건설공사비지수(총지수),상하수도시설 / 건설공사비지수,128.12,2020=100,KOSIS
2025-01-01,공사비,건설공사비지수(총지수),주거용건물 / 건설공사비지수,129.88,2020=100,KOSIS
2025-01-01,공사비,건설공사비지수(총지수),건설 / 건설공사비지수,131.03,2020=100,KOSIS
2025-01-01,공사비,건설공사비지수(총지수),항만시설 / 건설공사비지수,129.58,2020=100,KOSIS
2025-01-01,공사비,건설공사비지수(총지수),철도시설 / 건설공사비지수,129.34,2020=100,KOSIS
2025-01-01,공사비,건설공사비지수(총지수),교통시설건설 / 건설공사비지수,133.37,2020=100,KOSIS
2025-01-01,공사비,건설공사비지수(총지수),토목건설 / 건설공사비지수,133.28,2020=100,KOSIS
2025-01-01,공사비,건설공사비지수(총지수),산업플랜트 / 건설공사비지수,128.92,2020=100,KOSIS
2025-01-01,공사비,건설공사비지수(총지수),산업시설건설 / 건설공사비지수,133.64,2020=100,KOSIS
2025-01-01,공사비,건설공사비지수(총지수),기타건설 / 건설공사비지수,135.34,2020=100,KOSIS
2025-01-01,공사비,건설공사비지수(총지수),도시토목 / 건설공사비지수,133.44,2020=100,KOSIS
2025-01-01,공사비,건설공사비지수(총지수),비주거용건물 / 건설공사비지수,130.47,2020=100,KOSIS
2025-01-01,공사비,건설공사비지수(총지수),일반토목시설건설 / 건설공사비지수,131.33,2020=100,KOSIS
2025-01-01,공사비,건설공사비지수(총지수),주거용건물 / 건설공사비지수,129.88,2020=100,KOSIS
2025-01-01,공사비,건설공사비지수(총지수),건물건설 및 건축보수 / 건설공사비지수,130.13,2020=100,KOSIS
2025-01-01,공사비,건설공사비지수(총지수),도로시설 / 건설공사비지수,135.33,2020=100,KOSIS
2025-01-01,공사비,건설공사비지수(총지수),비주거용건물 / 건설공사비지수,130.47,2020=100,KOSIS
2025-01-01,공사비,건설공사비지수(총지수),농림수산토목 / 건설공사비지수,133.91,2020=100,KOSIS
2025-01-01,공사비,건설공사비지수(총지수),건축보수 / 건설공사비지수,129.69,2020=100,KOSIS
2025-02-01,공사비,건설공사비지수(총지수),산업시설건설 / 건설공사비지수,134.0,2020=100,KOSIS
2025-02-01,공사비,건설공사비지수(총지수),건축보수 / 건설공사비지수,129.64,2020=100,KOSIS
2025-02-01,공사비,건설공사비지수(총지수),철도시설 / 건설공사비지수,129.32,2020=100,KOSIS
2025-02-01,공사비,건설공사비지수(총지수),기타건설 / 건설공사비지수,135.7,2020=100,KOSIS
2025-02-01,공사비,건설공사비지수(총지수),도시토목 / 건설공사비지수,132.96,2020=100,KOSIS
2025-02-01,공사비,건설공사비지수(총지수),상하수도시설 / 건설공사비지수,128.16,2020=100,KOSIS
2025-02-01,공사비,건설공사비지수(총지수),항만시설 / 건설공사비지수,129.51,2020=100,KOSIS
2025-02-01,공사비,건설공사비지수(총지수),주거용건물 / 건설공사비지수,129.85,2020=100,KOSIS
2025-02-01,공사비,건설공사비지수(총지수),건설 / 건설공사비지수,131.02,2020=100,KOSIS
2025-02-01,공사비,건설공사비지수(총지수),발전소시설 / 건설공사비지수,139.49,2020=100,KOSIS
2025-02-01,공사비,건설공사비지수(총지수),건물건설 및 건축보수 / 건설공사비지수,130.1,2020=100,KOSIS
2025-02-01,공사비,건설공사비지수(총지수),주거용건물 / 건설공사비지수,129.85,2020=100,KOSIS
2025-02-01,공사비,건설공사비지수(총지수),토목건설 / 건설공사비지수,133.35,2020=100,KOSIS
2025-02-01,공사비,건설공사비지수(총지수),일반토목시설건설 / 건설공사비지수,131.09,2020=100,KOSIS
2025-02-01,공사비,건설공사비지수(총지수),기타건설 / 건설공사비지수,135.7,2020=100,KOSIS
2025-02-01,공사비,건설공사비지수(총지수),교통시설건설 / 건설공사비지수,133.16,2020=100,KOSIS
2025-02-01,공사비,건설공사비지수(총지수),농림수산토목 / 건설공사비지수,133.76,2020=100,KOSIS
2025-02-01,공사비,건설공사비지수(총지수),비주거용건물 / 건설공사비지수,130.44,2020=100,KOSIS
2025-02-01,공사비,건설공사비지수(총지수),건축보수 / 건설공사비지수,129.64,2020=100,KOSIS
2025-02-01,공사비,건설공사비지수(총지수),하천사방 / 건설공사비지수,128.39,2020=100,KOSIS
2025-02-01,공사비,건설공사비지수(총지수),환경정화시설 / 건설공사비지수,132.79,2020=100,KOSIS
2025-02-01,공사비,건설공사비지수(총지수),산업플랜트 / 건설공사비지수,128.83,2020=100,KOSIS
2025-02-01,공사비,건설공사비지수(총지수),도로시설 / 건설공사비지수,135.02,2020=100,KOSIS
2025-02-01,공사비,건설공사비지수(총지수),비주거용건물 / 건설공사비지수,130.44,2020=100,KOSIS
2025-03-01,공사비,건설공사비지수(총지수),토목건설 / 건설공사비지수,133.56,2020=100,KOSIS
2025-03-01,공사비,건설공사비지수(총지수),산업시설건설 / 건설공사비지수,134.75,2020=100,KOSIS
2025-03-01,공사비,건설공사비지수(총지수),건설 / 건설공사비지수,131.11,2020=100,KOSIS
2025-03-01,공사비,건설공사비지수(총지수),산업플랜트 / 건설공사비지수,129.03,2020=100,KOSIS
2025-03-01,공사비,건설공사비지수(총지수),도로시설 / 건설공사비지수,134.55,2020=100,KOSIS
2025-03-01,공사비,건설공사비지수(총지수),도시토목 / 건설공사비지수,132.67,2020=100,KOSIS
2025-03-01,공사비,건설공사비지수(총지수),비주거용건물 / 건설공사비지수,130.53,2020=100,KOSIS
2025-03-01,공사비,건설공사비지수(총지수),교통시설건설 / 건설공사비지수,132.8,2020=100,KOSIS
2025-03-01,공사비,건설공사비지수(총지수),기타건설 / 건설공사비지수,136.32,2020=100,KOSIS
2025-03-01,공사비,건설공사비지수(총지수),환경정화시설 / 건설공사비지수,133.01,2020=100,KOSIS
2025-03-01,공사비,건설공사비지수(총지수),발전소시설 / 건설공사비지수,140.87,2020=100,KOSIS
2025-03-01,공사비,건설공사비지수(총지수),하천사방 / 건설공사비지수,128.19,2020=100,KOSIS
2025-03-01,공사비,건설공사비지수(총지수),기타건설 / 건설공사비지수,136.32,2020=100,KOSIS
2025-03-01,공사비,건설공사비지수(총지수),비주거용건물 / 건설공사비지수,130.53,2020=100,KOSIS
2025-03-01,공사비,건설공사비지수(총지수),상하수도시설 / 건설공사비지수,128.1,2020=100,KOSIS
2025-03-01,공사비,건설공사비지수(총지수),철도시설 / 건설공사비지수,129.27,2020=100,KOSIS
2025-03-01,공사비,건설공사비지수(총지수),일반토목시설건설 / 건설공사비지수,130.9,2020=100,KOSIS
2025-03-01,공사비,건설공사비지수(총지수),건물건설 및 건축보수 / 건설공사비지수,130.14,2020=100,KOSIS
2025-03-01,공사비,건설공사비지수(총지수),건축보수 / 건설공사비지수,129.85,2020=100,KOSIS
2025-03-01,공사비,건설공사비지수(총지수),농림수산토목 / 건설공사비지수,133.67,2020=100,KOSIS
2025-03-01,공사비,건설공사비지수(총지수),항만시설 / 건설공사비지수,129.22,2020=100,KOSIS
2025-03-01,공사비,건설공사비지수(총지수),건축보수 / 건설공사비지수,129.85,2020=100,KOSIS
2025-03-01,공사비,건설공사비지수(총지수),주거용건물 / 건설공사비지수,129.8,2020=100,KOSIS
2025-03-01,공사비,건설공사비지수(총지수),주거용건물 / 건설공사비지수,129.8,2020=100,KOSIS
2025-04-01,공사비,건설공사비지수(총지수),주거용건물 / 건설공사비지수,129.81,2020=100,KOSIS
2025-04-01,공사비,건설공사비지수(총지수),교통시설건설 / 건설공사비지수,133.07,2020=100,KOSIS
2025-04-01,공사비,건설공사비지수(총지수),상하수도시설 / 건설공사비지수,128.09,2020=100,KOSIS
2025-04-01,공사비,건설공사비지수(총지수),건물건설 및 건축보수 / 건설공사비지수,130.14,2020=100,KOSIS
2025-04-01,공사비,건설공사비지수(총지수),기타건설 / 건설공사비지수,135.6,2020=100,KOSIS
2025-04-01,공사비,건설공사비지수(총지수),하천사방 / 건설공사비지수,128.29,2020=100,KOSIS
2025-04-01,공사비,건설공사비지수(총지수),농림수산토목 / 건설공사비지수,133.57,2020=100,KOSIS
2025-04-01,공사비,건설공사비지수(총지수),주거용건물 / 건설공사비지수,129.81,2020=100,KOSIS
2025-04-01,공사비,건설공사비지수(총지수),산업플랜트 / 건설공사비지수,128.99,2020=100,KOSIS
2025-04-01,공사비,건설공사비지수(총지수),비주거용건물 / 건설공사비지수,130.53,2020=100,KOSIS
2025-04-01,공사비,건설공사비지수(총지수),철도시설 / 건설공사비지수,129.23,2020=100,KOSIS
2025-04-01,공사비,건설공사비지수(총지수),건설 / 건설공사비지수,131.06,2020=100,KOSIS
2025-04-01,공사비,건설공사비지수(총지수),환경정화시설 / 건설공사비지수,133.14,2020=100,KOSIS
2025-04-01,공사비,건설공사비지수(총지수),발전소시설 / 건설공사비지수,139.58,2020=100,KOSIS
2025-04-01,공사비,건설공사비지수(총지수),도시토목 / 건설공사비지수,133.34,2020=100,KOSIS
2025-04-01,공사비,건설공사비지수(총지수),비주거용건물 / 건설공사비지수,130.53,2020=100,KOSIS
2025-04-01,공사비,건설공사비지수(총지수),도로시설 / 건설공사비지수,134.96,2020=100,KOSIS
2025-04-01,공사비,건설공사비지수(총지수),건축보수 / 건설공사비지수,129.76,2020=100,KOSIS
2025-04-01,공사비,건설공사비지수(총지수),산업시설건설 / 건설공사비지수,134.14,2020=100,KOSIS
2025-04-01,공사비,건설공사비지수(총지수),토목건설 / 건설공사비지수,133.39,2020=100,KOSIS
2025-04-01,공사비,건설공사비지수(총지수),항만시설 / 건설공사비지수,129.18,2020=100,KOSIS
2025-04-01,공사비,건설공사비지수(총지수),일반토목시설건설 / 건설공사비지수,131.2,2020=100,KOSIS
2025-04-01,공사비,건설공사비지수(총지수),기타건설 / 건설공사비지수,135.6,2020=100,KOSIS
2025-04-01,공사비,건설공사비지수(총지수),건축보수 / 건설공사비지수,129.76,2020=100,KOSIS
2025-05-01,공사비,건설공사비지수(총지수),건축보수 / 건설공사비지수,129.72,2020=100,KOSIS
2025-05-01,공사비,건설공사비지수(총지수),주거용건물 / 건설공사비지수,129.82,2020=100,KOSIS
2025-05-01,공사비,건설공사비지수(총지수),건물건설 및 건축보수 / 건설공사비지수,130.15,2020=100,KOSIS
2025-05-01,공사비,건설공사비지수(총지수),주거용건물 / 건설공사비지수,129.82,2020=100,KOSIS
2025-05-01,공사비,건설공사비지수(총지수),비주거용건물 / 건설공사비지수,130.56,2020=100,KOSIS
2025-05-01,공사비,건설공사비지수(총지수),토목건설 / 건설공사비지수,133.24,2020=100,KOSIS
2025-05-01,공사비,건설공사비지수(총지수),비주거용건물 / 건설공사비지수,130.56,2020=100,KOSIS
2025-05-01,공사비,건설공사비지수(총지수),산업플랜트 / 건설공사비지수,129.0,2020=100,KOSIS
2025-05-01,공사비,건설공사비지수(총지수),기타건설 / 건설공사비지수,135.38,2020=100,KOSIS
2025-05-01,공사비,건설공사비지수(총지수),건축보수 / 건설공사비지수,129.72,2020=100,KOSIS
2025-05-01,공사비,건설공사비지수(총지수),건설 / 건설공사비지수,131.03,2020=100,KOSIS
2025-05-01,공사비,건설공사비지수(총지수),철도시설 / 건설공사비지수,129.22,2020=100,KOSIS
2025-05-01,공사비,건설공사비지수(총지수),상하수도시설 / 건설공사비지수,127.98,2020=100,KOSIS
2025-05-01,공사비,건설공사비지수(총지수),농림수산토목 / 건설공사비지수,133.39,2020=100,KOSIS
2025-05-01,공사비,건설공사비지수(총지수),도로시설 / 건설공사비지수,134.72,2020=100,KOSIS
2025-05-01,공사비,건설공사비지수(총지수),환경정화시설 / 건설공사비지수,133.18,2020=100,KOSIS
2025-05-01,공사비,건설공사비지수(총지수),산업시설건설 / 건설공사비지수,134.07,2020=100,KOSIS
2025-05-01,공사비,건설공사비지수(총지수),하천사방 / 건설공사비지수,128.16,2020=100,KOSIS
2025-05-01,공사비,건설공사비지수(총지수),일반토목시설건설 / 건설공사비지수,131.04,2020=100,KOSIS
2025-05-01,공사비,건설공사비지수(총지수),기타건설 / 건설공사비지수,135.38,2020=100,KOSIS
2025-05-01,공사비,건설공사비지수(총지수),도시토목 / 건설공사비지수,133.14,2020=100,KOSIS
2025-05-01,공사비,건설공사비지수(총지수),발전소시설 / 건설공사비지수,139.4,2020=100,KOSIS
2025-05-01,공사비,건설공사비지수(총지수),교통시설건설 / 건설공사비지수,132.89,2020=100,KOSIS
2025-05-01,공사비,건설공사비지수(총지수),항만시설 / 건설공사비지수,129.01,2020=100,KOSIS
2025-06-01,공사비,건설공사비지수(총지수),철도시설 / 건설공사비지수,129.3,2020=100,KOSIS
2025-06-01,공사비,건설공사비지수(총지수),주거용건물 / 건설공사비지수,129.82,2020=100,KOSIS
2025-06-01,공사비,건설공사비지수(총지수),주거용건물 / 건설공사비지수,129.82,2020=100,KOSIS
2025-06-01,공사비,건설공사비지수(총지수),건축보수 / 건설공사비지수,129.79,2020=100,KOSIS
2025-06-01,공사비,건설공사비지수(총지수),도시토목 / 건설공사비지수,132.52,2020=100,KOSIS
2025-06-01,공사비,건설공사비지수(총지수),농림수산토목 / 건설공사비지수,133.41,2020=100,KOSIS
2025-06-01,공사비,건설공사비지수(총지수),교통시설건설 / 건설공사비지수,132.6,2020=100,KOSIS
2025-06-01,공사비,건설공사비지수(총지수),상하수도시설 / 건설공사비지수,127.89,2020=100,KOSIS
2025-06-01,공사비,건설공사비지수(총지수),토목건설 / 건설공사비지수,133.21,2020=100,KOSIS
2025-06-01,공사비,건설공사비지수(총지수),건축보수 / 건설공사비지수,129.79,2020=100,KOSIS
2025-06-01,공사비,건설공사비지수(총지수),기타건설 / 건설공사비지수,135.58,2020=100,KOSIS
2025-06-01,공사비,건설공사비지수(총지수),하천사방 / 건설공사비지수,128.22,2020=100,KOSIS
2025-06-01,공사비,건설공사비지수(총지수),비주거용건물 / 건설공사비지수,130.59,2020=100,KOSIS
2025-06-01,공사비,건설공사비지수(총지수),비주거용건물 / 건설공사비지수,130.59,2020=100,KOSIS
2025-06-01,공사비,건설공사비지수(총지수),일반토목시설건설 / 건설공사비지수,130.73,2020=100,KOSIS
2025-06-01,공사비,건설공사비지수(총지수),항만시설 / 건설공사비지수,129.06,2020=100,KOSIS
2025-06-01,공사비,건설공사비지수(총지수),건물건설 및 건축보수 / 건설공사비지수,130.17,2020=100,KOSIS
2025-06-01,공사비,건설공사비지수(총지수),발전소시설 / 건설공사비지수,139.94,2020=100,KOSIS
2025-06-01,공사비,건설공사비지수(총지수),건설 / 건설공사비지수,131.04,2020=100,KOSIS
2025-06-01,공사비,건설공사비지수(총지수),환경정화시설 / 건설공사비지수,133.09,2020=100,KOSIS
2025-06-01,공사비,건설공사비지수(총지수),도로시설 / 건설공사비지수,134.25,2020=100,KOSIS
2025-06-01,공사비,건설공사비지수(총지수),산업시설건설 / 건설공사비지수,134.33,2020=100,KOSIS
2025-06-01,공사비,건설공사비지수(총지수),기타건설 / 건설공사비지수,135.58,2020=100,KOSIS
2025-06-01,공사비,건설공사비지수(총지수),산업플랜트 / 건설공사비지수,129.03,2020=100,KOSIS
2025-07-01,공사비,건설공사비지수(총지수),건물건설 및 건축보수 / 건설공사비지수,130.18,2020=100,KOSIS
2025-07-01,공사비,건설공사비지수(총지수),농림수산토목 / 건설공사비지수,133.54,2020=100,KOSIS
2025-07-01,공사비,건설공사비지수(총지수),건설 / 건설공사비지수,131.02,2020=100,KOSIS
2025-07-01,공사비,건설공사비지수(총지수),주거용건물 / 건설공사비지수,129.85,2020=100,KOSIS
2025-07-01,공사비,건설공사비지수(총지수),상하수도시설 / 건설공사비지수,127.66,2020=100,KOSIS
2025-07-01,공사비,건설공사비지수(총지수),산업플랜트 / 건설공사비지수,128.91,2020=100,KOSIS
2025-07-01,공사비,건설공사비지수(총지수),건축보수 / 건설공사비지수,129.74,2020=100,KOSIS
2025-07-01,공사비,건설공사비지수(총지수),기타건설 / 건설공사비지수,135.59,2020=100,KOSIS
2025-07-01,공사비,건설공사비지수(총지수),산업시설건설 / 건설공사비지수,134.23,2020=100,KOSIS
2025-07-01,공사비,건설공사비지수(총지수),하천사방 / 건설공사비지수,128.31,2020=100,KOSIS
2025-07-01,공사비,건설공사비지수(총지수),비주거용건물 / 건설공사비지수,130.59,2020=100,KOSIS
2025-07-01,공사비,건설공사비지수(총지수),비주거용건물 / 건설공사비지수,130.59,2020=100,KOSIS
2025-07-01,공사비,건설공사비지수(총지수),일반토목시설건설 / 건설공사비지수,130.59,2020=100,KOSIS
2025-07-01,공사비,건설공사비지수(총지수),교통시설건설 / 건설공사비지수,132.52,2020=100,KOSIS
2025-07-01,공사비,건설공사비지수(총지수),기타건설 / 건설공사비지수,135.59,2020=100,KOSIS
2025-07-01,공사비,건설공사비지수(총지수),건축보수 / 건설공사비지수,129.74,2020=100,KOSIS
2025-07-01,공사비,건설공사비지수(총지수),발전소시설 / 건설공사비지수,139.88,2020=100,KOSIS
2025-07-01,공사비,건설공사비지수(총지수),항만시설 / 건설공사비지수,129.19,2020=100,KOSIS
2025-07-01,공사비,건설공사비지수(총지수),환경정화시설 / 건설공사비지수,132.99,2020=100,KOSIS
2025-07-01,공사비,건설공사비지수(총지수),도로시설 / 건설공사비지수,134.16,2020=100,KOSIS
2025-07-01,공사비,건설공사비지수(총지수),토목건설 / 건설공사비지수,133.13,2020=100,KOSIS
2025-07-01,공사비,건설공사비지수(총지수),철도시설 / 건설공사비지수,129.2,2020=100,KOSIS
2025-07-01,공사비,건설공사비지수(총지수),주거용건물 / 건설공사비지수,129.85,2020=100,KOSIS
2025-07-01,공사비,건설공사비지수(총지수),도시토목 / 건설공사비지수,132.33,2020=100,KOSIS
2025-08-01,공사비,건설공사비지수(총지수),건축보수 / 건설공사비지수,129.68,2020=100,KOSIS
2025-08-01,공사비,건설공사비지수(총지수),상하수도시설 / 건설공사비지수,127.61,2020=100,KOSIS
2025-08-01,공사비,건설공사비지수(총지수),도시토목 / 건설공사비지수,132.2,2020=100,KOSIS
2025-08-01,공사비,건설공사비지수(총지수),건축보수 / 건설공사비지수,129.68,2020=100,KOSIS
2025-08-01,공사비,건설공사비지수(총지수),산업시설건설 / 건설공사비지수,134.23,2020=100,KOSIS
2025-08-01,공사비,건설공사비지수(총지수),주거용건물 / 건설공사비지수,129.72,2020=100,KOSIS
2025-08-01,공사비,건설공사비지수(총지수),항만시설 / 건설공사비지수,129.14,2020=100,KOSIS
2025-08-01,공사비,건설공사비지수(총지수),하천사방 / 건설공사비지수,128.33,2020=100,KOSIS
2025-08-01,공사비,건설공사비지수(총지수),기타건설 / 건설공사비지수,135.48,2020=100,KOSIS
2025-08-01,공사비,건설공사비지수(총지수),비주거용건물 / 건설공사비지수,130.48,2020=100,KOSIS
2025-08-01,공사비,건설공사비지수(총지수),비주거용건물 / 건설공사비지수,130.48,2020=100,KOSIS
2025-08-01,공사비,건설공사비지수(총지수),산업플랜트 / 건설공사비지수,128.92,2020=100,KOSIS
2025-08-01,공사비,건설공사비지수(총지수),주거용건물 / 건설공사비지수,129.72,2020=100,KOSIS
2025-08-01,공사비,건설공사비지수(총지수),발전소시설 / 건설공사비지수,139.86,2020=100,KOSIS
2025-08-01,공사비,건설공사비지수(총지수),건물건설 및 건축보수 / 건설공사비지수,130.07,2020=100,KOSIS
2025-08-01,공사비,건설공사비지수(총지수),건설 / 건설공사비지수,130.91,2020=100,KOSIS
2025-08-01,공사비,건설공사비지수(총지수),철도시설 / 건설공사비지수,128.95,2020=100,KOSIS
2025-08-01,공사비,건설공사비지수(총지수),토목건설 / 건설공사비지수,133.03,2020=100,KOSIS
2025-08-01,공사비,건설공사비지수(총지수),일반토목시설건설 / 건설공사비지수,130.51,2020=100,KOSIS
2025-08-01,공사비,건설공사비지수(총지수),농림수산토목 / 건설공사비지수,133.52,2020=100,KOSIS
2025-08-01,공사비,건설공사비지수(총지수),도로시설 / 건설공사비지수,133.94,2020=100,KOSIS
2025-08-01,공사비,건설공사비지수(총지수),교통시설건설 / 건설공사비지수,132.3,2020=100,KOSIS
2025-08-01,공사비,건설공사비지수(총지수),환경정화시설 / 건설공사비지수,133.03,2020=100,KOSIS
2025-08-01,공사비,건설공사비지수(총지수),기타건설 / 건설공사비지수,135.48,2020=100,KOSIS
2025-09-01,공사비,건설공사비지수(총지수),산업시설건설 / 건설공사비지수,135.39,2020=100,KOSIS
2025-09-01,공사비,건설공사비지수(총지수),비주거용건물 / 건설공사비지수,131.19,2020=100,KOSIS
2025-09-01,공사비,건설공사비지수(총지수),일반토목시설건설 / 건설공사비지수,131.24,2020=100,KOSIS
2025-09-01,공사비,건설공사비지수(총지수),토목건설 / 건설공사비지수,133.97,2020=100,KOSIS
2025-09-01,공사비,건설공사비지수(총지수),건물건설 및 건축보수 / 건설공사비지수,130.74,2020=100,KOSIS
2025-09-01,공사비,건설공사비지수(총지수),환경정화시설 / 건설공사비지수,133.66,2020=100,KOSIS
2025-09-01,공사비,건설공사비지수(총지수),비주거용건물 / 건설공사비지수,131.19,2020=100,KOSIS
2025-09-01,공사비,건설공사비지수(총지수),발전소시설 / 건설공사비지수,141.37,2020=100,KOSIS
2025-09-01,공사비,건설공사비지수(총지수),하천사방 / 건설공사비지수,129.18,2020=100,KOSIS
2025-09-01,공사비,건설공사비지수(총지수),교통시설건설 / 건설공사비지수,132.96,2020=100,KOSIS
2025-09-01,공사비,건설공사비지수(총지수),주거용건물 / 건설공사비지수,130.32,2020=100,KOSIS
2025-09-01,공사비,건설공사비지수(총지수),도로시설 / 건설공사비지수,134.54,2020=100,KOSIS
2025-09-01,공사비,건설공사비지수(총지수),농림수산토목 / 건설공사비지수,134.33,2020=100,KOSIS
2025-09-01,공사비,건설공사비지수(총지수),건축보수 / 건설공사비지수,130.44,2020=100,KOSIS
2025-09-01,공사비,건설공사비지수(총지수),건설 / 건설공사비지수,131.66,2020=100,KOSIS
2025-09-01,공사비,건설공사비지수(총지수),철도시설 / 건설공사비지수,129.71,2020=100,KOSIS
2025-09-01,공사비,건설공사비지수(총지수),주거용건물 / 건설공사비지수,130.32,2020=100,KOSIS
2025-09-01,공사비,건설공사비지수(총지수),산업플랜트 / 건설공사비지수,129.82,2020=100,KOSIS
2025-09-01,공사비,건설공사비지수(총지수),상하수도시설 / 건설공사비지수,128.36,2020=100,KOSIS
2025-09-01,공사비,건설공사비지수(총지수),기타건설 / 건설공사비지수,136.76,2020=100,KOSIS
2025-09-01,공사비,건설공사비지수(총지수),건축보수 / 건설공사비지수,130.44,2020=100,KOSIS
2025-09-01,공사비,건설공사비지수(총지수),항만시설 / 건설공사비지수,129.92,2020=100,KOSIS
2025-09-01,공사비,건설공사비지수(총지수),기타건설 / 건설공사비지수,136.76,2020=100,KOSIS
2025-09-01,공사비,건설공사비지수(총지수),도시토목 / 건설공사비지수,132.87,2020=100,KOSIS
2025-10-01,공사비,건설공사비지수(총지수),상하수도시설 / 건설공사비지수,128.52,2020=100,KOSIS
2025-10-01,공사비,건설공사비지수(총지수),주거용건물 / 건설공사비지수,130.43,2020=100,KOSIS
2025-10-01,공사비,건설공사비지수(총지수),비주거용건물 / 건설공사비지수,131.33,2020=100,KOSIS
2025-10-01,공사비,건설공사비지수(총지수),하천사방 / 건설공사비지수,129.35,2020=100,KOSIS
2025-10-01,공사비,건설공사비지수(총지수),환경정화시설 / 건설공사비지수,133.76,2020=100,KOSIS
2025-10-01,공사비,건설공사비지수(총지수),산업시설건설 / 건설공사비지수,136.86,2020=100,KOSIS
2025-10-01,공사비,건설공사비지수(총지수),건설 / 건설공사비지수,131.97,2020=100,KOSIS
2025-10-01,공사비,건설공사비지수(총지수),도시토목 / 건설공사비지수,132.93,2020=100,KOSIS
2025-10-01,공사비,건설공사비지수(총지수),기타건설 / 건설공사비지수,138.32,2020=100,KOSIS
2025-10-01,공사비,건설공사비지수(총지수),농림수산토목 / 건설공사비지수,134.44,2020=100,KOSIS
2025-10-01,공사비,건설공사비지수(총지수),주거용건물 / 건설공사비지수,130.43,2020=100,KOSIS
2025-10-01,공사비,건설공사비지수(총지수),건물건설 및 건축보수 / 건설공사비지수,130.87,2020=100,KOSIS
2025-10-01,공사비,건설공사비지수(총지수),일반토목시설건설 / 건설공사비지수,131.36,2020=100,KOSIS
2025-10-01,공사비,건설공사비지수(총지수),기타건설 / 건설공사비지수,138.32,2020=100,KOSIS
2025-10-01,공사비,건설공사비지수(총지수),토목건설 / 건설공사비지수,134.76,2020=100,KOSIS
2025-10-01,공사비,건설공사비지수(총지수),건축보수 / 건설공사비지수,130.62,2020=100,KOSIS
2025-10-01,공사비,건설공사비지수(총지수),비주거용건물 / 건설공사비지수,131.33,2020=100,KOSIS
2025-10-01,공사비,건설공사비지수(총지수),교통시설건설 / 건설공사비지수,133.08,2020=100,KOSIS
2025-10-01,공사비,건설공사비지수(총지수),철도시설 / 건설공사비지수,129.86,2020=100,KOSIS
2025-10-01,공사비,건설공사비지수(총지수),산업플랜트 / 건설공사비지수,130.08,2020=100,KOSIS
2025-10-01,공사비,건설공사비지수(총지수),건축보수 / 건설공사비지수,130.62,2020=100,KOSIS
2025-10-01,공사비,건설공사비지수(총지수),도로시설 / 건설공사비지수,134.64,2020=100,KOSIS
2025-10-01,공사비,건설공사비지수(총지수),발전소시설 / 건설공사비지수,144.28,2020=100,KOSIS
2025-10-01,공사비,건설공사비지수(총지수),항만시설 / 건설공사비지수,130.11,2020=100,KOSIS
2025-11-01,공사비,건설공사비지수(총지수),도시토목 / 건설공사비지수,133.53,2020=100,KOSIS
2025-11-01,공사비,건설공사비지수(총지수),도로시설 / 건설공사비지수,135.13,2020=100,KOSIS
2025-11-01,공사비,건설공사비지수(총지수),하천사방 / 건설공사비지수,129.96,2020=100,KOSIS
2025-11-01,공사비,건설공사비지수(총지수),주거용건물 / 건설공사비지수,130.73,2020=100,KOSIS
2025-11-01,공사비,건설공사비지수(총지수),발전소시설 / 건설공사비지수,146.1,2020=100,KOSIS
2025-11-01,공사비,건설공사비지수(총지수),기타건설 / 건설공사비지수,139.6,2020=100,KOSIS
2025-11-01,공사비,건설공사비지수(총지수),건축보수 / 건설공사비지수,131.08,2020=100,KOSIS
2025-11-01,공사비,건설공사비지수(총지수),철도시설 / 건설공사비지수,130.21,2020=100,KOSIS
2025-11-01,공사비,건설공사비지수(총지수),주거용건물 / 건설공사비지수,130.73,2020=100,KOSIS
2025-11-01,공사비,건설공사비지수(총지수),건축보수 / 건설공사비지수,131.08,2020=100,KOSIS
2025-11-01,공사비,건설공사비지수(총지수),항만시설 / 건설공사비지수,130.81,2020=100,KOSIS
2025-11-01,공사비,건설공사비지수(총지수),농림수산토목 / 건설공사비지수,135.26,2020=100,KOSIS
2025-11-01,공사비,건설공사비지수(총지수),상하수도시설 / 건설공사비지수,128.77,2020=100,KOSIS
2025-11-01,공사비,건설공사비지수(총지수),토목건설 / 건설공사비지수,135.53,2020=100,KOSIS
2025-11-01,공사비,건설공사비지수(총지수),산업시설건설 / 건설공사비지수,137.84,2020=100,KOSIS
2025-11-01,공사비,건설공사비지수(총지수),일반토목시설건설 / 건설공사비지수,131.87,2020=100,KOSIS
2025-11-01,공사비,건설공사비지수(총지수),기타건설 / 건설공사비지수,139.6,2020=100,KOSIS
2025-11-01,공사비,건설공사비지수(총지수),환경정화시설 / 건설공사비지수,134.15,2020=100,KOSIS
2025-11-01,공사비,건설공사비지수(총지수),교통시설건설 / 건설공사비지수,133.55,2020=100,KOSIS
2025-11-01,공사비,건설공사비지수(총지수),건설 / 건설공사비지수,132.45,2020=100,KOSIS
2025-11-01,공사비,건설공사비지수(총지수),건물건설 및 건축보수 / 건설공사비지수,131.23,2020=100,KOSIS
2025-11-01,공사비,건설공사비지수(총지수),비주거용건물 / 건설공사비지수,131.72,2020=100,KOSIS
2025-11-01,공사비,건설공사비지수(총지수),비주거용건물 / 건설공사비지수,131.72,2020=100,KOSIS
2025-11-01,공사비,건설공사비지수(총지수),산업플랜트 / 건설공사비지수,130.33,2020=100,KOSIS
2025-12-01,공사비,건설공사비지수(총지수),기타건설 / 건설공사비지수,141.02,2020=100,KOSIS
2025-12-01,공사비,건설공사비지수(총지수),산업시설건설 / 건설공사비지수,139.4,2020=100,KOSIS
2025-12-01,공사비,건설공사비지수(총지수),주거용건물 / 건설공사비지수,130.76,2020=100,KOSIS
2025-12-01,공사비,건설공사비지수(총지수),상하수도시설 / 건설공사비지수,128.69,2020=100,KOSIS
2025-12-01,공사비,건설공사비지수(총지수),철도시설 / 건설공사비지수,130.35,2020=100,KOSIS
2025-12-01,공사비,건설공사비지수(총지수),산업플랜트 / 건설공사비지수,130.63,2020=100,KOSIS
2025-12-01,공사비,건설공사비지수(총지수),건설 / 건설공사비지수,132.7,2020=100,KOSIS
2025-12-01,공사비,건설공사비지수(총지수),주거용건물 / 건설공사비지수,130.76,2020=100,KOSIS
2025-12-01,공사비,건설공사비지수(총지수),환경정화시설 / 건설공사비지수,134.43,2020=100,KOSIS
2025-12-01,공사비,건설공사비지수(총지수),건축보수 / 건설공사비지수,131.31,2020=100,KOSIS
2025-12-01,공사비,건설공사비지수(총지수),도로시설 / 건설공사비지수,134.82,2020=100,KOSIS
2025-12-01,공사비,건설공사비지수(총지수),토목건설 / 건설공사비지수,136.19,2020=100,KOSIS
2025-12-01,공사비,건설공사비지수(총지수),도시토목 / 건설공사비지수,133.22,2020=100,KOSIS
2025-12-01,공사비,건설공사비지수(총지수),교통시설건설 / 건설공사비지수,133.36,2020=100,KOSIS
2025-12-01,공사비,건설공사비지수(총지수),건물건설 및 건축보수 / 건설공사비지수,131.32,2020=100,KOSIS
2025-12-01,공사비,건설공사비지수(총지수),농림수산토목 / 건설공사비지수,135.02,2020=100,KOSIS
2025-12-01,공사비,건설공사비지수(총지수),항만시설 / 건설공사비지수,130.56,2020=100,KOSIS
2025-12-01,공사비,건설공사비지수(총지수),기타건설 / 건설공사비지수,141.02,2020=100,KOSIS
2025-12-01,공사비,건설공사비지수(총지수),비주거용건물 / 건설공사비지수,131.83,2020=100,KOSIS
2025-12-01,공사비,건설공사비지수(총지수),비주거용건물 / 건설공사비지수,131.83,2020=100,KOSIS
2025-12-01,공사비,건설공사비지수(총지수),발전소시설 / 건설공사비지수,149.14,2020=100,KOSIS
2025-12-01,공사비,건설공사비지수(총지수),하천사방 / 건설공사비지수,129.87,2020=100,KOSIS
2025-12-01,공사비,건설공사비지수(총지수),건축보수 / 건설공사비지수,131.31,2020=100,KOSIS
2025-12-01,공사비,건설공사비지수(총지수),일반토목시설건설 / 건설공사비지수,131.67,2020=100,KOSIS
2026-01-01,공사비,건설공사비지수(총지수),도로시설 / 건설공사비지수,134.86,2020=100,KOSIS
2026-01-01,공사비,건설공사비지수(총지수),건설 / 건설공사비지수,133.52,2020=100,KOSIS
2026-01-01,공사비,건설공사비지수(총지수),건물건설 및 건축보수 / 건설공사비지수,131.95,2020=100,KOSIS
2026-01-01,공사비,건설공사비지수(총지수),비주거용건물 / 건설공사비지수,132.5,2020=100,KOSIS
2026-01-01,공사비,건설공사비지수(총지수),일반토목시설건설 / 건설공사비지수,131.8,2020=100,KOSIS
2026-01-01,공사비,건설공사비지수(총지수),건축보수 / 건설공사비지수,131.92,2020=100,KOSIS
2026-01-01,공사비,건설공사비지수(총지수),항만시설 / 건설공사비지수,130.89,2020=100,KOSIS
2026-01-01,공사비,건설공사비지수(총지수),토목건설 / 건설공사비지수,137.51,2020=100,KOSIS
2026-01-01,공사비,건설공사비지수(총지수),주거용건물 / 건설공사비지수,131.36,2020=100,KOSIS
2026-01-01,공사비,건설공사비지수(총지수),산업플랜트 / 건설공사비지수,131.3,2020=100,KOSIS
2026-01-01,공사비,건설공사비지수(총지수),기타건설 / 건설공사비지수,143.59,2020=100,KOSIS
2026-01-01,공사비,건설공사비지수(총지수),기타건설 / 건설공사비지수,143.59,2020=100,KOSIS
2026-01-01,공사비,건설공사비지수(총지수),환경정화시설 / 건설공사비지수,135.04,2020=100,KOSIS
2026-01-01,공사비,건설공사비지수(총지수),농림수산토목 / 건설공사비지수,135.19,2020=100,KOSIS
2026-01-01,공사비,건설공사비지수(총지수),도시토목 / 건설공사비지수,133.2,2020=100,KOSIS
2026-01-01,공사비,건설공사비지수(총지수),하천사방 / 건설공사비지수,130.15,2020=100,KOSIS
2026-01-01,공사비,건설공사비지수(총지수),건축보수 / 건설공사비지수,131.92,2020=100,KOSIS
2026-01-01,공사비,건설공사비지수(총지수),주거용건물 / 건설공사비지수,131.36,2020=100,KOSIS
2026-01-01,공사비,건설공사비지수(총지수),비주거용건물 / 건설공사비지수,132.5,2020=100,KOSIS
2026-01-01,공사비,건설공사비지수(총지수),발전소시설 / 건설공사비지수,153.88,2020=100,KOSIS
2026-01-01,공사비,건설공사비지수(총지수),교통시설건설 / 건설공사비지수,133.49,2020=100,KOSIS
2026-01-01,공사비,건설공사비지수(총지수),산업시설건설 / 건설공사비지수,141.94,2020=100,KOSIS
2026-01-01,공사비,건설공사비지수(총지수),상하수도시설 / 건설공사비지수,129.0,2020=100,KOSIS
2026-01-01,공사비,건설공사비지수(총지수),철도시설 / 건설공사비지수,130.65,2020=100,KOSIS
2026-02-01,공사비,건설공사비지수(총지수),주거용건물 / 건설공사비지수,131.56,2020=100,KOSIS
2026-02-01,공사비,건설공사비지수(총지수),기타건설 / 건설공사비지수,143.92,2020=100,KOSIS
2026-02-01,공사비,건설공사비지수(총지수),일반토목시설건설 / 건설공사비지수,132.22,2020=100,KOSIS
2026-02-01,공사비,건설공사비지수(총지수),환경정화시설 / 건설공사비지수,135.28,2020=100,KOSIS
2026-02-01,공사비,건설공사비지수(총지수),발전소시설 / 건설공사비지수,154.25,2020=100,KOSIS
2026-02-01,공사비,건설공사비지수(총지수),산업시설건설 / 건설공사비지수,142.24,2020=100,KOSIS
2026-02-01,공사비,건설공사비지수(총지수),건물건설 및 건축보수 / 건설공사비지수,132.14,2020=100,KOSIS
2026-02-01,공사비,건설공사비지수(총지수),주거용건물 / 건설공사비지수,131.56,2020=100,KOSIS
2026-02-01,공사비,건설공사비지수(총지수),기타건설 / 건설공사비지수,143.92,2020=100,KOSIS
2026-02-01,공사비,건설공사비지수(총지수),건축보수 / 건설공사비지수,132.03,2020=100,KOSIS
2026-02-01,공사비,건설공사비지수(총지수),토목건설 / 건설공사비지수,137.88,2020=100,KOSIS
2026-02-01,공사비,건설공사비지수(총지수),도로시설 / 건설공사비지수,135.29,2020=100,KOSIS
2026-02-01,공사비,건설공사비지수(총지수),도시토목 / 건설공사비지수,133.63,2020=100,KOSIS
2026-02-01,공사비,건설공사비지수(총지수),산업플랜트 / 건설공사비지수,131.55,2020=100,KOSIS
2026-02-01,공사비,건설공사비지수(총지수),비주거용건물 / 건설공사비지수,132.69,2020=100,KOSIS
2026-02-01,공사비,건설공사비지수(총지수),교통시설건설 / 건설공사비지수,133.92,2020=100,KOSIS
2026-02-01,공사비,건설공사비지수(총지수),하천사방 / 건설공사비지수,130.52,2020=100,KOSIS
2026-02-01,공사비,건설공사비지수(총지수),농림수산토목 / 건설공사비지수,135.58,2020=100,KOSIS
2026-02-01,공사비,건설공사비지수(총지수),철도시설 / 건설공사비지수,131.04,2020=100,KOSIS
2026-02-01,공사비,건설공사비지수(총지수),상하수도시설 / 건설공사비지수,129.42,2020=100,KOSIS
2026-02-01,공사비,건설공사비지수(총지수),건설 / 건설공사비지수,133.76,2020=100,KOSIS
2026-02-01,공사비,건설공사비지수(총지수),건축보수 / 건설공사비지수,132.03,2020=100,KOSIS
2026-02-01,공사비,건설공사비지수(총지수),비주거용건물 / 건설공사비지수,132.69,2020=100,KOSIS
2026-02-01,공사비,건설공사비지수(총지수),항만시설 / 건설공사비지수,131.4,2020=100,KOSIS
2026-03-01,공사비,건설공사비지수(총지수),산업시설건설 / 건설공사비지수,142.62,2020=100,KOSIS
2026-03-01,공사비,건설공사비지수(총지수),환경정화시설 / 건설공사비지수,135.69,2020=100,KOSIS
2026-03-01,공사비,건설공사비지수(총지수),교통시설건설 / 건설공사비지수,135.48,2020=100,KOSIS
2026-03-01,공사비,건설공사비지수(총지수),산업플랜트 / 건설공사비지수,131.88,2020=100,KOSIS
2026-03-01,공사비,건설공사비지수(총지수),비주거용건물 / 건설공사비지수,133.43,2020=100,KOSIS
2026-03-01,공사비,건설공사비지수(총지수),토목건설 / 건설공사비지수,138.78,2020=100,KOSIS
2026-03-01,공사비,건설공사비지수(총지수),기타건설 / 건설공사비지수,144.53,2020=100,KOSIS
2026-03-01,공사비,건설공사비지수(총지수),비주거용건물 / 건설공사비지수,133.43,2020=100,KOSIS
2026-03-01,공사비,건설공사비지수(총지수),건설 / 건설공사비지수,134.53,2020=100,KOSIS
2026-03-01,공사비,건설공사비지수(총지수),건축보수 / 건설공사비지수,132.64,2020=100,KOSIS
2026-03-01,공사비,건설공사비지수(총지수),기타건설 / 건설공사비지수,144.53,2020=100,KOSIS
2026-03-01,공사비,건설공사비지수(총지수),주거용건물 / 건설공사비지수,132.27,2020=100,KOSIS
2026-03-01,공사비,건설공사비지수(총지수),일반토목시설건설 / 건설공사비지수,133.29,2020=100,KOSIS
2026-03-01,공사비,건설공사비지수(총지수),주거용건물 / 건설공사비지수,132.27,2020=100,KOSIS
2026-03-01,공사비,건설공사비지수(총지수),건물건설 및 건축보수 / 건설공사비지수,132.85,2020=100,KOSIS
2026-03-01,공사비,건설공사비지수(총지수),건축보수 / 건설공사비지수,132.64,2020=100,KOSIS
2026-03-01,공사비,건설공사비지수(총지수),하천사방 / 건설공사비지수,131.68,2020=100,KOSIS
2026-03-01,공사비,건설공사비지수(총지수),발전소시설 / 건설공사비지수,154.69,2020=100,KOSIS
2026-03-01,공사비,건설공사비지수(총지수),도시토목 / 건설공사비지수,134.89,2020=100,KOSIS
2026-03-01,공사비,건설공사비지수(총지수),농림수산토목 / 건설공사비지수,137.05,2020=100,KOSIS
2026-03-01,공사비,건설공사비지수(총지수),상하수도시설 / 건설공사비지수,130.04,2020=100,KOSIS
2026-03-01,공사비,건설공사비지수(총지수),철도시설 / 건설공사비지수,131.91,2020=100,KOSIS
2026-03-01,공사비,건설공사비지수(총지수),항만시설 / 건설공사비지수,132.77,2020=100,KOSIS
2026-03-01,공사비,건설공사비지수(총지수),도로시설 / 건설공사비지수,137.14,2020=100,KOSIS
2026-04-01,공사비,건설공사비지수(총지수),상하수도시설 / 건설공사비지수,131.66,2020=100,KOSIS
2026-04-01,공사비,건설공사비지수(총지수),도시토목 / 건설공사비지수,143.99,2020=100,KOSIS
2026-04-01,공사비,건설공사비지수(총지수),기타건설 / 건설공사비지수,146.64,2020=100,KOSIS
2026-04-01,공사비,건설공사비지수(총지수),비주거용건물 / 건설공사비지수,135.66,2020=100,KOSIS
2026-04-01,공사비,건설공사비지수(총지수),건축보수 / 건설공사비지수,135.05,2020=100,KOSIS
2026-04-01,공사비,건설공사비지수(총지수),하천사방 / 건설공사비지수,134.54,2020=100,KOSIS
2026-04-01,공사비,건설공사비지수(총지수),주거용건물 / 건설공사비지수,134.22,2020=100,KOSIS
2026-04-01,공사비,건설공사비지수(총지수),교통시설건설 / 건설공사비지수,141.2,2020=100,KOSIS
2026-04-01,공사비,건설공사비지수(총지수),철도시설 / 건설공사비지수,133.96,2020=100,KOSIS
2026-04-01,공사비,건설공사비지수(총지수),건축보수 / 건설공사비지수,135.05,2020=100,KOSIS
2026-04-01,공사비,건설공사비지수(총지수),주거용건물 / 건설공사비지수,134.22,2020=100,KOSIS
2026-04-01,공사비,건설공사비지수(총지수),농림수산토목 / 건설공사비지수,139.52,2020=100,KOSIS
2026-04-01,공사비,건설공사비지수(총지수),도로시설 / 건설공사비지수,144.59,2020=100,KOSIS
2026-04-01,공사비,건설공사비지수(총지수),건설 / 건설공사비지수,137.12,2020=100,KOSIS
2026-04-01,공사비,건설공사비지수(총지수),항만시설 / 건설공사비지수,135.5,2020=100,KOSIS
2026-04-01,공사비,건설공사비지수(총지수),산업플랜트 / 건설공사비지수,133.26,2020=100,KOSIS
2026-04-01,공사비,건설공사비지수(총지수),토목건설 / 건설공사비지수,142.53,2020=100,KOSIS
2026-04-01,공사비,건설공사비지수(총지수),발전소시설 / 건설공사비지수,156.84,2020=100,KOSIS
2026-04-01,공사비,건설공사비지수(총지수),건물건설 및 건축보수 / 건설공사비지수,134.98,2020=100,KOSIS
2026-04-01,공사비,건설공사비지수(총지수),비주거용건물 / 건설공사비지수,135.66,2020=100,KOSIS
2026-04-01,공사비,건설공사비지수(총지수),일반토목시설건설 / 건설공사비지수,138.71,2020=100,KOSIS
2026-04-01,공사비,건설공사비지수(총지수),환경정화시설 / 건설공사비지수,137.41,2020=100,KOSIS
2026-04-01,공사비,건설공사비지수(총지수),기타건설 / 건설공사비지수,146.64,2020=100,KOSIS
2026-04-01,공사비,건설공사비지수(총지수),산업시설건설 / 건설공사비지수,144.38,2020=100,KOSIS
2026-05-01,공사비,건설공사비지수(총지수),철도시설 / 건설공사비지수,134.46,2020=100,KOSIS
2026-05-01,공사비,건설공사비지수(총지수),산업플랜트 / 건설공사비지수,133.64,2020=100,KOSIS
2026-05-01,공사비,건설공사비지수(총지수),건설 / 건설공사비지수,137.67,2020=100,KOSIS
2026-05-01,공사비,건설공사비지수(총지수),건물건설 및 건축보수 / 건설공사비지수,135.46,2020=100,KOSIS
2026-05-01,공사비,건설공사비지수(총지수),주거용건물 / 건설공사비지수,134.64,2020=100,KOSIS
2026-05-01,공사비,건설공사비지수(총지수),주거용건물 / 건설공사비지수,134.64,2020=100,KOSIS
2026-05-01,공사비,건설공사비지수(총지수),비주거용건물 / 건설공사비지수,136.18,2020=100,KOSIS
2026-05-01,공사비,건설공사비지수(총지수),비주거용건물 / 건설공사비지수,136.18,2020=100,KOSIS
2026-05-01,공사비,건설공사비지수(총지수),건축보수 / 건설공사비지수,135.58,2020=100,KOSIS
2026-05-01,공사비,건설공사비지수(총지수),건축보수 / 건설공사비지수,135.58,2020=100,KOSIS
2026-05-01,공사비,건설공사비지수(총지수),토목건설 / 건설공사비지수,143.3,2020=100,KOSIS
2026-05-01,공사비,건설공사비지수(총지수),기타건설 / 건설공사비지수,147.88,2020=100,KOSIS
2026-05-01,공사비,건설공사비지수(총지수),교통시설건설 / 건설공사비지수,141.57,2020=100,KOSIS
2026-05-01,공사비,건설공사비지수(총지수),항만시설 / 건설공사비지수,135.79,2020=100,KOSIS
2026-05-01,공사비,건설공사비지수(총지수),일반토목시설건설 / 건설공사비지수,138.99,2020=100,KOSIS
2026-05-01,공사비,건설공사비지수(총지수),하천사방 / 건설공사비지수,134.83,2020=100,KOSIS
2026-05-01,공사비,건설공사비지수(총지수),상하수도시설 / 건설공사비지수,131.96,2020=100,KOSIS
2026-05-01,공사비,건설공사비지수(총지수),농림수산토목 / 건설공사비지수,139.73,2020=100,KOSIS
2026-05-01,공사비,건설공사비지수(총지수),도시토목 / 건설공사비지수,144.26,2020=100,KOSIS
2026-05-01,공사비,건설공사비지수(총지수),산업시설건설 / 건설공사비지수,145.58,2020=100,KOSIS
2026-05-01,공사비,건설공사비지수(총지수),환경정화시설 / 건설공사비지수,137.74,2020=100,KOSIS
2026-05-01,공사비,건설공사비지수(총지수),발전소시설 / 건설공사비지수,159.02,2020=100,KOSIS
2026-05-01,공사비,건설공사비지수(총지수),도로시설 / 건설공사비지수,144.93,2020=100,KOSIS
2026-05-01,공사비,건설공사비지수(총지수),기타건설 / 건설공사비지수,147.88,2020=100,KOSIS
2015-01-01,공사비,직종별 시중노임단가,전체직종 / 평균 임금,158590.0,원/일,KOSIS
2015-01-01,공사비,직종별 시중노임단가,원자력직종 / 평균 임금,202459.0,원/일,KOSIS
2015-01-01,공사비,직종별 시중노임단가,문화재직종 / 평균 임금,190064.0,원/일,KOSIS
2015-01-01,공사비,직종별 시중노임단가,기타직종 / 평균 임금,163185.0,원/일,KOSIS
2015-01-01,공사비,직종별 시중노임단가,광전자직종 / 평균 임금,225312.0,원/일,KOSIS
2015-01-01,공사비,직종별 시중노임단가,일반공사직종 / 평균 임금,149959.0,원/일,KOSIS
2015-02-01,공사비,직종별 시중노임단가,전체직종 / 평균 임금,163339.0,원/일,KOSIS
2015-02-01,공사비,직종별 시중노임단가,원자력직종 / 평균 임금,211249.0,원/일,KOSIS
2015-02-01,공사비,직종별 시중노임단가,문화재직종 / 평균 임금,197308.0,원/일,KOSIS
2015-02-01,공사비,직종별 시중노임단가,광전자직종 / 평균 임금,228408.0,원/일,KOSIS
2015-02-01,공사비,직종별 시중노임단가,기타직종 / 평균 임금,166795.0,원/일,KOSIS
2015-02-01,공사비,직종별 시중노임단가,일반공사직종 / 평균 임금,154343.0,원/일,KOSIS
2016-01-01,공사비,직종별 시중노임단가,원자력직종 / 평균 임금,209359.0,원/일,KOSIS
2016-01-01,공사비,직종별 시중노임단가,문화재직종 / 평균 임금,204251.0,원/일,KOSIS
2016-01-01,공사비,직종별 시중노임단가,기타직종 / 평균 임금,175270.0,원/일,KOSIS
2016-01-01,공사비,직종별 시중노임단가,일반공사직종 / 평균 임금,159184.0,원/일,KOSIS
2016-01-01,공사비,직종별 시중노임단가,광전자직종 / 평균 임금,240606.0,원/일,KOSIS
2016-01-01,공사비,직종별 시중노임단가,전체직종 / 평균 임금,168571.0,원/일,KOSIS
2016-02-01,공사비,직종별 시중노임단가,기타직종 / 평균 임금,185041.0,원/일,KOSIS
2016-02-01,공사비,직종별 시중노임단가,전체직종 / 평균 임금,175071.0,원/일,KOSIS
2016-02-01,공사비,직종별 시중노임단가,원자력직종 / 평균 임금,216386.0,원/일,KOSIS
2016-02-01,공사비,직종별 시중노임단가,광전자직종 / 평균 임금,254913.0,원/일,KOSIS
2016-02-01,공사비,직종별 시중노임단가,문화재직종 / 평균 임금,208944.0,원/일,KOSIS
2016-02-01,공사비,직종별 시중노임단가,일반공사직종 / 평균 임금,165389.0,원/일,KOSIS
2017-01-01,공사비,직종별 시중노임단가,광전자직종 / 평균 임금,262656.0,원/일,KOSIS
2017-01-01,공사비,직종별 시중노임단가,기타직종 / 평균 임금,191745.0,원/일,KOSIS
2017-01-01,공사비,직종별 시중노임단가,일반공사직종 / 평균 임금,169999.0,원/일,KOSIS
2017-01-01,공사비,직종별 시중노임단가,원자력직종 / 평균 임금,214801.0,원/일,KOSIS
2017-01-01,공사비,직종별 시중노임단가,전체직종 / 평균 임금,179690.0,원/일,KOSIS
2017-01-01,공사비,직종별 시중노임단가,문화재직종 / 평균 임금,213706.0,원/일,KOSIS
2017-02-01,공사비,직종별 시중노임단가,일반공사직종 / 평균 임금,175804.0,원/일,KOSIS
2017-02-01,공사비,직종별 시중노임단가,원자력직종 / 평균 임금,222305.0,원/일,KOSIS
2017-02-01,공사비,직종별 시중노임단가,광전자직종 / 평균 임금,273471.0,원/일,KOSIS
2017-02-01,공사비,직종별 시중노임단가,전체직종 / 평균 임금,186026.0,원/일,KOSIS
2017-02-01,공사비,직종별 시중노임단가,문화재직종 / 평균 임금,221051.0,원/일,KOSIS
2017-02-01,공사비,직종별 시중노임단가,기타직종 / 평균 임금,200653.0,원/일,KOSIS
2018-01-01,공사비,직종별 시중노임단가,일반공사직종 / 평균 임금,181134.0,원/일,KOSIS
2018-01-01,공사비,직종별 시중노임단가,광전자직종 / 평균 임금,282575.0,원/일,KOSIS
2018-01-01,공사비,직종별 시중노임단가,전체직종 / 평균 임금,193770.0,원/일,KOSIS
2018-01-01,공사비,직종별 시중노임단가,문화재직종 / 평균 임금,230322.0,원/일,KOSIS
2018-01-01,공사비,직종별 시중노임단가,기타직종 / 평균 임금,209344.0,원/일,KOSIS
2018-01-01,공사비,직종별 시중노임단가,원자력직종 / 평균 임금,222895.0,원/일,KOSIS
2018-02-01,공사비,직종별 시중노임단가,광전자직종 / 평균 임금,305604.0,원/일,KOSIS
2018-02-01,공사비,직종별 시중노임단가,문화재직종 / 평균 임금,237460.0,원/일,KOSIS
2018-02-01,공사비,직종별 시중노임단가,기타직종 / 평균 임금,224043.0,원/일,KOSIS
2018-02-01,공사비,직종별 시중노임단가,원자력직종 / 평균 임금,224152.0,원/일,KOSIS
2018-02-01,공사비,직종별 시중노임단가,일반공사직종 / 평균 임금,190702.0,원/일,KOSIS
2018-02-01,공사비,직종별 시중노임단가,전체직종 / 평균 임금,203332.0,원/일,KOSIS
2019-01-01,공사비,직종별 시중노임단가,문화재직종 / 평균 임금,244131.0,원/일,KOSIS
2019-01-01,공사비,직종별 시중노임단가,기타직종 / 평균 임금,231976.0,원/일,KOSIS
2019-01-01,공사비,직종별 시중노임단가,광전자직종 / 평균 임금,316642.0,원/일,KOSIS
2019-01-01,공사비,직종별 시중노임단가,일반공사직종 / 평균 임금,197897.0,원/일,KOSIS
2019-01-01,공사비,직종별 시중노임단가,원자력직종 / 평균 임금,219314.0,원/일,KOSIS
2019-01-01,공사비,직종별 시중노임단가,전체직종 / 평균 임금,210195.0,원/일,KOSIS
2019-02-01,공사비,직종별 시중노임단가,일반공사직종 / 평균 임금,203891.0,원/일,KOSIS
2019-02-01,공사비,직종별 시중노임단가,원자력직종 / 평균 임금,220229.0,원/일,KOSIS
2019-02-01,공사비,직종별 시중노임단가,광전자직종 / 평균 임금,330433.0,원/일,KOSIS
2019-02-01,공사비,직종별 시중노임단가,전체직종 / 평균 임금,216770.0,원/일,KOSIS
2019-02-01,공사비,직종별 시중노임단가,문화재직종 / 평균 임금,252022.0,원/일,KOSIS
2019-02-01,공사비,직종별 시중노임단가,기타직종 / 평균 임금,242858.0,원/일,KOSIS
2020-01-01,공사비,직종별 시중노임단가,원자력직종 / 평균 임금,224686.0,원/일,KOSIS
2020-01-01,공사비,직종별 시중노임단가,문화재직종 / 평균 임금,262914.0,원/일,KOSIS
2020-01-01,공사비,직종별 시중노임단가,광전자직종 / 평균 임금,335522.0,원/일,KOSIS
2020-01-01,공사비,직종별 시중노임단가,기타직종 / 평균 임금,247534.0,원/일,KOSIS
2020-01-01,공사비,직종별 시중노임단가,일반공사직종 / 평균 임금,209168.0,원/일,KOSIS
2020-01-01,공사비,직종별 시중노임단가,전체직종 / 평균 임금,222803.0,원/일,KOSIS
2020-02-01,공사비,직종별 시중노임단가,문화재직종 / 평균 임금,264191.0,원/일,KOSIS
2020-02-01,공사비,직종별 시중노임단가,원자력직종 / 평균 임금,222691.0,원/일,KOSIS
2020-02-01,공사비,직종별 시중노임단가,기타직종 / 평균 임금,231739.0,원/일,KOSIS
2020-02-01,공사비,직종별 시중노임단가,전체직종 / 평균 임금,226947.0,원/일,KOSIS
2020-02-01,공사비,직종별 시중노임단가,일반공사직종 / 평균 임금,215178.0,원/일,KOSIS
2020-02-01,공사비,직종별 시중노임단가,광전자직종 / 평균 임금,348564.0,원/일,KOSIS
2021-01-01,공사비,직종별 시중노임단가,전체직종 / 평균 임금,230798.0,원/일,KOSIS
2021-01-01,공사비,직종별 시중노임단가,광전자직종 / 평균 임금,348470.0,원/일,KOSIS
2021-01-01,공사비,직종별 시중노임단가,문화재직종 / 평균 임금,268825.0,원/일,KOSIS
2021-01-01,공사비,직종별 시중노임단가,원자력직종 / 평균 임금,224194.0,원/일,KOSIS
2021-01-01,공사비,직종별 시중노임단가,기타직종 / 평균 임금,234726.0,원/일,KOSIS
2021-01-01,공사비,직종별 시중노임단가,일반공사직종 / 평균 임금,219213.0,원/일,KOSIS
2021-02-01,공사비,직종별 시중노임단가,전체직종 / 평균 임금,235815.0,원/일,KOSIS
2021-02-01,공사비,직종별 시중노임단가,문화재직종 / 평균 임금,276915.0,원/일,KOSIS
2021-02-01,공사비,직종별 시중노임단가,일반공사직종 / 평균 임금,223499.0,원/일,KOSIS
2021-02-01,공사비,직종별 시중노임단가,기타직종 / 평균 임금,239470.0,원/일,KOSIS
2021-02-01,공사비,직종별 시중노임단가,광전자직종 / 평균 임금,357168.0,원/일,KOSIS
2021-02-01,공사비,직종별 시중노임단가,원자력직종 / 평균 임금,229990.0,원/일,KOSIS
2022-01-01,공사비,직종별 시중노임단가,일반공사직종 / 평균 임금,231044.0,원/일,KOSIS
2022-01-01,공사비,직종별 시중노임단가,문화재직종 / 평균 임금,283907.0,원/일,KOSIS
2022-01-01,공사비,직종별 시중노임단가,기타직종 / 평균 임금,245273.0,원/일,KOSIS
2022-01-01,공사비,직종별 시중노임단가,광전자직종 / 평균 임금,365485.0,원/일,KOSIS
2022-01-01,공사비,직종별 시중노임단가,전체직종 / 평균 임금,242931.0,원/일,KOSIS
2022-01-01,공사비,직종별 시중노임단가,원자력직종 / 평균 임금,230632.0,원/일,KOSIS
2022-02-01,공사비,직종별 시중노임단가,문화재직종 / 평균 임금,286364.0,원/일,KOSIS
2022-02-01,공사비,직종별 시중노임단가,일반공사직종 / 평균 임금,237006.0,원/일,KOSIS
2022-02-01,공사비,직종별 시중노임단가,전체직종 / 평균 임금,248819.0,원/일,KOSIS
2022-02-01,공사비,직종별 시중노임단가,기타직종 / 평균 임금,252767.0,원/일,KOSIS
2022-02-01,공사비,직종별 시중노임단가,원자력직종 / 평균 임금,239564.0,원/일,KOSIS
2022-02-01,공사비,직종별 시중노임단가,광전자직종 / 평균 임금,379757.0,원/일,KOSIS
2023-01-01,공사비,직종별 시중노임단가,원자력직종 / 평균 임금,234019.0,원/일,KOSIS
2023-01-01,공사비,직종별 시중노임단가,기타직종 / 평균 임금,257558.0,원/일,KOSIS
2023-01-01,공사비,직종별 시중노임단가,일반공사직종 / 평균 임금,244456.0,원/일,KOSIS
2023-01-01,공사비,직종별 시중노임단가,문화재직종 / 평균 임금,292142.0,원/일,KOSIS
2023-01-01,공사비,직종별 시중노임단가,광전자직종 / 평균 임금,388623.0,원/일,KOSIS
2023-01-01,공사비,직종별 시중노임단가,전체직종 / 평균 임금,255426.0,원/일,KOSIS
2023-02-01,공사비,직종별 시중노임단가,문화재직종 / 평균 임금,309641.0,원/일,KOSIS
2023-02-01,공사비,직종별 시중노임단가,광전자직종 / 평균 임금,406117.0,원/일,KOSIS
2023-02-01,공사비,직종별 시중노임단가,원자력직종 / 평균 임금,242393.0,원/일,KOSIS
2023-02-01,공사비,직종별 시중노임단가,일반공사직종 / 평균 임금,253310.0,원/일,KOSIS
2023-02-01,공사비,직종별 시중노임단가,전체직종 / 평균 임금,265516.0,원/일,KOSIS
2023-02-01,공사비,직종별 시중노임단가,기타직종 / 평균 임금,264351.0,원/일,KOSIS
2024-01-01,공사비,직종별 시중노임단가,문화재직종 / 평균 임금,321713.0,원/일,KOSIS
2024-01-01,공사비,직종별 시중노임단가,전체직종 / 평균 임금,270789.0,원/일,KOSIS
2024-01-01,공사비,직종별 시중노임단가,기타직종 / 평균 임금,264952.0,원/일,KOSIS
2024-01-01,공사비,직종별 시중노임단가,광전자직종 / 평균 임금,417636.0,원/일,KOSIS
2024-01-01,공사비,직종별 시중노임단가,원자력직종 / 평균 임금,230344.0,원/일,KOSIS
2024-01-01,공사비,직종별 시중노임단가,일반공사직종 / 평균 임금,258359.0,원/일,KOSIS
2024-02-01,공사비,직종별 시중노임단가,전체직종 / 평균 임금,274286.0,원/일,KOSIS
2024-02-01,공사비,직종별 시중노임단가,일반공사직종 / 평균 임금,262067.0,원/일,KOSIS
2024-02-01,공사비,직종별 시중노임단가,광전자직종 / 평균 임금,427059.0,원/일,KOSIS
2024-02-01,공사비,직종별 시중노임단가,원자력직종 / 평균 임금,240045.0,원/일,KOSIS
2024-02-01,공사비,직종별 시중노임단가,문화재직종 / 평균 임금,321129.0,원/일,KOSIS
2024-02-01,공사비,직종별 시중노임단가,기타직종 / 평균 임금,269511.0,원/일,KOSIS
2025-01-01,공사비,직종별 시중노임단가,일반공사직종 / 평균 임금,264277.0,원/일,KOSIS
2025-01-01,공사비,직종별 시중노임단가,원자력직종 / 평균 임금,234847.0,원/일,KOSIS
2025-01-01,공사비,직종별 시중노임단가,광전자직종 / 평균 임금,430013.0,원/일,KOSIS
2025-01-01,공사비,직종별 시중노임단가,기타직종 / 평균 임금,272223.0,원/일,KOSIS
2025-01-01,공사비,직종별 시중노임단가,전체직종 / 평균 임금,276011.0,원/일,KOSIS
2025-01-01,공사비,직종별 시중노임단가,문화재직종 / 평균 임금,322178.0,원/일,KOSIS
2025-02-01,공사비,직종별 시중노임단가,일반공사직종 / 평균 임금,267306.0,원/일,KOSIS
2025-02-01,공사비,직종별 시중노임단가,원자력직종 / 평균 임금,241443.0,원/일,KOSIS
2025-02-01,공사비,직종별 시중노임단가,전체직종 / 평균 임금,278832.0,원/일,KOSIS
2025-02-01,공사비,직종별 시중노임단가,광전자직종 / 평균 임금,434567.0,원/일,KOSIS
2025-02-01,공사비,직종별 시중노임단가,기타직종 / 평균 임금,275645.0,원/일,KOSIS
2025-02-01,공사비,직종별 시중노임단가,문화재직종 / 평균 임금,322285.0,원/일,KOSIS
2026-01-01,공사비,직종별 시중노임단가,광전자직종 / 평균 임금,436932.0,원/일,KOSIS
2026-01-01,공사비,직종별 시중노임단가,문화재직종 / 평균 임금,322814.0,원/일,KOSIS
2026-01-01,공사비,직종별 시중노임단가,일반공사직종 / 평균 임금,268486.0,원/일,KOSIS
2026-01-01,공사비,직종별 시중노임단가,전체직종 / 평균 임금,279988.0,원/일,KOSIS
2026-01-01,공사비,직종별 시중노임단가,원자력직종 / 평균 임금,238615.0,원/일,KOSIS
2026-01-01,공사비,직종별 시중노임단가,기타직종 / 평균 임금,278141.0,원/일,KOSIS
