통계표코드,통계표명,항목코드,항목명,주기,단위
817Y002,1.3.2.1. 시장금리(일별),010101000,"콜금리(1일, 전체거래)",D,연%
817Y002,1.3.2.1. 시장금리(일별),010102000,"콜금리(1일, 중개회사거래)",D,연%
817Y002,1.3.2.1. 시장금리(일별),010200001,국고채(5년),D,연%
817Y002,1.3.2.1. 시장금리(일별),010260000,산금채(1년),D,연%
817Y002,1.3.2.1. 시장금리(일별),010150000,KORIBOR(3개월),D,연%
817Y002,1.3.2.1. 시장금리(일별),010151000,KORIBOR(6개월),D,연%
817Y002,1.3.2.1. 시장금리(일별),010152000,KORIBOR(12개월),D,연%
817Y002,1.3.2.1. 시장금리(일별),010190000,국고채(1년),D,연%
817Y002,1.3.2.1. 시장금리(일별),010210000,국고채(10년),D,연%
817Y002,1.3.2.1. 시장금리(일별),010220000,국고채(20년),D,연%
817Y002,1.3.2.1. 시장금리(일별),010230000,국고채(30년),D,연%
817Y002,1.3.2.1. 시장금리(일별),010195000,국고채(2년),D,연%
817Y002,1.3.2.1. 시장금리(일별),010200000,국고채(3년),D,연%
817Y002,1.3.2.1. 시장금리(일별),010300000,"회사채(3년, AA-)",D,연%
817Y002,1.3.2.1. 시장금리(일별),010310000,"회사채(3년, AA-, 민평)",D,연%
817Y002,1.3.2.1. 시장금리(일별),010320000,"회사채(3년, BBB-)",D,연%
817Y002,1.3.2.1. 시장금리(일별),010400002,통안증권(2년),D,연%
817Y002,1.3.2.1. 시장금리(일별),010501000,MMF(7일),D,연%
817Y002,1.3.2.1. 시장금리(일별),010502000,CD(91일),D,연%
817Y002,1.3.2.1. 시장금리(일별),010503000,CP(91일),D,연%
817Y002,1.3.2.1. 시장금리(일별),010503500,국민주택채권1종(5년),D,연%
817Y002,1.3.2.1. 시장금리(일별),010504000,CMA(수시형),D,연%
817Y002,1.3.2.1. 시장금리(일별),010400000,통안증권(91일),D,연%
817Y002,1.3.2.1. 시장금리(일별),010103000,"콜금리(1일, 은행증권금융차입)",D,연%
817Y002,1.3.2.1. 시장금리(일별),010400001,통안증권(1년),D,연%
817Y002,1.3.2.1. 시장금리(일별),010240000,국고채(50년),D,연%
817Y002,1.3.2.1. 시장금리(일별),010901000,KOFR(공시RFR),D,연%
404Y015,4.1.1.2. 생산자물가지수(특수분류),*AA,총지수,A,2020=100
404Y015,4.1.1.2. 생산자물가지수(특수분류),*AA,총지수,M,2020=100
404Y015,4.1.1.2. 생산자물가지수(특수분류),*AA,총지수,Q,2020=100
404Y015,4.1.1.2. 생산자물가지수(특수분류),S110AA,식료품,A,2020=100
404Y015,4.1.1.2. 생산자물가지수(특수분류),S110AA,식료품,M,2020=100
404Y015,4.1.1.2. 생산자물가지수(특수분류),S110AA,식료품,Q,2020=100
404Y015,4.1.1.2. 생산자물가지수(특수분류),S120AA,식료품이외,A,2020=100
404Y015,4.1.1.2. 생산자물가지수(특수분류),S120AA,식료품이외,M,2020=100
404Y015,4.1.1.2. 생산자물가지수(특수분류),S120AA,식료품이외,Q,2020=100
404Y015,4.1.1.2. 생산자물가지수(특수분류),S210AA,신선식품,A,2020=100
404Y015,4.1.1.2. 생산자물가지수(특수분류),S210AA,신선식품,M,2020=100
404Y015,4.1.1.2. 생산자물가지수(특수분류),S210AA,신선식품,Q,2020=100
404Y015,4.1.1.2. 생산자물가지수(특수분류),S220AA,신선식품이외,A,2020=100
404Y015,4.1.1.2. 생산자물가지수(특수분류),S220AA,신선식품이외,M,2020=100
404Y015,4.1.1.2. 생산자물가지수(특수분류),S220AA,신선식품이외,Q,2020=100
404Y015,4.1.1.2. 생산자물가지수(특수분류),S310AA,에너지,A,2020=100
404Y015,4.1.1.2. 생산자물가지수(특수분류),S310AA,에너지,M,2020=100
404Y015,4.1.1.2. 생산자물가지수(특수분류),S310AA,에너지,Q,2020=100
404Y015,4.1.1.2. 생산자물가지수(특수분류),S320AA,에너지이외,A,2020=100
404Y015,4.1.1.2. 생산자물가지수(특수분류),S320AA,에너지이외,M,2020=100
404Y015,4.1.1.2. 생산자물가지수(특수분류),S320AA,에너지이외,Q,2020=100
404Y015,4.1.1.2. 생산자물가지수(특수분류),S410AA,IT,A,2020=100
404Y015,4.1.1.2. 생산자물가지수(특수분류),S410AA,IT,M,2020=100
404Y015,4.1.1.2. 생산자물가지수(특수분류),S410AA,IT,Q,2020=100
404Y015,4.1.1.2. 생산자물가지수(특수분류),S420AA,IT이외,A,2020=100
404Y015,4.1.1.2. 생산자물가지수(특수분류),S420AA,IT이외,M,2020=100
404Y015,4.1.1.2. 생산자물가지수(특수분류),S420AA,IT이외,Q,2020=100
404Y015,4.1.1.2. 생산자물가지수(특수분류),S520AA,식료품에너지이외,A,2020=100
404Y015,4.1.1.2. 생산자물가지수(특수분류),S520AA,식료품에너지이외,M,2020=100
404Y015,4.1.1.2. 생산자물가지수(특수분류),S520AA,식료품에너지이외,Q,2020=100
404Y015,4.1.1.2. 생산자물가지수(특수분류),S620AA,신선식품에너지이외,A,2020=100
404Y015,4.1.1.2. 생산자물가지수(특수분류),S620AA,신선식품에너지이외,M,2020=100
404Y015,4.1.1.2. 생산자물가지수(특수분류),S620AA,신선식품에너지이외,Q,2020=100
404Y014,4.1.1.1. 생산자물가지수(기본분류),*AA,총지수,A,2020=100
404Y014,4.1.1.1. 생산자물가지수(기본분류),*AA,총지수,M,2020=100
404Y014,4.1.1.1. 생산자물가지수(기본분류),*AA,총지수,Q,2020=100
404Y014,4.1.1.1. 생산자물가지수(기본분류),101111AA,곡류,A,2020=100
404Y014,4.1.1.1. 생산자물가지수(기본분류),101111AA,곡류,M,2020=100
404Y014,4.1.1.1. 생산자물가지수(기본분류),101111AA,곡류,Q,2020=100
404Y014,4.1.1.1. 생산자물가지수(기본분류),101113AA,콩류,A,2020=100
404Y014,4.1.1.1. 생산자물가지수(기본분류),101113AA,콩류,M,2020=100
404Y014,4.1.1.1. 생산자물가지수(기본분류),101113AA,콩류,Q,2020=100
404Y014,4.1.1.1. 생산자물가지수(기본분류),101114AA,감자류,A,2020=100
404Y014,4.1.1.1. 생산자물가지수(기본분류),101114AA,감자류,M,2020=100
404Y014,4.1.1.1. 생산자물가지수(기본분류),101114AA,감자류,Q,2020=100
404Y014,4.1.1.1. 생산자물가지수(기본분류),10111AA,곡물및식량작물,A,2020=100
404Y014,4.1.1.1. 생산자물가지수(기본분류),10111AA,곡물및식량작물,M,2020=100
404Y014,4.1.1.1. 생산자물가지수(기본분류),10111AA,곡물및식량작물,Q,2020=100
404Y014,4.1.1.1. 생산자물가지수(기본분류),101121AA,채소,A,2020=100
404Y014,4.1.1.1. 생산자물가지수(기본분류),101121AA,채소,M,2020=100
404Y014,4.1.1.1. 생산자물가지수(기본분류),101121AA,채소,Q,2020=100
404Y014,4.1.1.1. 생산자물가지수(기본분류),101122AA,과실,A,2020=100
404Y014,4.1.1.1. 생산자물가지수(기본분류),101122AA,과실,M,2020=100
404Y014,4.1.1.1. 생산자물가지수(기본분류),101122AA,과실,Q,2020=100
404Y014,4.1.1.1. 생산자물가지수(기본분류),10112AA,채소및과실,A,2020=100
404Y014,4.1.1.1. 생산자물가지수(기본분류),10112AA,채소및과실,M,2020=100
404Y014,4.1.1.1. 생산자물가지수(기본분류),10112AA,채소및과실,Q,2020=100
404Y014,4.1.1.1. 생산자물가지수(기본분류),101131AA,화훼작물,A,2020=100
404Y014,4.1.1.1. 생산자물가지수(기본분류),101131AA,화훼작물,M,2020=100
404Y014,4.1.1.1. 생산자물가지수(기본분류),101131AA,화훼작물,Q,2020=100
404Y014,4.1.1.1. 생산자물가지수(기본분류),101132AA,약용작물,A,2020=100
404Y014,4.1.1.1. 생산자물가지수(기본분류),101132AA,약용작물,M,2020=100
404Y014,4.1.1.1. 생산자물가지수(기본분류),101132AA,약용작물,Q,2020=100
404Y014,4.1.1.1. 생산자물가지수(기본분류),101133AA,잎담배,A,2020=100
404Y014,4.1.1.1. 생산자물가지수(기본분류),101133AA,잎담배,M,2020=100
404Y014,4.1.1.1. 생산자물가지수(기본분류),101133AA,잎담배,Q,2020=100
404Y014,4.1.1.1. 생산자물가지수(기본분류),101135AA,기타식용작물,A,2020=100
404Y014,4.1.1.1. 생산자물가지수(기본분류),101135AA,기타식용작물,M,2020=100
404Y014,4.1.1.1. 생산자물가지수(기본분류),101135AA,기타식용작물,Q,2020=100
404Y014,4.1.1.1. 생산자물가지수(기본분류),10113AA,기타작물,A,2020=100
404Y014,4.1.1.1. 생산자물가지수(기본분류),10113AA,기타작물,M,2020=100
404Y014,4.1.1.1. 생산자물가지수(기본분류),10113AA,기타작물,Q,2020=100
404Y014,4.1.1.1. 생산자물가지수(기본분류),1011AA,농산물,A,2020=100
404Y014,4.1.1.1. 생산자물가지수(기본분류),1011AA,농산물,M,2020=100
404Y014,4.1.1.1. 생산자물가지수(기본분류),1011AA,농산물,Q,2020=100
404Y014,4.1.1.1. 생산자물가지수(기본분류),101211AA,낙농,A,2020=100
404Y014,4.1.1.1. 생산자물가지수(기본분류),101211AA,낙농,M,2020=100
404Y014,4.1.1.1. 생산자물가지수(기본분류),101211AA,낙농,Q,2020=100
404Y014,4.1.1.1. 생산자물가지수(기본분류),101212AA,도축육,A,2020=100
404Y014,4.1.1.1. 생산자물가지수(기본분류),101212AA,도축육,M,2020=100
404Y014,4.1.1.1. 생산자물가지수(기본분류),101212AA,도축육,Q,2020=100
404Y014,4.1.1.1. 생산자물가지수(기본분류),101213AA,가금육,A,2020=100
404Y014,4.1.1.1. 생산자물가지수(기본분류),101213AA,가금육,M,2020=100
404Y014,4.1.1.1. 생산자물가지수(기본분류),101213AA,가금육,Q,2020=100
404Y014,4.1.1.1. 생산자물가지수(기본분류),10121AA,낙농및육류,A,2020=100
404Y014,4.1.1.1. 생산자물가지수(기본분류),10121AA,낙농및육류,M,2020=100
404Y014,4.1.1.1. 생산자물가지수(기본분류),10121AA,낙농및육류,Q,2020=100
404Y014,4.1.1.1. 생산자물가지수(기본분류),101221AA,기타축산,A,2020=100
404Y014,4.1.1.1. 생산자물가지수(기본분류),101221AA,기타축산,M,2020=100
404Y014,4.1.1.1. 생산자물가지수(기본분류),101221AA,기타축산,Q,2020=100
404Y014,4.1.1.1. 생산자물가지수(기본분류),10122AA,기타축산,A,2020=100
404Y014,4.1.1.1. 생산자물가지수(기본분류),10122AA,기타축산,M,2020=100
404Y014,4.1.1.1. 생산자물가지수(기본분류),10122AA,기타축산,Q,2020=100
404Y014,4.1.1.1. 생산자물가지수(기본분류),1012AA,축산물,A,2020=100
404Y014,4.1.1.1. 생산자물가지수(기본분류),1012AA,축산물,M,2020=100
404Y014,4.1.1.1. 생산자물가지수(기본분류),1012AA,축산물,Q,2020=100
404Y014,4.1.1.1. 생산자물가지수(기본분류),101311AA,원목,A,2020=100
404Y014,4.1.1.1. 생산자물가지수(기본분류),101311AA,원목,M,2020=100
404Y014,4.1.1.1. 생산자물가지수(기본분류),101311AA,원목,Q,2020=100
404Y014,4.1.1.1. 생산자물가지수(기본분류),101312AA,식용임산물,A,2020=100
404Y014,4.1.1.1. 생산자물가지수(기본분류),101312AA,식용임산물,M,2020=100
404Y014,4.1.1.1. 생산자물가지수(기본분류),101312AA,식용임산물,Q,2020=100
404Y014,4.1.1.1. 생산자물가지수(기본분류),10131AA,임산물,A,2020=100
404Y014,4.1.1.1. 생산자물가지수(기본분류),10131AA,임산물,M,2020=100
404Y014,4.1.1.1. 생산자물가지수(기본분류),10131AA,임산물,Q,2020=100
404Y014,4.1.1.1. 생산자물가지수(기본분류),1013AA,임산물,A,2020=100
404Y014,4.1.1.1. 생산자물가지수(기본분류),1013AA,임산물,M,2020=100
404Y014,4.1.1.1. 생산자물가지수(기본분류),1013AA,임산물,Q,2020=100
404Y014,4.1.1.1. 생산자물가지수(기본분류),101411AA,신선어류,A,2020=100
404Y014,4.1.1.1. 생산자물가지수(기본분류),101411AA,신선어류,M,2020=100
404Y014,4.1.1.1. 생산자물가지수(기본분류),101411AA,신선어류,Q,2020=100
404Y014,4.1.1.1. 생산자물가지수(기본분류),101412AA,신선갑각류,A,2020=100
404Y014,4.1.1.1. 생산자물가지수(기본분류),101412AA,신선갑각류,M,2020=100
404Y014,4.1.1.1. 생산자물가지수(기본분류),101412AA,신선갑각류,Q,2020=100
404Y014,4.1.1.1. 생산자물가지수(기본분류),101413AA,신선패류,A,2020=100
404Y014,4.1.1.1. 생산자물가지수(기본분류),101413AA,신선패류,M,2020=100
404Y014,4.1.1.1. 생산자물가지수(기본분류),101413AA,신선패류,Q,2020=100
404Y014,4.1.1.1. 생산자물가지수(기본분류),101414AA,신선연체류,A,2020=100
404Y014,4.1.1.1. 생산자물가지수(기본분류),101414AA,신선연체류,M,2020=100
404Y014,4.1.1.1. 생산자물가지수(기본분류),101414AA,신선연체류,Q,2020=100
404Y014,4.1.1.1. 생산자물가지수(기본분류),10141AA,신선수산물,A,2020=100
404Y014,4.1.1.1. 생산자물가지수(기본분류),10141AA,신선수산물,M,2020=100
404Y014,4.1.1.1. 생산자물가지수(기본분류),10141AA,신선수산물,Q,2020=100
404Y014,4.1.1.1. 생산자물가지수(기본분류),101421AA,냉동수산물,A,2020=100
404Y014,4.1.1.1. 생산자물가지수(기본분류),101421AA,냉동수산물,M,2020=100
404Y014,4.1.1.1. 생산자물가지수(기본분류),101421AA,냉동수산물,Q,2020=100
404Y014,4.1.1.1. 생산자물가지수(기본분류),101422AA,건조수산물,A,2020=100
404Y014,4.1.1.1. 생산자물가지수(기본분류),101422AA,건조수산물,M,2020=100
404Y014,4.1.1.1. 생산자물가지수(기본분류),101422AA,건조수산물,Q,2020=100
404Y014,4.1.1.1. 생산자물가지수(기본분류),10142AA,냉동건조수산물,A,2020=100
404Y014,4.1.1.1. 생산자물가지수(기본분류),10142AA,냉동건조수산물,M,2020=100
404Y014,4.1.1.1. 생산자물가지수(기본분류),10142AA,냉동건조수산물,Q,2020=100
404Y014,4.1.1.1. 생산자물가지수(기본분류),1014AA,수산물,A,2020=100
404Y014,4.1.1.1. 생산자물가지수(기본분류),1014AA,수산물,M,2020=100
404Y014,4.1.1.1. 생산자물가지수(기본분류),1014AA,수산물,Q,2020=100
404Y014,4.1.1.1. 생산자물가지수(기본분류),101AA,농림수산품,A,2020=100
404Y014,4.1.1.1. 생산자물가지수(기본분류),101AA,농림수산품,M,2020=100
404Y014,4.1.1.1. 생산자물가지수(기본분류),101AA,농림수산품,Q,2020=100
404Y014,4.1.1.1. 생산자물가지수(기본분류),1AA,농림수산품,A,2020=100
404Y014,4.1.1.1. 생산자물가지수(기본분류),1AA,농림수산품,M,2020=100
404Y014,4.1.1.1. 생산자물가지수(기본분류),1AA,농림수산품,Q,2020=100
404Y014,4.1.1.1. 생산자물가지수(기본분류),201111AA,무연탄,A,2020=100
404Y014,4.1.1.1. 생산자물가지수(기본분류),201111AA,무연탄,M,2020=100
404Y014,4.1.1.1. 생산자물가지수(기본분류),201111AA,무연탄,Q,2020=100
404Y014,4.1.1.1. 생산자물가지수(기본분류),20111AA,석탄,A,2020=100
404Y014,4.1.1.1. 생산자물가지수(기본분류),20111AA,석탄,M,2020=100
404Y014,4.1.1.1. 생산자물가지수(기본분류),20111AA,석탄,Q,2020=100
404Y014,4.1.1.1. 생산자물가지수(기본분류),2011AA,"석탄,원유및천연가스",A,2020=100
404Y014,4.1.1.1. 생산자물가지수(기본분류),2011AA,"석탄,원유및천연가스",M,2020=100
404Y014,4.1.1.1. 생산자물가지수(기본분류),2011AA,"석탄,원유및천연가스",Q,2020=100
404Y014,4.1.1.1. 생산자물가지수(기본분류),201221AA,골재및석재,A,2020=100
404Y014,4.1.1.1. 생산자물가지수(기본분류),201221AA,골재및석재,M,2020=100
404Y014,4.1.1.1. 생산자물가지수(기본분류),201221AA,골재및석재,Q,2020=100
404Y014,4.1.1.1. 생산자물가지수(기본분류),201222AA,석회석,A,2020=100
404Y014,4.1.1.1. 생산자물가지수(기본분류),201222AA,석회석,M,2020=100
404Y014,4.1.1.1. 생산자물가지수(기본분류),201222AA,석회석,Q,2020=100
404Y014,4.1.1.1. 생산자물가지수(기본분류),201223AA,기타비금속광물,A,2020=100
404Y014,4.1.1.1. 생산자물가지수(기본분류),201223AA,기타비금속광물,M,2020=100
404Y014,4.1.1.1. 생산자물가지수(기본분류),201223AA,기타비금속광물,Q,2020=100
404Y014,4.1.1.1. 생산자물가지수(기본분류),20122AA,비금속광물,A,2020=100
404Y014,4.1.1.1. 생산자물가지수(기본분류),20122AA,비금속광물,M,2020=100
404Y014,4.1.1.1. 생산자물가지수(기본분류),20122AA,비금속광물,Q,2020=100
404Y014,4.1.1.1. 생산자물가지수(기본분류),2012AA,금속및비금속광물,A,2020=100
404Y014,4.1.1.1. 생산자물가지수(기본분류),2012AA,금속및비금속광물,M,2020=100
404Y014,4.1.1.1. 생산자물가지수(기본분류),2012AA,금속및비금속광물,Q,2020=100
404Y014,4.1.1.1. 생산자물가지수(기본분류),201AA,광산품,A,2020=100
404Y014,4.1.1.1. 생산자물가지수(기본분류),201AA,광산품,M,2020=100
404Y014,4.1.1.1. 생산자물가지수(기본분류),201AA,광산품,Q,2020=100
404Y014,4.1.1.1. 생산자물가지수(기본분류),2AA,광산품,A,2020=100
404Y014,4.1.1.1. 생산자물가지수(기본분류),2AA,광산품,M,2020=100
404Y014,4.1.1.1. 생산자물가지수(기본분류),2AA,광산품,Q,2020=100
404Y014,4.1.1.1. 생산자물가지수(기본분류),301111AA,육가공품,A,2020=100
404Y014,4.1.1.1. 생산자물가지수(기본분류),301111AA,육가공품,M,2020=100
404Y014,4.1.1.1. 생산자물가지수(기본분류),301111AA,육가공품,Q,2020=100
404Y014,4.1.1.1. 생산자물가지수(기본분류),301112AA,낙농품,A,2020=100
404Y014,4.1.1.1. 생산자물가지수(기본분류),301112AA,낙농품,M,2020=100
404Y014,4.1.1.1. 생산자물가지수(기본분류),301112AA,낙농품,Q,2020=100
404Y014,4.1.1.1. 생산자물가지수(기본분류),30111AA,육가공품및낙농품,A,2020=100
404Y014,4.1.1.1. 생산자물가지수(기본분류),30111AA,육가공품및낙농품,M,2020=100
404Y014,4.1.1.1. 생산자물가지수(기본분류),30111AA,육가공품및낙농품,Q,2020=100
404Y014,4.1.1.1. 생산자물가지수(기본분류),301121AA,수산물가공품,A,2020=100
404Y014,4.1.1.1. 생산자물가지수(기본분류),301121AA,수산물가공품,M,2020=100
404Y014,4.1.1.1. 생산자물가지수(기본분류),301121AA,수산물가공품,Q,2020=100
404Y014,4.1.1.1. 생산자물가지수(기본분류),301122AA,수산동물저장품,A,2020=100
404Y014,4.1.1.1. 생산자물가지수(기본분류),301122AA,수산동물저장품,M,2020=100
404Y014,4.1.1.1. 생산자물가지수(기본분류),301122AA,수산동물저장품,Q,2020=100
404Y014,4.1.1.1. 생산자물가지수(기본분류),30112AA,수산가공품,A,2020=100
404Y014,4.1.1.1. 생산자물가지수(기본분류),30112AA,수산가공품,M,2020=100
404Y014,4.1.1.1. 생산자물가지수(기본분류),30112AA,수산가공품,Q,2020=100
404Y014,4.1.1.1. 생산자물가지수(기본분류),301131AA,제분,A,2020=100
404Y014,4.1.1.1. 생산자물가지수(기본분류),301131AA,제분,M,2020=100
404Y014,4.1.1.1. 생산자물가지수(기본분류),301131AA,제분,Q,2020=100
404Y014,4.1.1.1. 생산자물가지수(기본분류),30113AA,제분,A,2020=100
404Y014,4.1.1.1. 생산자물가지수(기본분류),30113AA,제분,M,2020=100
404Y014,4.1.1.1. 생산자물가지수(기본분류),30113AA,제분,Q,2020=100
404Y014,4.1.1.1. 생산자물가지수(기본분류),301142AA,정제당,A,2020=100
404Y014,4.1.1.1. 생산자물가지수(기본분류),301142AA,정제당,M,2020=100
404Y014,4.1.1.1. 생산자물가지수(기본분류),301142AA,정제당,Q,2020=100
404Y014,4.1.1.1. 생산자물가지수(기본분류),301143AA,전분및당류,A,2020=100
404Y014,4.1.1.1. 생산자물가지수(기본분류),301143AA,전분및당류,M,2020=100
404Y014,4.1.1.1. 생산자물가지수(기본분류),301143AA,전분및당류,Q,2020=100
404Y014,4.1.1.1. 생산자물가지수(기본분류),30114AA,제당및전분,A,2020=100
404Y014,4.1.1.1. 생산자물가지수(기본분류),30114AA,제당및전분,M,2020=100
404Y014,4.1.1.1. 생산자물가지수(기본분류),30114AA,제당및전분,Q,2020=100
404Y014,4.1.1.1. 생산자물가지수(기본분류),301151AA,"떡,빵및과자류",A,2020=100
404Y014,4.1.1.1. 생산자물가지수(기본분류),301151AA,"떡,빵및과자류",M,2020=100
404Y014,4.1.1.1. 생산자물가지수(기본분류),301151AA,"떡,빵및과자류",Q,2020=100
404Y014,4.1.1.1. 생산자물가지수(기본분류),301152AA,면류,A,2020=100
404Y014,4.1.1.1. 생산자물가지수(기본분류),301152AA,면류,M,2020=100
404Y014,4.1.1.1. 생산자물가지수(기본분류),301152AA,면류,Q,2020=100
404Y014,4.1.1.1. 생산자물가지수(기본분류),30115AA,"떡,과자및면류",A,2020=100
404Y014,4.1.1.1. 생산자물가지수(기본분류),30115AA,"떡,과자및면류",M,2020=100
404Y014,4.1.1.1. 생산자물가지수(기본분류),30115AA,"떡,과자및면류",Q,2020=100
404Y014,4.1.1.1. 생산자물가지수(기본분류),301161AA,조미료및첨가용식품,A,2020=100
404Y014,4.1.1.1. 생산자물가지수(기본분류),301161AA,조미료및첨가용식품,M,2020=100
404Y014,4.1.1.1. 생산자물가지수(기본분류),301161AA,조미료및첨가용식품,Q,2020=100
404Y014,4.1.1.1. 생산자물가지수(기본분류),301162AA,유지,A,2020=100
404Y014,4.1.1.1. 생산자물가지수(기본분류),301162AA,유지,M,2020=100
404Y014,4.1.1.1. 생산자물가지수(기본분류),301162AA,유지,Q,2020=100
404Y014,4.1.1.1. 생산자물가지수(기본분류),30116AA,조미료및유지,A,2020=100
404Y014,4.1.1.1. 생산자물가지수(기본분류),30116AA,조미료및유지,M,2020=100
404Y014,4.1.1.1. 생산자물가지수(기본분류),30116AA,조미료및유지,Q,2020=100
404Y014,4.1.1.1. 생산자물가지수(기본분류),301171AA,과실및채소가공품,A,2020=100
404Y014,4.1.1.1. 생산자물가지수(기본분류),301171AA,과실및채소가공품,M,2020=100
404Y014,4.1.1.1. 생산자물가지수(기본분류),301171AA,과실및채소가공품,Q,2020=100
404Y014,4.1.1.1. 생산자물가지수(기본분류),301172AA,커피및차류,A,2020=100
404Y014,4.1.1.1. 생산자물가지수(기본분류),301172AA,커피및차류,M,2020=100
404Y014,4.1.1.1. 생산자물가지수(기본분류),301172AA,커피및차류,Q,2020=100
404Y014,4.1.1.1. 생산자물가지수(기본분류),301173AA,인삼및건강보조식품,A,2020=100
404Y014,4.1.1.1. 생산자물가지수(기본분류),301173AA,인삼및건강보조식품,M,2020=100
404Y014,4.1.1.1. 생산자물가지수(기본분류),301173AA,인삼및건강보조식품,Q,2020=100
404Y014,4.1.1.1. 생산자물가지수(기본분류),301174AA,기타식료품,A,2020=100
404Y014,4.1.1.1. 생산자물가지수(기본분류),301174AA,기타식료품,M,2020=100
404Y014,4.1.1.1. 생산자물가지수(기본분류),301174AA,기타식료품,Q,2020=100
404Y014,4.1.1.1. 생산자물가지수(기본분류),30117AA,기타식료품,A,2020=100
404Y014,4.1.1.1. 생산자물가지수(기본분류),30117AA,기타식료품,M,2020=100
404Y014,4.1.1.1. 생산자물가지수(기본분류),30117AA,기타식료품,Q,2020=100
404Y014,4.1.1.1. 생산자물가지수(기본분류),301181AA,사료,A,2020=100
404Y014,4.1.1.1. 생산자물가지수(기본분류),301181AA,사료,M,2020=100
404Y014,4.1.1.1. 생산자물가지수(기본분류),301181AA,사료,Q,2020=100
404Y014,4.1.1.1. 생산자물가지수(기본분류),30118AA,사료,A,2020=100
404Y014,4.1.1.1. 생산자물가지수(기본분류),30118AA,사료,M,2020=100
404Y014,4.1.1.1. 생산자물가지수(기본분류),30118AA,사료,Q,2020=100
404Y014,4.1.1.1. 생산자물가지수(기본분류),3011AA,식료품,A,2020=100
404Y014,4.1.1.1. 생산자물가지수(기본분류),3011AA,식료품,M,2020=100
404Y014,4.1.1.1. 생산자물가지수(기본분류),3011AA,식료품,Q,2020=100
404Y014,4.1.1.1. 생산자물가지수(기본분류),301211AA,주정,A,2020=100
404Y014,4.1.1.1. 생산자물가지수(기본분류),301211AA,주정,M,2020=100
404Y014,4.1.1.1. 생산자물가지수(기본분류),301211AA,주정,Q,2020=100
404Y014,4.1.1.1. 생산자물가지수(기본분류),301212AA,소주,A,2020=100
404Y014,4.1.1.1. 생산자물가지수(기본분류),301212AA,소주,M,2020=100
404Y014,4.1.1.1. 생산자물가지수(기본분류),301212AA,소주,Q,2020=100
404Y014,4.1.1.1. 생산자물가지수(기본분류),301213AA,맥주,A,2020=100
404Y014,4.1.1.1. 생산자물가지수(기본분류),301213AA,맥주,M,2020=100
404Y014,4.1.1.1. 생산자물가지수(기본분류),301213AA,맥주,Q,2020=100
404Y014,4.1.1.1. 생산자물가지수(기본분류),301214AA,기타주류,A,2020=100
404Y014,4.1.1.1. 생산자물가지수(기본분류),301214AA,기타주류,M,2020=100
404Y014,4.1.1.1. 생산자물가지수(기본분류),301214AA,기타주류,Q,2020=100
404Y014,4.1.1.1. 생산자물가지수(기본분류),30121AA,주류,A,2020=100
404Y014,4.1.1.1. 생산자물가지수(기본분류),30121AA,주류,M,2020=100
404Y014,4.1.1.1. 생산자물가지수(기본분류),30121AA,주류,Q,2020=100
404Y014,4.1.1.1. 생산자물가지수(기본분류),301221AA,비알콜음료및얼음,A,2020=100
404Y014,4.1.1.1. 생산자물가지수(기본분류),301221AA,비알콜음료및얼음,M,2020=100
404Y014,4.1.1.1. 생산자물가지수(기본분류),301221AA,비알콜음료및얼음,Q,2020=100
404Y014,4.1.1.1. 생산자물가지수(기본분류),30122AA,비알콜음료및얼음,A,2020=100
404Y014,4.1.1.1. 생산자물가지수(기본분류),30122AA,비알콜음료및얼음,M,2020=100
404Y014,4.1.1.1. 생산자물가지수(기본분류),30122AA,비알콜음료및얼음,Q,2020=100
404Y014,4.1.1.1. 생산자물가지수(기본분류),3012AA,음료품,A,2020=100
404Y014,4.1.1.1. 생산자물가지수(기본분류),3012AA,음료품,M,2020=100
404Y014,4.1.1.1. 생산자물가지수(기본분류),3012AA,음료품,Q,2020=100
404Y014,4.1.1.1. 생산자물가지수(기본분류),301311AA,담배,A,2020=100
404Y014,4.1.1.1. 생산자물가지수(기본분류),301311AA,담배,M,2020=100
404Y014,4.1.1.1. 생산자물가지수(기본분류),301311AA,담배,Q,2020=100
404Y014,4.1.1.1. 생산자물가지수(기본분류),30131AA,담배,A,2020=100
404Y014,4.1.1.1. 생산자물가지수(기본분류),30131AA,담배,M,2020=100
404Y014,4.1.1.1. 생산자물가지수(기본분류),30131AA,담배,Q,2020=100
404Y014,4.1.1.1. 생산자물가지수(기본분류),3013AA,담배,A,2020=100
404Y014,4.1.1.1. 생산자물가지수(기본분류),3013AA,담배,M,2020=100
404Y014,4.1.1.1. 생산자물가지수(기본분류),3013AA,담배,Q,2020=100
404Y014,4.1.1.1. 생산자물가지수(기본분류),301AA,음식료품,A,2020=100
404Y014,4.1.1.1. 생산자물가지수(기본분류),301AA,음식료품,M,2020=100
404Y014,4.1.1.1. 생산자물가지수(기본분류),301AA,음식료품,Q,2020=100
404Y014,4.1.1.1. 생산자물가지수(기본분류),302111AA,천연및화학섬유사,A,2020=100
404Y014,4.1.1.1. 생산자물가지수(기본분류),302111AA,천연및화학섬유사,M,2020=100
404Y014,4.1.1.1. 생산자물가지수(기본분류),302111AA,천연및화학섬유사,Q,2020=100
404Y014,4.1.1.1. 생산자물가지수(기본분류),302112AA,기타섬유사,A,2020=100
404Y014,4.1.1.1. 생산자물가지수(기본분류),302112AA,기타섬유사,M,2020=100
404Y014,4.1.1.1. 생산자물가지수(기본분류),302112AA,기타섬유사,Q,2020=100
404Y014,4.1.1.1. 생산자물가지수(기본분류),30211AA,섬유사,A,2020=100
404Y014,4.1.1.1. 생산자물가지수(기본분류),30211AA,섬유사,M,2020=100
404Y014,4.1.1.1. 생산자물가지수(기본분류),30211AA,섬유사,Q,2020=100
404Y014,4.1.1.1. 생산자물가지수(기본분류),302121AA,천연및화학섬유직물,A,2020=100
404Y014,4.1.1.1. 생산자물가지수(기본분류),302121AA,천연및화학섬유직물,M,2020=100
404Y014,4.1.1.1. 생산자물가지수(기본분류),302121AA,천연및화학섬유직물,Q,2020=100
404Y014,4.1.1.1. 생산자물가지수(기본분류),302122AA,기타섬유직물,A,2020=100
404Y014,4.1.1.1. 생산자물가지수(기본분류),302122AA,기타섬유직물,M,2020=100
404Y014,4.1.1.1. 생산자물가지수(기본분류),302122AA,기타섬유직물,Q,2020=100
404Y014,4.1.1.1. 생산자물가지수(기본분류),30212AA,섬유직물,A,2020=100
404Y014,4.1.1.1. 생산자물가지수(기본분류),30212AA,섬유직물,M,2020=100
404Y014,4.1.1.1. 생산자물가지수(기본분류),30212AA,섬유직물,Q,2020=100
404Y014,4.1.1.1. 생산자물가지수(기본분류),302131AA,직물제품,A,2020=100
404Y014,4.1.1.1. 생산자물가지수(기본분류),302131AA,직물제품,M,2020=100
404Y014,4.1.1.1. 생산자물가지수(기본분류),302131AA,직물제품,Q,2020=100
404Y014,4.1.1.1. 생산자물가지수(기본분류),302132AA,부직포및펠트,A,2020=100
404Y014,4.1.1.1. 생산자물가지수(기본분류),302132AA,부직포및펠트,M,2020=100
404Y014,4.1.1.1. 생산자물가지수(기본분류),302132AA,부직포및펠트,Q,2020=100
404Y014,4.1.1.1. 생산자물가지수(기본분류),302133AA,기타섬유제품,A,2020=100
404Y014,4.1.1.1. 생산자물가지수(기본분류),302133AA,기타섬유제품,M,2020=100
404Y014,4.1.1.1. 생산자물가지수(기본분류),302133AA,기타섬유제품,Q,2020=100
404Y014,4.1.1.1. 생산자물가지수(기본분류),30213AA,직물제품,A,2020=100
404Y014,4.1.1.1. 생산자물가지수(기본분류),30213AA,직물제품,M,2020=100
404Y014,4.1.1.1. 생산자물가지수(기본분류),30213AA,직물제품,Q,2020=100
404Y014,4.1.1.1. 생산자물가지수(기본분류),302141AA,봉제의류,A,2020=100
404Y014,4.1.1.1. 생산자물가지수(기본분류),302141AA,봉제의류,M,2020=100
404Y014,4.1.1.1. 생산자물가지수(기본분류),302141AA,봉제의류,Q,2020=100
404Y014,4.1.1.1. 생산자물가지수(기본분류),302142AA,편조의류,A,2020=100
404Y014,4.1.1.1. 생산자물가지수(기본분류),302142AA,편조의류,M,2020=100
404Y014,4.1.1.1. 생산자물가지수(기본분류),302142AA,편조의류,Q,2020=100
404Y014,4.1.1.1. 생산자물가지수(기본분류),302145AA,의복관련장신품,A,2020=100
404Y014,4.1.1.1. 생산자물가지수(기본분류),302145AA,의복관련장신품,M,2020=100
404Y014,4.1.1.1. 생산자물가지수(기본분류),302145AA,의복관련장신품,Q,2020=100
404Y014,4.1.1.1. 생산자물가지수(기본분류),30214AA,의복제품,A,2020=100
404Y014,4.1.1.1. 생산자물가지수(기본분류),30214AA,의복제품,M,2020=100
404Y014,4.1.1.1. 생산자물가지수(기본분류),30214AA,의복제품,Q,2020=100
404Y014,4.1.1.1. 생산자물가지수(기본분류),3021AA,섬유및의복,A,2020=100
404Y014,4.1.1.1. 생산자물가지수(기본분류),3021AA,섬유및의복,M,2020=100
404Y014,4.1.1.1. 생산자물가지수(기본분류),3021AA,섬유및의복,Q,2020=100
404Y014,4.1.1.1. 생산자물가지수(기본분류),302211AA,가죽,A,2020=100
404Y014,4.1.1.1. 생산자물가지수(기본분류),302211AA,가죽,M,2020=100
404Y014,4.1.1.1. 생산자물가지수(기본분류),302211AA,가죽,Q,2020=100
404Y014,4.1.1.1. 생산자물가지수(기본분류),302213AA,가방및핸드백,A,2020=100
404Y014,4.1.1.1. 생산자물가지수(기본분류),302213AA,가방및핸드백,M,2020=100
404Y014,4.1.1.1. 생산자물가지수(기본분류),302213AA,가방및핸드백,Q,2020=100
404Y014,4.1.1.1. 생산자물가지수(기본분류),302214AA,신발,A,2020=100
404Y014,4.1.1.1. 생산자물가지수(기본분류),302214AA,신발,M,2020=100
404Y014,4.1.1.1. 생산자물가지수(기본분류),302214AA,신발,Q,2020=100
404Y014,4.1.1.1. 생산자물가지수(기본분류),30221AA,가죽제품,A,2020=100
404Y014,4.1.1.1. 생산자물가지수(기본분류),30221AA,가죽제품,M,2020=100
404Y014,4.1.1.1. 생산자물가지수(기본분류),30221AA,가죽제품,Q,2020=100
404Y014,4.1.1.1. 생산자물가지수(기본분류),3022AA,가죽제품,A,2020=100
404Y014,4.1.1.1. 생산자물가지수(기본분류),3022AA,가죽제품,M,2020=100
404Y014,4.1.1.1. 생산자물가지수(기본분류),3022AA,가죽제품,Q,2020=100
404Y014,4.1.1.1. 생산자물가지수(기본분류),302AA,섬유및가죽제품,A,2020=100
404Y014,4.1.1.1. 생산자물가지수(기본분류),302AA,섬유및가죽제품,M,2020=100
404Y014,4.1.1.1. 생산자물가지수(기본분류),302AA,섬유및가죽제품,Q,2020=100
404Y014,4.1.1.1. 생산자물가지수(기본분류),303111AA,제재목,A,2020=100
404Y014,4.1.1.1. 생산자물가지수(기본분류),303111AA,제재목,M,2020=100
404Y014,4.1.1.1. 생산자물가지수(기본분류),303111AA,제재목,Q,2020=100
404Y014,4.1.1.1. 생산자물가지수(기본분류),303112AA,합판,A,2020=100
404Y014,4.1.1.1. 생산자물가지수(기본분류),303112AA,합판,M,2020=100
404Y014,4.1.1.1. 생산자물가지수(기본분류),303112AA,합판,Q,2020=100
404Y014,4.1.1.1. 생산자물가지수(기본분류),303113AA,강화및재생목재,A,2020=100
404Y014,4.1.1.1. 생산자물가지수(기본분류),303113AA,강화및재생목재,M,2020=100
404Y014,4.1.1.1. 생산자물가지수(기본분류),303113AA,강화및재생목재,Q,2020=100
404Y014,4.1.1.1. 생산자물가지수(기본분류),30311AA,목재,A,2020=100
404Y014,4.1.1.1. 생산자물가지수(기본분류),30311AA,목재,M,2020=100
404Y014,4.1.1.1. 생산자물가지수(기본분류),30311AA,목재,Q,2020=100
404Y014,4.1.1.1. 생산자물가지수(기본분류),303121AA,건축용목제품,A,2020=100
404Y014,4.1.1.1. 생산자물가지수(기본분류),303121AA,건축용목제품,M,2020=100
404Y014,4.1.1.1. 생산자물가지수(기본분류),303121AA,건축용목제품,Q,2020=100
404Y014,4.1.1.1. 생산자물가지수(기본분류),303122AA,목재용기및적재판,A,2020=100
404Y014,4.1.1.1. 생산자물가지수(기본분류),303122AA,목재용기및적재판,M,2020=100
404Y014,4.1.1.1. 생산자물가지수(기본분류),303122AA,목재용기및적재판,Q,2020=100
404Y014,4.1.1.1. 생산자물가지수(기본분류),30312AA,목제품,A,2020=100
404Y014,4.1.1.1. 생산자물가지수(기본분류),30312AA,목제품,M,2020=100
404Y014,4.1.1.1. 생산자물가지수(기본분류),30312AA,목제품,Q,2020=100
404Y014,4.1.1.1. 생산자물가지수(기본분류),3031AA,목재및목제품,A,2020=100
404Y014,4.1.1.1. 생산자물가지수(기본분류),3031AA,목재및목제품,M,2020=100
404Y014,4.1.1.1. 생산자물가지수(기본분류),3031AA,목재및목제품,Q,2020=100
404Y014,4.1.1.1. 생산자물가지수(기본분류),303211AA,펄프,A,2020=100
404Y014,4.1.1.1. 생산자물가지수(기본분류),303211AA,펄프,M,2020=100
404Y014,4.1.1.1. 생산자물가지수(기본분류),303211AA,펄프,Q,2020=100
404Y014,4.1.1.1. 생산자물가지수(기본분류),30321AA,펄프,A,2020=100
404Y014,4.1.1.1. 생산자물가지수(기본분류),30321AA,펄프,M,2020=100
404Y014,4.1.1.1. 생산자물가지수(기본분류),30321AA,펄프,Q,2020=100
404Y014,4.1.1.1. 생산자물가지수(기본분류),303221AA,인쇄용지,A,2020=100
404Y014,4.1.1.1. 생산자물가지수(기본분류),303221AA,인쇄용지,M,2020=100
404Y014,4.1.1.1. 생산자물가지수(기본분류),303221AA,인쇄용지,Q,2020=100
404Y014,4.1.1.1. 생산자물가지수(기본분류),303222AA,기타원지및판지,A,2020=100
404Y014,4.1.1.1. 생산자물가지수(기본분류),303222AA,기타원지및판지,M,2020=100
404Y014,4.1.1.1. 생산자물가지수(기본분류),303222AA,기타원지및판지,Q,2020=100
404Y014,4.1.1.1. 생산자물가지수(기본분류),30322AA,종이류,A,2020=100
404Y014,4.1.1.1. 생산자물가지수(기본분류),30322AA,종이류,M,2020=100
404Y014,4.1.1.1. 생산자물가지수(기본분류),30322AA,종이류,Q,2020=100
404Y014,4.1.1.1. 생산자물가지수(기본분류),303231AA,골판지및골판지가공품,A,2020=100
404Y014,4.1.1.1. 생산자물가지수(기본분류),303231AA,골판지및골판지가공품,M,2020=100
404Y014,4.1.1.1. 생산자물가지수(기본분류),303231AA,골판지및골판지가공품,Q,2020=100
404Y014,4.1.1.1. 생산자물가지수(기본분류),303232AA,종이용기,A,2020=100
404Y014,4.1.1.1. 생산자물가지수(기본분류),303232AA,종이용기,M,2020=100
404Y014,4.1.1.1. 생산자물가지수(기본분류),303232AA,종이용기,Q,2020=100
404Y014,4.1.1.1. 생산자물가지수(기본분류),303233AA,종이문구및사무용지,A,2020=100
404Y014,4.1.1.1. 생산자물가지수(기본분류),303233AA,종이문구및사무용지,M,2020=100
404Y014,4.1.1.1. 생산자물가지수(기본분류),303233AA,종이문구및사무용지,Q,2020=100
404Y014,4.1.1.1. 생산자물가지수(기본분류),303234AA,위생용종이제품,A,2020=100
404Y014,4.1.1.1. 생산자물가지수(기본분류),303234AA,위생용종이제품,M,2020=100
404Y014,4.1.1.1. 생산자물가지수(기본분류),303234AA,위생용종이제품,Q,2020=100
404Y014,4.1.1.1. 생산자물가지수(기본분류),303235AA,기타종이제품,A,2020=100
404Y014,4.1.1.1. 생산자물가지수(기본분류),303235AA,기타종이제품,M,2020=100
404Y014,4.1.1.1. 생산자물가지수(기본분류),303235AA,기타종이제품,Q,2020=100
404Y014,4.1.1.1. 생산자물가지수(기본분류),30323AA,종이제품,A,2020=100
404Y014,4.1.1.1. 생산자물가지수(기본분류),30323AA,종이제품,M,2020=100
404Y014,4.1.1.1. 생산자물가지수(기본분류),30323AA,종이제품,Q,2020=100
404Y014,4.1.1.1. 생산자물가지수(기본분류),3032AA,펄프및종이제품,A,2020=100
404Y014,4.1.1.1. 생산자물가지수(기본분류),3032AA,펄프및종이제품,M,2020=100
404Y014,4.1.1.1. 생산자물가지수(기본분류),3032AA,펄프및종이제품,Q,2020=100
404Y014,4.1.1.1. 생산자물가지수(기본분류),303AA,목재및종이제품,A,2020=100
404Y014,4.1.1.1. 생산자물가지수(기본분류),303AA,목재및종이제품,M,2020=100
404Y014,4.1.1.1. 생산자물가지수(기본분류),303AA,목재및종이제품,Q,2020=100
404Y014,4.1.1.1. 생산자물가지수(기본분류),304111AA,석탄코크스및석탄관련제품,A,2020=100
404Y014,4.1.1.1. 생산자물가지수(기본분류),304111AA,석탄코크스및석탄관련제품,M,2020=100
404Y014,4.1.1.1. 생산자물가지수(기본분류),304111AA,석탄코크스및석탄관련제품,Q,2020=100
404Y014,4.1.1.1. 생산자물가지수(기본분류),304112AA,연탄,A,2020=100
404Y014,4.1.1.1. 생산자물가지수(기본분류),304112AA,연탄,M,2020=100
404Y014,4.1.1.1. 생산자물가지수(기본분류),304112AA,연탄,Q,2020=100
404Y014,4.1.1.1. 생산자물가지수(기본분류),30411AA,석탄제품,A,2020=100
404Y014,4.1.1.1. 생산자물가지수(기본분류),30411AA,석탄제품,M,2020=100
404Y014,4.1.1.1. 생산자물가지수(기본분류),30411AA,석탄제품,Q,2020=100
404Y014,4.1.1.1. 생산자물가지수(기본분류),304121AA,나프타,A,2020=100
404Y014,4.1.1.1. 생산자물가지수(기본분류),304121AA,나프타,M,2020=100
404Y014,4.1.1.1. 생산자물가지수(기본분류),304121AA,나프타,Q,2020=100
404Y014,4.1.1.1. 생산자물가지수(기본분류),304122AA,휘발유,A,2020=100
404Y014,4.1.1.1. 생산자물가지수(기본분류),304122AA,휘발유,M,2020=100
404Y014,4.1.1.1. 생산자물가지수(기본분류),304122AA,휘발유,Q,2020=100
404Y014,4.1.1.1. 생산자물가지수(기본분류),304123AA,제트유,A,2020=100
404Y014,4.1.1.1. 생산자물가지수(기본분류),304123AA,제트유,M,2020=100
404Y014,4.1.1.1. 생산자물가지수(기본분류),304123AA,제트유,Q,2020=100
404Y014,4.1.1.1. 생산자물가지수(기본분류),304124AA,등유,A,2020=100
404Y014,4.1.1.1. 생산자물가지수(기본분류),304124AA,등유,M,2020=100
404Y014,4.1.1.1. 생산자물가지수(기본분류),304124AA,등유,Q,2020=100
404Y014,4.1.1.1. 생산자물가지수(기본분류),304125AA,경유,A,2020=100
404Y014,4.1.1.1. 생산자물가지수(기본분류),304125AA,경유,M,2020=100
404Y014,4.1.1.1. 생산자물가지수(기본분류),304125AA,경유,Q,2020=100
404Y014,4.1.1.1. 생산자물가지수(기본분류),304126AA,중유,A,2020=100
404Y014,4.1.1.1. 생산자물가지수(기본분류),304126AA,중유,M,2020=100
404Y014,4.1.1.1. 생산자물가지수(기본분류),304126AA,중유,Q,2020=100
404Y014,4.1.1.1. 생산자물가지수(기본분류),304127AA,액화석유가스,A,2020=100
404Y014,4.1.1.1. 생산자물가지수(기본분류),304127AA,액화석유가스,M,2020=100
404Y014,4.1.1.1. 생산자물가지수(기본분류),304127AA,액화석유가스,Q,2020=100
404Y014,4.1.1.1. 생산자물가지수(기본분류),30412AA,원유정제처리제품,A,2020=100
404Y014,4.1.1.1. 생산자물가지수(기본분류),30412AA,원유정제처리제품,M,2020=100
404Y014,4.1.1.1. 생산자물가지수(기본분류),30412AA,원유정제처리제품,Q,2020=100
404Y014,4.1.1.1. 생산자물가지수(기본분류),304131AA,윤활유및그리스,A,2020=100
404Y014,4.1.1.1. 생산자물가지수(기본분류),304131AA,윤활유및그리스,M,2020=100
404Y014,4.1.1.1. 생산자물가지수(기본분류),304131AA,윤활유및그리스,Q,2020=100
404Y014,4.1.1.1. 생산자물가지수(기본분류),304132AA,기타석유정제제품,A,2020=100
404Y014,4.1.1.1. 생산자물가지수(기본분류),304132AA,기타석유정제제품,M,2020=100
404Y014,4.1.1.1. 생산자물가지수(기본분류),304132AA,기타석유정제제품,Q,2020=100
404Y014,4.1.1.1. 생산자물가지수(기본분류),30413AA,윤활유및기타석유정제품,A,2020=100
404Y014,4.1.1.1. 생산자물가지수(기본분류),30413AA,윤활유및기타석유정제품,M,2020=100
404Y014,4.1.1.1. 생산자물가지수(기본분류),30413AA,윤활유및기타석유정제품,Q,2020=100
404Y014,4.1.1.1. 생산자물가지수(기본분류),3041AA,석탄및석유제품,A,2020=100
404Y014,4.1.1.1. 생산자물가지수(기본분류),3041AA,석탄및석유제품,M,2020=100
404Y014,4.1.1.1. 생산자물가지수(기본분류),3041AA,석탄및석유제품,Q,2020=100
404Y014,4.1.1.1. 생산자물가지수(기본분류),304AA,석탄및석유제품,A,2020=100
404Y014,4.1.1.1. 생산자물가지수(기본분류),304AA,석탄및석유제품,M,2020=100
404Y014,4.1.1.1. 생산자물가지수(기본분류),304AA,석탄및석유제품,Q,2020=100
404Y014,4.1.1.1. 생산자물가지수(기본분류),305111AA,지방족기초유분,A,2020=100
404Y014,4.1.1.1. 생산자물가지수(기본분류),305111AA,지방족기초유분,M,2020=100
404Y014,4.1.1.1. 생산자물가지수(기본분류),305111AA,지방족기초유분,Q,2020=100
404Y014,4.1.1.1. 생산자물가지수(기본분류),305112AA,방향족기초유분,A,2020=100
404Y014,4.1.1.1. 생산자물가지수(기본분류),305112AA,방향족기초유분,M,2020=100
404Y014,4.1.1.1. 생산자물가지수(기본분류),305112AA,방향족기초유분,Q,2020=100
404Y014,4.1.1.1. 생산자물가지수(기본분류),305113AA,석유화학중간제품,A,2020=100
404Y014,4.1.1.1. 생산자물가지수(기본분류),305113AA,석유화학중간제품,M,2020=100
404Y014,4.1.1.1. 생산자물가지수(기본분류),305113AA,석유화학중간제품,Q,2020=100
404Y014,4.1.1.1. 생산자물가지수(기본분류),305114AA,기타기초유기화합물,A,2020=100
404Y014,4.1.1.1. 생산자물가지수(기본분류),305114AA,기타기초유기화합물,M,2020=100
404Y014,4.1.1.1. 생산자물가지수(기본분류),305114AA,기타기초유기화합물,Q,2020=100
404Y014,4.1.1.1. 생산자물가지수(기본분류),30511AA,기초유기화학물질,A,2020=100
404Y014,4.1.1.1. 생산자물가지수(기본분류),30511AA,기초유기화학물질,M,2020=100
404Y014,4.1.1.1. 생산자물가지수(기본분류),30511AA,기초유기화학물질,Q,2020=100
404Y014,4.1.1.1. 생산자물가지수(기본분류),305121AA,산업용가스,A,2020=100
404Y014,4.1.1.1. 생산자물가지수(기본분류),305121AA,산업용가스,M,2020=100
404Y014,4.1.1.1. 생산자물가지수(기본분류),305121AA,산업용가스,Q,2020=100
404Y014,4.1.1.1. 생산자물가지수(기본분류),305122AA,기초무기화합물,A,2020=100
404Y014,4.1.1.1. 생산자물가지수(기본분류),305122AA,기초무기화합물,M,2020=100
404Y014,4.1.1.1. 생산자물가지수(기본분류),305122AA,기초무기화합물,Q,2020=100
404Y014,4.1.1.1. 생산자물가지수(기본분류),305123AA,"염료,안료및유연제",A,2020=100
404Y014,4.1.1.1. 생산자물가지수(기본분류),305123AA,"염료,안료및유연제",M,2020=100
404Y014,4.1.1.1. 생산자물가지수(기본분류),305123AA,"염료,안료및유연제",Q,2020=100
404Y014,4.1.1.1. 생산자물가지수(기본분류),30512AA,기초무기화학물질,A,2020=100
404Y014,4.1.1.1. 생산자물가지수(기본분류),30512AA,기초무기화학물질,M,2020=100
404Y014,4.1.1.1. 생산자물가지수(기본분류),30512AA,기초무기화학물질,Q,2020=100
404Y014,4.1.1.1. 생산자물가지수(기본분류),3051AA,기초화학물질,A,2020=100
404Y014,4.1.1.1. 생산자물가지수(기본분류),3051AA,기초화학물질,M,2020=100
404Y014,4.1.1.1. 생산자물가지수(기본분류),3051AA,기초화학물질,Q,2020=100
404Y014,4.1.1.1. 생산자물가지수(기본분류),305211AA,합성수지,A,2020=100
404Y014,4.1.1.1. 생산자물가지수(기본분류),305211AA,합성수지,M,2020=100
404Y014,4.1.1.1. 생산자물가지수(기본분류),305211AA,합성수지,Q,2020=100
404Y014,4.1.1.1. 생산자물가지수(기본분류),305212AA,합성고무,A,2020=100
404Y014,4.1.1.1. 생산자물가지수(기본분류),305212AA,합성고무,M,2020=100
404Y014,4.1.1.1. 생산자물가지수(기본분류),305212AA,합성고무,Q,2020=100
404Y014,4.1.1.1. 생산자물가지수(기본분류),30521AA,합성수지및합성고무,A,2020=100
404Y014,4.1.1.1. 생산자물가지수(기본분류),30521AA,합성수지및합성고무,M,2020=100
404Y014,4.1.1.1. 생산자물가지수(기본분류),30521AA,합성수지및합성고무,Q,2020=100
404Y014,4.1.1.1. 생산자물가지수(기본분류),3052AA,합성수지및합성고무,A,2020=100
404Y014,4.1.1.1. 생산자물가지수(기본분류),3052AA,합성수지및합성고무,M,2020=100
404Y014,4.1.1.1. 생산자물가지수(기본분류),3052AA,합성수지및합성고무,Q,2020=100
404Y014,4.1.1.1. 생산자물가지수(기본분류),305311AA,화학섬유,A,2020=100
404Y014,4.1.1.1. 생산자물가지수(기본분류),305311AA,화학섬유,M,2020=100
404Y014,4.1.1.1. 생산자물가지수(기본분류),305311AA,화학섬유,Q,2020=100
404Y014,4.1.1.1. 생산자물가지수(기본분류),30531AA,화학섬유,A,2020=100
404Y014,4.1.1.1. 생산자물가지수(기본분류),30531AA,화학섬유,M,2020=100
404Y014,4.1.1.1. 생산자물가지수(기본분류),30531AA,화학섬유,Q,2020=100
404Y014,4.1.1.1. 생산자물가지수(기본분류),3053AA,화학섬유,A,2020=100
404Y014,4.1.1.1. 생산자물가지수(기본분류),3053AA,화학섬유,M,2020=100
404Y014,4.1.1.1. 생산자물가지수(기본분류),3053AA,화학섬유,Q,2020=100
404Y014,4.1.1.1. 생산자물가지수(기본분류),305411AA,의약품,A,2020=100
404Y014,4.1.1.1. 생산자물가지수(기본분류),305411AA,의약품,M,2020=100
404Y014,4.1.1.1. 생산자물가지수(기본분류),305411AA,의약품,Q,2020=100
404Y014,4.1.1.1. 생산자물가지수(기본분류),30541AA,의약품,A,2020=100
404Y014,4.1.1.1. 생산자물가지수(기본분류),30541AA,의약품,M,2020=100
404Y014,4.1.1.1. 생산자물가지수(기본분류),30541AA,의약품,Q,2020=100
404Y014,4.1.1.1. 생산자물가지수(기본분류),3054AA,의약품,A,2020=100
404Y014,4.1.1.1. 생산자물가지수(기본분류),3054AA,의약품,M,2020=100
404Y014,4.1.1.1. 생산자물가지수(기본분류),3054AA,의약품,Q,2020=100
404Y014,4.1.1.1. 생산자물가지수(기본분류),305511AA,비료및질소화합물,A,2020=100
404Y014,4.1.1.1. 생산자물가지수(기본분류),305511AA,비료및질소화합물,M,2020=100
404Y014,4.1.1.1. 생산자물가지수(기본분류),305511AA,비료및질소화합물,Q,2020=100
404Y014,4.1.1.1. 생산자물가지수(기본분류),305512AA,살충제및농약,A,2020=100
404Y014,4.1.1.1. 생산자물가지수(기본분류),305512AA,살충제및농약,M,2020=100
404Y014,4.1.1.1. 생산자물가지수(기본분류),305512AA,살충제및농약,Q,2020=100
404Y014,4.1.1.1. 생산자물가지수(기본분류),30551AA,비료및농약,A,2020=100
404Y014,4.1.1.1. 생산자물가지수(기본분류),30551AA,비료및농약,M,2020=100
404Y014,4.1.1.1. 생산자물가지수(기본분류),30551AA,비료및농약,Q,2020=100
404Y014,4.1.1.1. 생산자물가지수(기본분류),3055AA,비료및농약,A,2020=100
404Y014,4.1.1.1. 생산자물가지수(기본분류),3055AA,비료및농약,M,2020=100
404Y014,4.1.1.1. 생산자물가지수(기본분류),3055AA,비료및농약,Q,2020=100
404Y014,4.1.1.1. 생산자물가지수(기본분류),305611AA,도료,A,2020=100
404Y014,4.1.1.1. 생산자물가지수(기본분류),305611AA,도료,M,2020=100
404Y014,4.1.1.1. 생산자물가지수(기본분류),305611AA,도료,Q,2020=100
404Y014,4.1.1.1. 생산자물가지수(기본분류),305612AA,잉크,A,2020=100
404Y014,4.1.1.1. 생산자물가지수(기본분류),305612AA,잉크,M,2020=100
404Y014,4.1.1.1. 생산자물가지수(기본분류),305612AA,잉크,Q,2020=100
404Y014,4.1.1.1. 생산자물가지수(기본분류),30561AA,도료및잉크,A,2020=100
404Y014,4.1.1.1. 생산자물가지수(기본분류),30561AA,도료및잉크,M,2020=100
404Y014,4.1.1.1. 생산자물가지수(기본분류),30561AA,도료및잉크,Q,2020=100
404Y014,4.1.1.1. 생산자물가지수(기본분류),305621AA,"비누,세제및치약",A,2020=100
404Y014,4.1.1.1. 생산자물가지수(기본분류),305621AA,"비누,세제및치약",M,2020=100
404Y014,4.1.1.1. 생산자물가지수(기본분류),305621AA,"비누,세제및치약",Q,2020=100
404Y014,4.1.1.1. 생산자물가지수(기본분류),305622AA,화장품,A,2020=100
404Y014,4.1.1.1. 생산자물가지수(기본분류),305622AA,화장품,M,2020=100
404Y014,4.1.1.1. 생산자물가지수(기본분류),305622AA,화장품,Q,2020=100
404Y014,4.1.1.1. 생산자물가지수(기본분류),30562AA,비누및화장품,A,2020=100
404Y014,4.1.1.1. 생산자물가지수(기본분류),30562AA,비누및화장품,M,2020=100
404Y014,4.1.1.1. 생산자물가지수(기본분류),30562AA,비누및화장품,Q,2020=100
404Y014,4.1.1.1. 생산자물가지수(기본분류),305631AA,접착제및젤라틴,A,2020=100
404Y014,4.1.1.1. 생산자물가지수(기본분류),305631AA,접착제및젤라틴,M,2020=100
404Y014,4.1.1.1. 생산자물가지수(기본분류),305631AA,접착제및젤라틴,Q,2020=100
404Y014,4.1.1.1. 생산자물가지수(기본분류),305632AA,사진용화학제품및감광재료,A,2020=100
404Y014,4.1.1.1. 생산자물가지수(기본분류),305632AA,사진용화학제품및감광재료,M,2020=100
404Y014,4.1.1.1. 생산자물가지수(기본분류),305632AA,사진용화학제품및감광재료,Q,2020=100
404Y014,4.1.1.1. 생산자물가지수(기본분류),305633AA,기타화학제품,A,2020=100
404Y014,4.1.1.1. 생산자물가지수(기본분류),305633AA,기타화학제품,M,2020=100
404Y014,4.1.1.1. 생산자물가지수(기본분류),305633AA,기타화학제품,Q,2020=100
404Y014,4.1.1.1. 생산자물가지수(기본분류),30563AA,기타화학제품,A,2020=100
404Y014,4.1.1.1. 생산자물가지수(기본분류),30563AA,기타화학제품,M,2020=100
404Y014,4.1.1.1. 생산자물가지수(기본분류),30563AA,기타화학제품,Q,2020=100
404Y014,4.1.1.1. 생산자물가지수(기본분류),3056AA,기타화학제품,A,2020=100
404Y014,4.1.1.1. 생산자물가지수(기본분류),3056AA,기타화학제품,M,2020=100
404Y014,4.1.1.1. 생산자물가지수(기본분류),3056AA,기타화학제품,Q,2020=100
404Y014,4.1.1.1. 생산자물가지수(기본분류),305711AA,플라스틱1차제품,A,2020=100
404Y014,4.1.1.1. 생산자물가지수(기본분류),305711AA,플라스틱1차제품,M,2020=100
404Y014,4.1.1.1. 생산자물가지수(기본분류),305711AA,플라스틱1차제품,Q,2020=100
404Y014,4.1.1.1. 생산자물가지수(기본분류),30571AA,플라스틱1차제품,A,2020=100
404Y014,4.1.1.1. 생산자물가지수(기본분류),30571AA,플라스틱1차제품,M,2020=100
404Y014,4.1.1.1. 생산자물가지수(기본분류),30571AA,플라스틱1차제품,Q,2020=100
404Y014,4.1.1.1. 생산자물가지수(기본분류),305721AA,건축용플라스틱제품,A,2020=100
404Y014,4.1.1.1. 생산자물가지수(기본분류),305721AA,건축용플라스틱제품,M,2020=100
404Y014,4.1.1.1. 생산자물가지수(기본분류),305721AA,건축용플라스틱제품,Q,2020=100
404Y014,4.1.1.1. 생산자물가지수(기본분류),305722AA,포장용플라스틱제품,A,2020=100
404Y014,4.1.1.1. 생산자물가지수(기본분류),305722AA,포장용플라스틱제품,M,2020=100
404Y014,4.1.1.1. 생산자물가지수(기본분류),305722AA,포장용플라스틱제품,Q,2020=100
404Y014,4.1.1.1. 생산자물가지수(기본분류),305723AA,운송장비및조립용플라스틱제품,A,2020=100
404Y014,4.1.1.1. 생산자물가지수(기본분류),305723AA,운송장비및조립용플라스틱제품,M,2020=100
404Y014,4.1.1.1. 생산자물가지수(기본분류),305723AA,운송장비및조립용플라스틱제품,Q,2020=100
404Y014,4.1.1.1. 생산자물가지수(기본분류),305724AA,기타플라스틱제품,A,2020=100
404Y014,4.1.1.1. 생산자물가지수(기본분류),305724AA,기타플라스틱제품,M,2020=100
404Y014,4.1.1.1. 생산자물가지수(기본분류),305724AA,기타플라스틱제품,Q,2020=100
404Y014,4.1.1.1. 생산자물가지수(기본분류),30572AA,기타플라스틱제품,A,2020=100
404Y014,4.1.1.1. 생산자물가지수(기본분류),30572AA,기타플라스틱제품,M,2020=100
404Y014,4.1.1.1. 생산자물가지수(기본분류),30572AA,기타플라스틱제품,Q,2020=100
404Y014,4.1.1.1. 생산자물가지수(기본분류),3057AA,플라스틱제품,A,2020=100
404Y014,4.1.1.1. 생산자물가지수(기본분류),3057AA,플라스틱제품,M,2020=100
404Y014,4.1.1.1. 생산자물가지수(기본분류),3057AA,플라스틱제품,Q,2020=100
404Y014,4.1.1.1. 생산자물가지수(기본분류),305811AA,타이어및튜브,A,2020=100
404Y014,4.1.1.1. 생산자물가지수(기본분류),305811AA,타이어및튜브,M,2020=100
404Y014,4.1.1.1. 생산자물가지수(기본분류),305811AA,타이어및튜브,Q,2020=100
404Y014,4.1.1.1. 생산자물가지수(기본분류),30581AA,타이어및튜브,A,2020=100
404Y014,4.1.1.1. 생산자물가지수(기본분류),30581AA,타이어및튜브,M,2020=100
404Y014,4.1.1.1. 생산자물가지수(기본분류),30581AA,타이어및튜브,Q,2020=100
404Y014,4.1.1.1. 생산자물가지수(기본분류),305821AA,산업용고무제품,A,2020=100
404Y014,4.1.1.1. 생산자물가지수(기본분류),305821AA,산업용고무제품,M,2020=100
404Y014,4.1.1.1. 생산자물가지수(기본분류),305821AA,산업용고무제품,Q,2020=100
404Y014,4.1.1.1. 생산자물가지수(기본분류),305822AA,기타고무제품,A,2020=100
404Y014,4.1.1.1. 생산자물가지수(기본분류),305822AA,기타고무제품,M,2020=100
404Y014,4.1.1.1. 생산자물가지수(기본분류),305822AA,기타고무제품,Q,2020=100
404Y014,4.1.1.1. 생산자물가지수(기본분류),30582AA,기타고무제품,A,2020=100
404Y014,4.1.1.1. 생산자물가지수(기본분류),30582AA,기타고무제품,M,2020=100
404Y014,4.1.1.1. 생산자물가지수(기본분류),30582AA,기타고무제품,Q,2020=100
404Y014,4.1.1.1. 생산자물가지수(기본분류),3058AA,고무제품,A,2020=100
404Y014,4.1.1.1. 생산자물가지수(기본분류),3058AA,고무제품,M,2020=100
404Y014,4.1.1.1. 생산자물가지수(기본분류),3058AA,고무제품,Q,2020=100
404Y014,4.1.1.1. 생산자물가지수(기본분류),305AA,화학제품,A,2020=100
404Y014,4.1.1.1. 생산자물가지수(기본분류),305AA,화학제품,M,2020=100
404Y014,4.1.1.1. 생산자물가지수(기본분류),305AA,화학제품,Q,2020=100
404Y014,4.1.1.1. 생산자물가지수(기본분류),306111AA,판유리및1차유리제품,A,2020=100
404Y014,4.1.1.1. 생산자물가지수(기본분류),306111AA,판유리및1차유리제품,M,2020=100
404Y014,4.1.1.1. 생산자물가지수(기본분류),306111AA,판유리및1차유리제품,Q,2020=100
404Y014,4.1.1.1. 생산자물가지수(기본분류),306112AA,전자기기용유리제품,A,2020=100
404Y014,4.1.1.1. 생산자물가지수(기본분류),306112AA,전자기기용유리제품,M,2020=100
404Y014,4.1.1.1. 생산자물가지수(기본분류),306112AA,전자기기용유리제품,Q,2020=100
404Y014,4.1.1.1. 생산자물가지수(기본분류),306113AA,산업용유리제품(전자기기용제외),A,2020=100
404Y014,4.1.1.1. 생산자물가지수(기본분류),306113AA,산업용유리제품(전자기기용제외),M,2020=100
404Y014,4.1.1.1. 생산자물가지수(기본분류),306113AA,산업용유리제품(전자기기용제외),Q,2020=100
404Y014,4.1.1.1. 생산자물가지수(기본분류),306114AA,기타유리제품,A,2020=100
404Y014,4.1.1.1. 생산자물가지수(기본분류),306114AA,기타유리제품,M,2020=100
404Y014,4.1.1.1. 생산자물가지수(기본분류),306114AA,기타유리제품,Q,2020=100
404Y014,4.1.1.1. 생산자물가지수(기본분류),30611AA,유리및유리제품,A,2020=100
404Y014,4.1.1.1. 생산자물가지수(기본분류),30611AA,유리및유리제품,M,2020=100
404Y014,4.1.1.1. 생산자물가지수(기본분류),30611AA,유리및유리제품,Q,2020=100
404Y014,4.1.1.1. 생산자물가지수(기본분류),3061AA,유리및유리제품,A,2020=100
404Y014,4.1.1.1. 생산자물가지수(기본분류),3061AA,유리및유리제품,M,2020=100
404Y014,4.1.1.1. 생산자물가지수(기본분류),3061AA,유리및유리제품,Q,2020=100
404Y014,4.1.1.1. 생산자물가지수(기본분류),306211AA,가정용도자기,A,2020=100
404Y014,4.1.1.1. 생산자물가지수(기본분류),306211AA,가정용도자기,M,2020=100
404Y014,4.1.1.1. 생산자물가지수(기본분류),306211AA,가정용도자기,Q,2020=100
404Y014,4.1.1.1. 생산자물가지수(기본분류),306212AA,산업용도자기,A,2020=100
404Y014,4.1.1.1. 생산자물가지수(기본분류),306212AA,산업용도자기,M,2020=100
404Y014,4.1.1.1. 생산자물가지수(기본분류),306212AA,산업용도자기,Q,2020=100
404Y014,4.1.1.1. 생산자물가지수(기본분류),306213AA,내화요업제품,A,2020=100
404Y014,4.1.1.1. 생산자물가지수(기본분류),306213AA,내화요업제품,M,2020=100
404Y014,4.1.1.1. 생산자물가지수(기본분류),306213AA,내화요업제품,Q,2020=100
404Y014,4.1.1.1. 생산자물가지수(기본분류),306214AA,건설용비내화요업제품,A,2020=100
404Y014,4.1.1.1. 생산자물가지수(기본분류),306214AA,건설용비내화요업제품,M,2020=100
404Y014,4.1.1.1. 생산자물가지수(기본분류),306214AA,건설용비내화요업제품,Q,2020=100
404Y014,4.1.1.1. 생산자물가지수(기본분류),30621AA,도자기및요업제품,A,2020=100
404Y014,4.1.1.1. 생산자물가지수(기본분류),30621AA,도자기및요업제품,M,2020=100
404Y014,4.1.1.1. 생산자물가지수(기본분류),30621AA,도자기및요업제품,Q,2020=100
404Y014,4.1.1.1. 생산자물가지수(기본분류),306221AA,시멘트,A,2020=100
404Y014,4.1.1.1. 생산자물가지수(기본분류),306221AA,시멘트,M,2020=100
404Y014,4.1.1.1. 생산자물가지수(기본분류),306221AA,시멘트,Q,2020=100
404Y014,4.1.1.1. 생산자물가지수(기본분류),30622AA,시멘트,A,2020=100
404Y014,4.1.1.1. 생산자물가지수(기본분류),30622AA,시멘트,M,2020=100
404Y014,4.1.1.1. 생산자물가지수(기본분류),30622AA,시멘트,Q,2020=100
404Y014,4.1.1.1. 생산자물가지수(기본분류),306231AA,레미콘,A,2020=100
404Y014,4.1.1.1. 생산자물가지수(기본분류),306231AA,레미콘,M,2020=100
404Y014,4.1.1.1. 생산자물가지수(기본분류),306231AA,레미콘,Q,2020=100
404Y014,4.1.1.1. 생산자물가지수(기본분류),306232AA,콘크리트제품,A,2020=100
404Y014,4.1.1.1. 생산자물가지수(기본분류),306232AA,콘크리트제품,M,2020=100
404Y014,4.1.1.1. 생산자물가지수(기본분류),306232AA,콘크리트제품,Q,2020=100
404Y014,4.1.1.1. 생산자물가지수(기본분류),30623AA,콘크리트제품,A,2020=100
404Y014,4.1.1.1. 생산자물가지수(기본분류),30623AA,콘크리트제품,M,2020=100
404Y014,4.1.1.1. 생산자물가지수(기본분류),30623AA,콘크리트제품,Q,2020=100
404Y014,4.1.1.1. 생산자물가지수(기본분류),306241AA,석회및석고제품,A,2020=100
404Y014,4.1.1.1. 생산자물가지수(기본분류),306241AA,석회및석고제품,M,2020=100
404Y014,4.1.1.1. 생산자물가지수(기본분류),306241AA,석회및석고제품,Q,2020=100
404Y014,4.1.1.1. 생산자물가지수(기본분류),306242AA,석제품,A,2020=100
404Y014,4.1.1.1. 생산자물가지수(기본분류),306242AA,석제품,M,2020=100
404Y014,4.1.1.1. 생산자물가지수(기본분류),306242AA,석제품,Q,2020=100
404Y014,4.1.1.1. 생산자물가지수(기본분류),306243AA,연마재,A,2020=100
404Y014,4.1.1.1. 생산자물가지수(기본분류),306243AA,연마재,M,2020=100
404Y014,4.1.1.1. 생산자물가지수(기본분류),306243AA,연마재,Q,2020=100
404Y014,4.1.1.1. 생산자물가지수(기본분류),306244AA,아스콘및아스팔트제품,A,2020=100
404Y014,4.1.1.1. 생산자물가지수(기본분류),306244AA,아스콘및아스팔트제품,M,2020=100
404Y014,4.1.1.1. 생산자물가지수(기본분류),306244AA,아스콘및아스팔트제품,Q,2020=100
404Y014,4.1.1.1. 생산자물가지수(기본분류),306245AA,기타비금속광물제품,A,2020=100
404Y014,4.1.1.1. 생산자물가지수(기본분류),306245AA,기타비금속광물제품,M,2020=100
404Y014,4.1.1.1. 생산자물가지수(기본분류),306245AA,기타비금속광물제품,Q,2020=100
404Y014,4.1.1.1. 생산자물가지수(기본분류),30624AA,기타비금속광물제품,A,2020=100
404Y014,4.1.1.1. 생산자물가지수(기본분류),30624AA,기타비금속광물제품,M,2020=100
404Y014,4.1.1.1. 생산자물가지수(기본분류),30624AA,기타비금속광물제품,Q,2020=100
404Y014,4.1.1.1. 생산자물가지수(기본분류),3062AA,기타비금속광물제품,A,2020=100
404Y014,4.1.1.1. 생산자물가지수(기본분류),3062AA,기타비금속광물제품,M,2020=100
404Y014,4.1.1.1. 생산자물가지수(기본분류),3062AA,기타비금속광물제품,Q,2020=100
404Y014,4.1.1.1. 생산자물가지수(기본분류),306AA,비금속광물제품,A,2020=100
404Y014,4.1.1.1. 생산자물가지수(기본분류),306AA,비금속광물제품,M,2020=100
404Y014,4.1.1.1. 생산자물가지수(기본분류),306AA,비금속광물제품,Q,2020=100
404Y014,4.1.1.1. 생산자물가지수(기본분류),307111AA,선철,A,2020=100
404Y014,4.1.1.1. 생산자물가지수(기본분류),307111AA,선철,M,2020=100
404Y014,4.1.1.1. 생산자물가지수(기본분류),307111AA,선철,Q,2020=100
404Y014,4.1.1.1. 생산자물가지수(기본분류),307112AA,합금철,A,2020=100
404Y014,4.1.1.1. 생산자물가지수(기본분류),307112AA,합금철,M,2020=100
404Y014,4.1.1.1. 생산자물가지수(기본분류),307112AA,합금철,Q,2020=100
404Y014,4.1.1.1. 생산자물가지수(기본분류),307113AA,조강,A,2020=100
404Y014,4.1.1.1. 생산자물가지수(기본분류),307113AA,조강,M,2020=100
404Y014,4.1.1.1. 생산자물가지수(기본분류),307113AA,조강,Q,2020=100
404Y014,4.1.1.1. 생산자물가지수(기본분류),30711AA,선철및조강,A,2020=100
404Y014,4.1.1.1. 생산자물가지수(기본분류),30711AA,선철및조강,M,2020=100
404Y014,4.1.1.1. 생산자물가지수(기본분류),30711AA,선철및조강,Q,2020=100
404Y014,4.1.1.1. 생산자물가지수(기본분류),307121AA,철근및봉강,A,2020=100
404Y014,4.1.1.1. 생산자물가지수(기본분류),307121AA,철근및봉강,M,2020=100
404Y014,4.1.1.1. 생산자물가지수(기본분류),307121AA,철근및봉강,Q,2020=100
404Y014,4.1.1.1. 생산자물가지수(기본분류),307122AA,형강,A,2020=100
404Y014,4.1.1.1. 생산자물가지수(기본분류),307122AA,형강,M,2020=100
404Y014,4.1.1.1. 생산자물가지수(기본분류),307122AA,형강,Q,2020=100
404Y014,4.1.1.1. 생산자물가지수(기본분류),307123AA,선재및궤조,A,2020=100
404Y014,4.1.1.1. 생산자물가지수(기본분류),307123AA,선재및궤조,M,2020=100
404Y014,4.1.1.1. 생산자물가지수(기본분류),307123AA,선재및궤조,Q,2020=100
404Y014,4.1.1.1. 생산자물가지수(기본분류),307124AA,중후판(두께3mm이상),A,2020=100
404Y014,4.1.1.1. 생산자물가지수(기본분류),307124AA,중후판(두께3mm이상),M,2020=100
404Y014,4.1.1.1. 생산자물가지수(기본분류),307124AA,중후판(두께3mm이상),Q,2020=100
404Y014,4.1.1.1. 생산자물가지수(기본분류),307125AA,열연강판,A,2020=100
404Y014,4.1.1.1. 생산자물가지수(기본분류),307125AA,열연강판,M,2020=100
404Y014,4.1.1.1. 생산자물가지수(기본분류),307125AA,열연강판,Q,2020=100
404Y014,4.1.1.1. 생산자물가지수(기본분류),307126AA,강선,A,2020=100
404Y014,4.1.1.1. 생산자물가지수(기본분류),307126AA,강선,M,2020=100
404Y014,4.1.1.1. 생산자물가지수(기본분류),307126AA,강선,Q,2020=100
404Y014,4.1.1.1. 생산자물가지수(기본분류),307127AA,철강관,A,2020=100
404Y014,4.1.1.1. 생산자물가지수(기본분류),307127AA,철강관,M,2020=100
404Y014,4.1.1.1. 생산자물가지수(기본분류),307127AA,철강관,Q,2020=100
404Y014,4.1.1.1. 생산자물가지수(기본분류),30712AA,열간압연강재,A,2020=100
404Y014,4.1.1.1. 생산자물가지수(기본분류),30712AA,열간압연강재,M,2020=100
404Y014,4.1.1.1. 생산자물가지수(기본분류),30712AA,열간압연강재,Q,2020=100
404Y014,4.1.1.1. 생산자물가지수(기본분류),307131AA,냉간압연강재,A,2020=100
404Y014,4.1.1.1. 생산자물가지수(기본분류),307131AA,냉간압연강재,M,2020=100
404Y014,4.1.1.1. 생산자물가지수(기본분류),307131AA,냉간압연강재,Q,2020=100
404Y014,4.1.1.1. 생산자물가지수(기본분류),30713AA,냉간압연강재,A,2020=100
404Y014,4.1.1.1. 생산자물가지수(기본분류),30713AA,냉간압연강재,M,2020=100
404Y014,4.1.1.1. 생산자물가지수(기본분류),30713AA,냉간압연강재,Q,2020=100
404Y014,4.1.1.1. 생산자물가지수(기본분류),307141AA,표면처리강재,A,2020=100
404Y014,4.1.1.1. 생산자물가지수(기본분류),307141AA,표면처리강재,M,2020=100
404Y014,4.1.1.1. 생산자물가지수(기본분류),307141AA,표면처리강재,Q,2020=100
404Y014,4.1.1.1. 생산자물가지수(기본분류),307142AA,기타철강1차제품,A,2020=100
404Y014,4.1.1.1. 생산자물가지수(기본분류),307142AA,기타철강1차제품,M,2020=100
404Y014,4.1.1.1. 생산자물가지수(기본분류),307142AA,기타철강1차제품,Q,2020=100
404Y014,4.1.1.1. 생산자물가지수(기본분류),30714AA,기타철강1차제품,A,2020=100
404Y014,4.1.1.1. 생산자물가지수(기본분류),30714AA,기타철강1차제품,M,2020=100
404Y014,4.1.1.1. 생산자물가지수(기본분류),30714AA,기타철강1차제품,Q,2020=100
404Y014,4.1.1.1. 생산자물가지수(기본분류),3071AA,철강1차제품,A,2020=100
404Y014,4.1.1.1. 생산자물가지수(기본분류),3071AA,철강1차제품,M,2020=100
404Y014,4.1.1.1. 생산자물가지수(기본분류),3071AA,철강1차제품,Q,2020=100
404Y014,4.1.1.1. 생산자물가지수(기본분류),307211AA,"동제련,정련및합금제품",A,2020=100
404Y014,4.1.1.1. 생산자물가지수(기본분류),307211AA,"동제련,정련및합금제품",M,2020=100
404Y014,4.1.1.1. 생산자물가지수(기본분류),307211AA,"동제련,정련및합금제품",Q,2020=100
404Y014,4.1.1.1. 생산자물가지수(기본분류),307212AA,"알루미늄제련,정련및합금제품",A,2020=100
404Y014,4.1.1.1. 생산자물가지수(기본분류),307212AA,"알루미늄제련,정련및합금제품",M,2020=100
404Y014,4.1.1.1. 생산자물가지수(기본분류),307212AA,"알루미늄제련,정련및합금제품",Q,2020=100
404Y014,4.1.1.1. 생산자물가지수(기본분류),307213AA,"연및아연제련,정련및합금제품",A,2020=100
404Y014,4.1.1.1. 생산자물가지수(기본분류),307213AA,"연및아연제련,정련및합금제품",M,2020=100
404Y014,4.1.1.1. 생산자물가지수(기본분류),307213AA,"연및아연제련,정련및합금제품",Q,2020=100
404Y014,4.1.1.1. 생산자물가지수(기본분류),307214AA,금은괴,A,2020=100
404Y014,4.1.1.1. 생산자물가지수(기본분류),307214AA,금은괴,M,2020=100
404Y014,4.1.1.1. 생산자물가지수(기본분류),307214AA,금은괴,Q,2020=100
404Y014,4.1.1.1. 생산자물가지수(기본분류),307215AA,"기타비철금속제련,정련및합금제품",A,2020=100
404Y014,4.1.1.1. 생산자물가지수(기본분류),307215AA,"기타비철금속제련,정련및합금제품",M,2020=100
404Y014,4.1.1.1. 생산자물가지수(기본분류),307215AA,"기타비철금속제련,정련및합금제품",Q,2020=100
404Y014,4.1.1.1. 생산자물가지수(기본분류),30721AA,비철금속괴,A,2020=100
404Y014,4.1.1.1. 생산자물가지수(기본분류),30721AA,비철금속괴,M,2020=100
404Y014,4.1.1.1. 생산자물가지수(기본분류),30721AA,비철금속괴,Q,2020=100
404Y014,4.1.1.1. 생산자물가지수(기본분류),307221AA,동1차제품,A,2020=100
404Y014,4.1.1.1. 생산자물가지수(기본분류),307221AA,동1차제품,M,2020=100
404Y014,4.1.1.1. 생산자물가지수(기본분류),307221AA,동1차제품,Q,2020=100
404Y014,4.1.1.1. 생산자물가지수(기본분류),307222AA,알루미늄1차제품,A,2020=100
404Y014,4.1.1.1. 생산자물가지수(기본분류),307222AA,알루미늄1차제품,M,2020=100
404Y014,4.1.1.1. 생산자물가지수(기본분류),307222AA,알루미늄1차제품,Q,2020=100
404Y014,4.1.1.1. 생산자물가지수(기본분류),307223AA,기타비철금속1차제품,A,2020=100
404Y014,4.1.1.1. 생산자물가지수(기본분류),307223AA,기타비철금속1차제품,M,2020=100
404Y014,4.1.1.1. 생산자물가지수(기본분류),307223AA,기타비철금속1차제품,Q,2020=100
404Y014,4.1.1.1. 생산자물가지수(기본분류),30722AA,비철금속1차제품,A,2020=100
404Y014,4.1.1.1. 생산자물가지수(기본분류),30722AA,비철금속1차제품,M,2020=100
404Y014,4.1.1.1. 생산자물가지수(기본분류),30722AA,비철금속1차제품,Q,2020=100
404Y014,4.1.1.1. 생산자물가지수(기본분류),3072AA,비철금속괴및1차제품,A,2020=100
404Y014,4.1.1.1. 생산자물가지수(기본분류),3072AA,비철금속괴및1차제품,M,2020=100
404Y014,4.1.1.1. 생산자물가지수(기본분류),3072AA,비철금속괴및1차제품,Q,2020=100
404Y014,4.1.1.1. 생산자물가지수(기본분류),307311AA,금속주물,A,2020=100
404Y014,4.1.1.1. 생산자물가지수(기본분류),307311AA,금속주물,M,2020=100
404Y014,4.1.1.1. 생산자물가지수(기본분류),307311AA,금속주물,Q,2020=100
404Y014,4.1.1.1. 생산자물가지수(기본분류),30731AA,금속주물,A,2020=100
404Y014,4.1.1.1. 생산자물가지수(기본분류),30731AA,금속주물,M,2020=100
404Y014,4.1.1.1. 생산자물가지수(기본분류),30731AA,금속주물,Q,2020=100
404Y014,4.1.1.1. 생산자물가지수(기본분류),3073AA,금속주물,A,2020=100
404Y014,4.1.1.1. 생산자물가지수(기본분류),3073AA,금속주물,M,2020=100
404Y014,4.1.1.1. 생산자물가지수(기본분류),3073AA,금속주물,Q,2020=100
404Y014,4.1.1.1. 생산자물가지수(기본분류),307AA,1차금속제품,A,2020=100
404Y014,4.1.1.1. 생산자물가지수(기본분류),307AA,1차금속제품,M,2020=100
404Y014,4.1.1.1. 생산자물가지수(기본분류),307AA,1차금속제품,Q,2020=100
404Y014,4.1.1.1. 생산자물가지수(기본분류),308111AA,건축용금속제품,A,2020=100
404Y014,4.1.1.1. 생산자물가지수(기본분류),308111AA,건축용금속제품,M,2020=100
404Y014,4.1.1.1. 생산자물가지수(기본분류),308111AA,건축용금속제품,Q,2020=100
404Y014,4.1.1.1. 생산자물가지수(기본분류),308112AA,금속제탱크및압력용기,A,2020=100
404Y014,4.1.1.1. 생산자물가지수(기본분류),308112AA,금속제탱크및압력용기,M,2020=100
404Y014,4.1.1.1. 생산자물가지수(기본분류),308112AA,금속제탱크및압력용기,Q,2020=100
404Y014,4.1.1.1. 생산자물가지수(기본분류),308113AA,산업용보일러및증기발생기,A,2020=100
404Y014,4.1.1.1. 생산자물가지수(기본분류),308113AA,산업용보일러및증기발생기,M,2020=100
404Y014,4.1.1.1. 생산자물가지수(기본분류),308113AA,산업용보일러및증기발생기,Q,2020=100
404Y014,4.1.1.1. 생산자물가지수(기본분류),30811AA,구조용금속제품및탱크,A,2020=100
404Y014,4.1.1.1. 생산자물가지수(기본분류),30811AA,구조용금속제품및탱크,M,2020=100
404Y014,4.1.1.1. 생산자물가지수(기본분류),30811AA,구조용금속제품및탱크,Q,2020=100
404Y014,4.1.1.1. 생산자물가지수(기본분류),308121AA,금속단조및야금제품,A,2020=100
404Y014,4.1.1.1. 생산자물가지수(기본분류),308121AA,금속단조및야금제품,M,2020=100
404Y014,4.1.1.1. 생산자물가지수(기본분류),308121AA,금속단조및야금제품,Q,2020=100
404Y014,4.1.1.1. 생산자물가지수(기본분류),308122AA,금속압형제품,A,2020=100
404Y014,4.1.1.1. 생산자물가지수(기본분류),308122AA,금속압형제품,M,2020=100
404Y014,4.1.1.1. 생산자물가지수(기본분류),308122AA,금속압형제품,Q,2020=100
404Y014,4.1.1.1. 생산자물가지수(기본분류),30812AA,"금속단조,야금및압형제품",A,2020=100
404Y014,4.1.1.1. 생산자물가지수(기본분류),30812AA,"금속단조,야금및압형제품",M,2020=100
404Y014,4.1.1.1. 생산자물가지수(기본분류),30812AA,"금속단조,야금및압형제품",Q,2020=100
404Y014,4.1.1.1. 생산자물가지수(기본분류),308141AA,가정용금속제품,A,2020=100
404Y014,4.1.1.1. 생산자물가지수(기본분류),308141AA,가정용금속제품,M,2020=100
404Y014,4.1.1.1. 생산자물가지수(기본분류),308141AA,가정용금속제품,Q,2020=100
404Y014,4.1.1.1. 생산자물가지수(기본분류),308142AA,부착용금속제품,A,2020=100
404Y014,4.1.1.1. 생산자물가지수(기본분류),308142AA,부착용금속제품,M,2020=100
404Y014,4.1.1.1. 생산자물가지수(기본분류),308142AA,부착용금속제품,Q,2020=100
404Y014,4.1.1.1. 생산자물가지수(기본분류),308143AA,공구류,A,2020=100
404Y014,4.1.1.1. 생산자물가지수(기본분류),308143AA,공구류,M,2020=100
404Y014,4.1.1.1. 생산자물가지수(기본분류),308143AA,공구류,Q,2020=100
404Y014,4.1.1.1. 생산자물가지수(기본분류),308144AA,나사및철선제품,A,2020=100
404Y014,4.1.1.1. 생산자물가지수(기본분류),308144AA,나사및철선제품,M,2020=100
404Y014,4.1.1.1. 생산자물가지수(기본분류),308144AA,나사및철선제품,Q,2020=100
404Y014,4.1.1.1. 생산자물가지수(기본분류),308145AA,금속포장용기,A,2020=100
404Y014,4.1.1.1. 생산자물가지수(기본분류),308145AA,금속포장용기,M,2020=100
404Y014,4.1.1.1. 생산자물가지수(기본분류),308145AA,금속포장용기,Q,2020=100
404Y014,4.1.1.1. 생산자물가지수(기본분류),308146AA,기타금속제품,A,2020=100
404Y014,4.1.1.1. 생산자물가지수(기본분류),308146AA,기타금속제품,M,2020=100
404Y014,4.1.1.1. 생산자물가지수(기본분류),308146AA,기타금속제품,Q,2020=100
404Y014,4.1.1.1. 생산자물가지수(기본분류),30814AA,기타금속가공제품,A,2020=100
404Y014,4.1.1.1. 생산자물가지수(기본분류),30814AA,기타금속가공제품,M,2020=100
404Y014,4.1.1.1. 생산자물가지수(기본분류),30814AA,기타금속가공제품,Q,2020=100
404Y014,4.1.1.1. 생산자물가지수(기본분류),3081AA,금속가공제품,A,2020=100
404Y014,4.1.1.1. 생산자물가지수(기본분류),3081AA,금속가공제품,M,2020=100
404Y014,4.1.1.1. 생산자물가지수(기본분류),3081AA,금속가공제품,Q,2020=100
404Y014,4.1.1.1. 생산자물가지수(기본분류),308AA,금속가공제품,A,2020=100
404Y014,4.1.1.1. 생산자물가지수(기본분류),308AA,금속가공제품,M,2020=100
404Y014,4.1.1.1. 생산자물가지수(기본분류),308AA,금속가공제품,Q,2020=100
404Y014,4.1.1.1. 생산자물가지수(기본분류),309111AA,개별소자,A,2020=100
404Y014,4.1.1.1. 생산자물가지수(기본분류),309111AA,개별소자,M,2020=100
404Y014,4.1.1.1. 생산자물가지수(기본분류),309111AA,개별소자,Q,2020=100
404Y014,4.1.1.1. 생산자물가지수(기본분류),309112AA,집적회로,A,2020=100
404Y014,4.1.1.1. 생산자물가지수(기본분류),309112AA,집적회로,M,2020=100
404Y014,4.1.1.1. 생산자물가지수(기본분류),309112AA,집적회로,Q,2020=100
404Y014,4.1.1.1. 생산자물가지수(기본분류),30911AA,반도체,A,2020=100
404Y014,4.1.1.1. 생산자물가지수(기본분류),30911AA,반도체,M,2020=100
404Y014,4.1.1.1. 생산자물가지수(기본분류),30911AA,반도체,Q,2020=100
404Y014,4.1.1.1. 생산자물가지수(기본분류),3091AA,반도체,A,2020=100
404Y014,4.1.1.1. 생산자물가지수(기본분류),3091AA,반도체,M,2020=100
404Y014,4.1.1.1. 생산자물가지수(기본분류),3091AA,반도체,Q,2020=100
404Y014,4.1.1.1. 생산자물가지수(기본분류),309211AA,LCD평판디스플레이,A,2020=100
404Y014,4.1.1.1. 생산자물가지수(기본분류),309211AA,LCD평판디스플레이,M,2020=100
404Y014,4.1.1.1. 생산자물가지수(기본분류),309211AA,LCD평판디스플레이,Q,2020=100
404Y014,4.1.1.1. 생산자물가지수(기본분류),309212AA,기타전자표시장치,A,2020=100
404Y014,4.1.1.1. 생산자물가지수(기본분류),309212AA,기타전자표시장치,M,2020=100
404Y014,4.1.1.1. 생산자물가지수(기본분류),309212AA,기타전자표시장치,Q,2020=100
404Y014,4.1.1.1. 생산자물가지수(기본분류),30921AA,전자표시장치,A,2020=100
404Y014,4.1.1.1. 생산자물가지수(기본분류),30921AA,전자표시장치,M,2020=100
404Y014,4.1.1.1. 생산자물가지수(기본분류),30921AA,전자표시장치,Q,2020=100
404Y014,4.1.1.1. 생산자물가지수(기본분류),3092AA,전자표시장치,A,2020=100
404Y014,4.1.1.1. 생산자물가지수(기본분류),3092AA,전자표시장치,M,2020=100
404Y014,4.1.1.1. 생산자물가지수(기본분류),3092AA,전자표시장치,Q,2020=100
404Y014,4.1.1.1. 생산자물가지수(기본분류),309311AA,인쇄회로기판및실장기판,A,2020=100
404Y014,4.1.1.1. 생산자물가지수(기본분류),309311AA,인쇄회로기판및실장기판,M,2020=100
404Y014,4.1.1.1. 생산자물가지수(기본분류),309311AA,인쇄회로기판및실장기판,Q,2020=100
404Y014,4.1.1.1. 생산자물가지수(기본분류),30931AA,인쇄회로기판,A,2020=100
404Y014,4.1.1.1. 생산자물가지수(기본분류),30931AA,인쇄회로기판,M,2020=100
404Y014,4.1.1.1. 생산자물가지수(기본분류),30931AA,인쇄회로기판,Q,2020=100
404Y014,4.1.1.1. 생산자물가지수(기본분류),309321AA,"축전기,저항기,전자코일및변성기",A,2020=100
404Y014,4.1.1.1. 생산자물가지수(기본분류),309321AA,"축전기,저항기,전자코일및변성기",M,2020=100
404Y014,4.1.1.1. 생산자물가지수(기본분류),309321AA,"축전기,저항기,전자코일및변성기",Q,2020=100
404Y014,4.1.1.1. 생산자물가지수(기본분류),309322AA,기타전자부품,A,2020=100
404Y014,4.1.1.1. 생산자물가지수(기본분류),309322AA,기타전자부품,M,2020=100
404Y014,4.1.1.1. 생산자물가지수(기본분류),309322AA,기타전자부품,Q,2020=100
404Y014,4.1.1.1. 생산자물가지수(기본분류),30932AA,기타전자부품,A,2020=100
404Y014,4.1.1.1. 생산자물가지수(기본분류),30932AA,기타전자부품,M,2020=100
404Y014,4.1.1.1. 생산자물가지수(기본분류),30932AA,기타전자부품,Q,2020=100
404Y014,4.1.1.1. 생산자물가지수(기본분류),3093AA,기타전자부품,A,2020=100
404Y014,4.1.1.1. 생산자물가지수(기본분류),3093AA,기타전자부품,M,2020=100
404Y014,4.1.1.1. 생산자물가지수(기본분류),3093AA,기타전자부품,Q,2020=100
404Y014,4.1.1.1. 생산자물가지수(기본분류),309411AA,컴퓨터,A,2020=100
404Y014,4.1.1.1. 생산자물가지수(기본분류),309411AA,컴퓨터,M,2020=100
404Y014,4.1.1.1. 생산자물가지수(기본분류),309411AA,컴퓨터,Q,2020=100
404Y014,4.1.1.1. 생산자물가지수(기본분류),309412AA,컴퓨터기억장치,A,2020=100
404Y014,4.1.1.1. 생산자물가지수(기본분류),309412AA,컴퓨터기억장치,M,2020=100
404Y014,4.1.1.1. 생산자물가지수(기본분류),309412AA,컴퓨터기억장치,Q,2020=100
404Y014,4.1.1.1. 생산자물가지수(기본분류),309413AA,컴퓨터주변기기,A,2020=100
404Y014,4.1.1.1. 생산자물가지수(기본분류),309413AA,컴퓨터주변기기,M,2020=100
404Y014,4.1.1.1. 생산자물가지수(기본분류),309413AA,컴퓨터주변기기,Q,2020=100
404Y014,4.1.1.1. 생산자물가지수(기본분류),30941AA,컴퓨터및주변기기,A,2020=100
404Y014,4.1.1.1. 생산자물가지수(기본분류),30941AA,컴퓨터및주변기기,M,2020=100
404Y014,4.1.1.1. 생산자물가지수(기본분류),30941AA,컴퓨터및주변기기,Q,2020=100
404Y014,4.1.1.1. 생산자물가지수(기본분류),3094AA,컴퓨터및주변기기,A,2020=100
404Y014,4.1.1.1. 생산자물가지수(기본분류),3094AA,컴퓨터및주변기기,M,2020=100
404Y014,4.1.1.1. 생산자물가지수(기본분류),3094AA,컴퓨터및주변기기,Q,2020=100
404Y014,4.1.1.1. 생산자물가지수(기본분류),309511AA,유선통신기기,A,2020=100
404Y014,4.1.1.1. 생산자물가지수(기본분류),309511AA,유선통신기기,M,2020=100
404Y014,4.1.1.1. 생산자물가지수(기본분류),309511AA,유선통신기기,Q,2020=100
404Y014,4.1.1.1. 생산자물가지수(기본분류),309512AA,이동전화기,A,2020=100
404Y014,4.1.1.1. 생산자물가지수(기본분류),309512AA,이동전화기,M,2020=100
404Y014,4.1.1.1. 생산자물가지수(기본분류),309512AA,이동전화기,Q,2020=100
404Y014,4.1.1.1. 생산자물가지수(기본분류),309513AA,기타무선통신장비및방송장비,A,2020=100
404Y014,4.1.1.1. 생산자물가지수(기본분류),309513AA,기타무선통신장비및방송장비,M,2020=100
404Y014,4.1.1.1. 생산자물가지수(기본분류),309513AA,기타무선통신장비및방송장비,Q,2020=100
404Y014,4.1.1.1. 생산자물가지수(기본분류),30951AA,통신및방송장비,A,2020=100
404Y014,4.1.1.1. 생산자물가지수(기본분류),30951AA,통신및방송장비,M,2020=100
404Y014,4.1.1.1. 생산자물가지수(기본분류),30951AA,통신및방송장비,Q,2020=100
404Y014,4.1.1.1. 생산자물가지수(기본분류),309521AA,TV,A,2020=100
404Y014,4.1.1.1. 생산자물가지수(기본분류),309521AA,TV,M,2020=100
404Y014,4.1.1.1. 생산자물가지수(기본분류),309521AA,TV,Q,2020=100
404Y014,4.1.1.1. 생산자물가지수(기본분류),309522AA,영상기기,A,2020=100
404Y014,4.1.1.1. 생산자물가지수(기본분류),309522AA,영상기기,M,2020=100
404Y014,4.1.1.1. 생산자물가지수(기본분류),309522AA,영상기기,Q,2020=100
404Y014,4.1.1.1. 생산자물가지수(기본분류),309523AA,오디오및음향기기,A,2020=100
404Y014,4.1.1.1. 생산자물가지수(기본분류),309523AA,오디오및음향기기,M,2020=100
404Y014,4.1.1.1. 생산자물가지수(기본분류),309523AA,오디오및음향기기,Q,2020=100
404Y014,4.1.1.1. 생산자물가지수(기본분류),30952AA,영상및음향기기,A,2020=100
404Y014,4.1.1.1. 생산자물가지수(기본분류),30952AA,영상및음향기기,M,2020=100
404Y014,4.1.1.1. 생산자물가지수(기본분류),30952AA,영상및음향기기,Q,2020=100
404Y014,4.1.1.1. 생산자물가지수(기본분류),3095AA,"통신,방송및영상,음향기기",A,2020=100
404Y014,4.1.1.1. 생산자물가지수(기본분류),3095AA,"통신,방송및영상,음향기기",M,2020=100
404Y014,4.1.1.1. 생산자물가지수(기본분류),3095AA,"통신,방송및영상,음향기기",Q,2020=100
404Y014,4.1.1.1. 생산자물가지수(기본분류),309611AA,의료용기기,A,2020=100
404Y014,4.1.1.1. 생산자물가지수(기본분류),309611AA,의료용기기,M,2020=100
404Y014,4.1.1.1. 생산자물가지수(기본분류),309611AA,의료용기기,Q,2020=100
404Y014,4.1.1.1. 생산자물가지수(기본분류),309612AA,측정및분석기기,A,2020=100
404Y014,4.1.1.1. 생산자물가지수(기본분류),309612AA,측정및분석기기,M,2020=100
404Y014,4.1.1.1. 생산자물가지수(기본분류),309612AA,측정및분석기기,Q,2020=100
404Y014,4.1.1.1. 생산자물가지수(기본분류),309613AA,자동조정및제어기기,A,2020=100
404Y014,4.1.1.1. 생산자물가지수(기본분류),309613AA,자동조정및제어기기,M,2020=100
404Y014,4.1.1.1. 생산자물가지수(기본분류),309613AA,자동조정및제어기기,Q,2020=100
404Y014,4.1.1.1. 생산자물가지수(기본분류),30961AA,의료및측정기기,A,2020=100
404Y014,4.1.1.1. 생산자물가지수(기본분류),30961AA,의료및측정기기,M,2020=100
404Y014,4.1.1.1. 생산자물가지수(기본분류),30961AA,의료및측정기기,Q,2020=100
404Y014,4.1.1.1. 생산자물가지수(기본분류),309621AA,사진기및영사기,A,2020=100
404Y014,4.1.1.1. 생산자물가지수(기본분류),309621AA,사진기및영사기,M,2020=100
404Y014,4.1.1.1. 생산자물가지수(기본분류),309621AA,사진기및영사기,Q,2020=100
404Y014,4.1.1.1. 생산자물가지수(기본분류),309622AA,기타광학기기,A,2020=100
404Y014,4.1.1.1. 생산자물가지수(기본분류),309622AA,기타광학기기,M,2020=100
404Y014,4.1.1.1. 생산자물가지수(기본분류),309622AA,기타광학기기,Q,2020=100
404Y014,4.1.1.1. 생산자물가지수(기본분류),30962AA,기타정밀기기,A,2020=100
404Y014,4.1.1.1. 생산자물가지수(기본분류),30962AA,기타정밀기기,M,2020=100
404Y014,4.1.1.1. 생산자물가지수(기본분류),30962AA,기타정밀기기,Q,2020=100
404Y014,4.1.1.1. 생산자물가지수(기본분류),3096AA,정밀기기,A,2020=100
404Y014,4.1.1.1. 생산자물가지수(기본분류),3096AA,정밀기기,M,2020=100
404Y014,4.1.1.1. 생산자물가지수(기본분류),3096AA,정밀기기,Q,2020=100
404Y014,4.1.1.1. 생산자물가지수(기본분류),309AA,"컴퓨터,전자및광학기기",A,2020=100
404Y014,4.1.1.1. 생산자물가지수(기본분류),309AA,"컴퓨터,전자및광학기기",M,2020=100
404Y014,4.1.1.1. 생산자물가지수(기본분류),309AA,"컴퓨터,전자및광학기기",Q,2020=100
404Y014,4.1.1.1. 생산자물가지수(기본분류),310111AA,발전기및전동기,A,2020=100
404Y014,4.1.1.1. 생산자물가지수(기본분류),310111AA,발전기및전동기,M,2020=100
404Y014,4.1.1.1. 생산자물가지수(기본분류),310111AA,발전기및전동기,Q,2020=100
404Y014,4.1.1.1. 생산자물가지수(기본분류),31011AA,발전기및전동기,A,2020=100
404Y014,4.1.1.1. 생산자물가지수(기본분류),31011AA,발전기및전동기,M,2020=100
404Y014,4.1.1.1. 생산자물가지수(기본분류),31011AA,발전기및전동기,Q,2020=100
404Y014,4.1.1.1. 생산자물가지수(기본분류),310121AA,변압기,A,2020=100
404Y014,4.1.1.1. 생산자물가지수(기본분류),310121AA,변압기,M,2020=100
404Y014,4.1.1.1. 생산자물가지수(기본분류),310121AA,변압기,Q,2020=100
404Y014,4.1.1.1. 생산자물가지수(기본분류),310122AA,전기변환장치,A,2020=100
404Y014,4.1.1.1. 생산자물가지수(기본분류),310122AA,전기변환장치,M,2020=100
404Y014,4.1.1.1. 생산자물가지수(기본분류),310122AA,전기변환장치,Q,2020=100
404Y014,4.1.1.1. 생산자물가지수(기본분류),310123AA,전기회로개폐및접속장치,A,2020=100
404Y014,4.1.1.1. 생산자물가지수(기본분류),310123AA,전기회로개폐및접속장치,M,2020=100
404Y014,4.1.1.1. 생산자물가지수(기본분류),310123AA,전기회로개폐및접속장치,Q,2020=100
404Y014,4.1.1.1. 생산자물가지수(기본분류),310124AA,배전반및전기자동제어반,A,2020=100
404Y014,4.1.1.1. 생산자물가지수(기본분류),310124AA,배전반및전기자동제어반,M,2020=100
404Y014,4.1.1.1. 생산자물가지수(기본분류),310124AA,배전반및전기자동제어반,Q,2020=100
404Y014,4.1.1.1. 생산자물가지수(기본분류),31012AA,전기변환.공급제어장치,A,2020=100
404Y014,4.1.1.1. 생산자물가지수(기본분류),31012AA,전기변환.공급제어장치,M,2020=100
404Y014,4.1.1.1. 생산자물가지수(기본분류),31012AA,전기변환.공급제어장치,Q,2020=100
404Y014,4.1.1.1. 생산자물가지수(기본분류),310131AA,전지,A,2020=100
404Y014,4.1.1.1. 생산자물가지수(기본분류),310131AA,전지,M,2020=100
404Y014,4.1.1.1. 생산자물가지수(기본분류),310131AA,전지,Q,2020=100
404Y014,4.1.1.1. 생산자물가지수(기본분류),31013AA,전지,A,2020=100
404Y014,4.1.1.1. 생산자물가지수(기본분류),31013AA,전지,M,2020=100
404Y014,4.1.1.1. 생산자물가지수(기본분류),31013AA,전지,Q,2020=100
404Y014,4.1.1.1. 생산자물가지수(기본분류),310141AA,전선및케이블,A,2020=100
404Y014,4.1.1.1. 생산자물가지수(기본분류),310141AA,전선및케이블,M,2020=100
404Y014,4.1.1.1. 생산자물가지수(기본분류),310141AA,전선및케이블,Q,2020=100
404Y014,4.1.1.1. 생산자물가지수(기본분류),31014AA,전선및케이블,A,2020=100
404Y014,4.1.1.1. 생산자물가지수(기본분류),31014AA,전선및케이블,M,2020=100
404Y014,4.1.1.1. 생산자물가지수(기본분류),31014AA,전선및케이블,Q,2020=100
404Y014,4.1.1.1. 생산자물가지수(기본분류),310151AA,가정용냉장고및냉동고,A,2020=100
404Y014,4.1.1.1. 생산자물가지수(기본분류),310151AA,가정용냉장고및냉동고,M,2020=100
404Y014,4.1.1.1. 생산자물가지수(기본분류),310151AA,가정용냉장고및냉동고,Q,2020=100
404Y014,4.1.1.1. 생산자물가지수(기본분류),310152AA,주방용및난방용전기기기,A,2020=100
404Y014,4.1.1.1. 생산자물가지수(기본분류),310152AA,주방용및난방용전기기기,M,2020=100
404Y014,4.1.1.1. 생산자물가지수(기본분류),310152AA,주방용및난방용전기기기,Q,2020=100
404Y014,4.1.1.1. 생산자물가지수(기본분류),310153AA,기타가정용전기기기,A,2020=100
404Y014,4.1.1.1. 생산자물가지수(기본분류),310153AA,기타가정용전기기기,M,2020=100
404Y014,4.1.1.1. 생산자물가지수(기본분류),310153AA,기타가정용전기기기,Q,2020=100
404Y014,4.1.1.1. 생산자물가지수(기본분류),31015AA,가정용전기기기,A,2020=100
404Y014,4.1.1.1. 생산자물가지수(기본분류),31015AA,가정용전기기기,M,2020=100
404Y014,4.1.1.1. 생산자물가지수(기본분류),31015AA,가정용전기기기,Q,2020=100
404Y014,4.1.1.1. 생산자물가지수(기본분류),310161AA,전구및램프,A,2020=100
404Y014,4.1.1.1. 생산자물가지수(기본분류),310161AA,전구및램프,M,2020=100
404Y014,4.1.1.1. 생산자물가지수(기본분류),310161AA,전구및램프,Q,2020=100
404Y014,4.1.1.1. 생산자물가지수(기본분류),310162AA,조명장치,A,2020=100
404Y014,4.1.1.1. 생산자물가지수(기본분류),310162AA,조명장치,M,2020=100
404Y014,4.1.1.1. 생산자물가지수(기본분류),310162AA,조명장치,Q,2020=100
404Y014,4.1.1.1. 생산자물가지수(기본분류),310163AA,기타전기장비,A,2020=100
404Y014,4.1.1.1. 생산자물가지수(기본분류),310163AA,기타전기장비,M,2020=100
404Y014,4.1.1.1. 생산자물가지수(기본분류),310163AA,기타전기장비,Q,2020=100
404Y014,4.1.1.1. 생산자물가지수(기본분류),31016AA,기타전기장비,A,2020=100
404Y014,4.1.1.1. 생산자물가지수(기본분류),31016AA,기타전기장비,M,2020=100
404Y014,4.1.1.1. 생산자물가지수(기본분류),31016AA,기타전기장비,Q,2020=100
404Y014,4.1.1.1. 생산자물가지수(기본분류),3101AA,전기장비,A,2020=100
404Y014,4.1.1.1. 생산자물가지수(기본분류),3101AA,전기장비,M,2020=100
404Y014,4.1.1.1. 생산자물가지수(기본분류),3101AA,전기장비,Q,2020=100
404Y014,4.1.1.1. 생산자물가지수(기본분류),310AA,전기장비,A,2020=100
404Y014,4.1.1.1. 생산자물가지수(기본분류),310AA,전기장비,M,2020=100
404Y014,4.1.1.1. 생산자물가지수(기본분류),310AA,전기장비,Q,2020=100
404Y014,4.1.1.1. 생산자물가지수(기본분류),311111AA,내연기관및터빈,A,2020=100
404Y014,4.1.1.1. 생산자물가지수(기본분류),311111AA,내연기관및터빈,M,2020=100
404Y014,4.1.1.1. 생산자물가지수(기본분류),311111AA,내연기관및터빈,Q,2020=100
404Y014,4.1.1.1. 생산자물가지수(기본분류),31111AA,내연기관및터빈,A,2020=100
404Y014,4.1.1.1. 생산자물가지수(기본분류),31111AA,내연기관및터빈,M,2020=100
404Y014,4.1.1.1. 생산자물가지수(기본분류),31111AA,내연기관및터빈,Q,2020=100
404Y014,4.1.1.1. 생산자물가지수(기본분류),311121AA,펌프및압축기,A,2020=100
404Y014,4.1.1.1. 생산자물가지수(기본분류),311121AA,펌프및압축기,M,2020=100
404Y014,4.1.1.1. 생산자물가지수(기본분류),311121AA,펌프및압축기,Q,2020=100
404Y014,4.1.1.1. 생산자물가지수(기본분류),31112AA,펌프및압축기,A,2020=100
404Y014,4.1.1.1. 생산자물가지수(기본분류),31112AA,펌프및압축기,M,2020=100
404Y014,4.1.1.1. 생산자물가지수(기본분류),31112AA,펌프및압축기,Q,2020=100
404Y014,4.1.1.1. 생산자물가지수(기본분류),311131AA,밸브,A,2020=100
404Y014,4.1.1.1. 생산자물가지수(기본분류),311131AA,밸브,M,2020=100
404Y014,4.1.1.1. 생산자물가지수(기본분류),311131AA,밸브,Q,2020=100
404Y014,4.1.1.1. 생산자물가지수(기본분류),311132AA,"베어링,기어및동력전달장치",A,2020=100
404Y014,4.1.1.1. 생산자물가지수(기본분류),311132AA,"베어링,기어및동력전달장치",M,2020=100
404Y014,4.1.1.1. 생산자물가지수(기본분류),311132AA,"베어링,기어및동력전달장치",Q,2020=100
404Y014,4.1.1.1. 생산자물가지수(기본분류),31113AA,일반목적용기계부품,A,2020=100
404Y014,4.1.1.1. 생산자물가지수(기본분류),31113AA,일반목적용기계부품,M,2020=100
404Y014,4.1.1.1. 생산자물가지수(기본분류),31113AA,일반목적용기계부품,Q,2020=100
404Y014,4.1.1.1. 생산자물가지수(기본분류),311141AA,산업용운반기계,A,2020=100
404Y014,4.1.1.1. 생산자물가지수(기본분류),311141AA,산업용운반기계,M,2020=100
404Y014,4.1.1.1. 생산자물가지수(기본분류),311141AA,산업용운반기계,Q,2020=100
404Y014,4.1.1.1. 생산자물가지수(기본분류),31114AA,산업용운반기계,A,2020=100
404Y014,4.1.1.1. 생산자물가지수(기본분류),31114AA,산업용운반기계,M,2020=100
404Y014,4.1.1.1. 생산자물가지수(기본분류),31114AA,산업용운반기계,Q,2020=100
404Y014,4.1.1.1. 생산자물가지수(기본분류),311151AA,공기조절장치및냉장냉동장비,A,2020=100
404Y014,4.1.1.1. 생산자물가지수(기본분류),311151AA,공기조절장치및냉장냉동장비,M,2020=100
404Y014,4.1.1.1. 생산자물가지수(기본분류),311151AA,공기조절장치및냉장냉동장비,Q,2020=100
404Y014,4.1.1.1. 생산자물가지수(기본분류),311152AA,공기및액체여과기,A,2020=100
404Y014,4.1.1.1. 생산자물가지수(기본분류),311152AA,공기및액체여과기,M,2020=100
404Y014,4.1.1.1. 생산자물가지수(기본분류),311152AA,공기및액체여과기,Q,2020=100
404Y014,4.1.1.1. 생산자물가지수(기본분류),31115AA,공기및액체조절장치,A,2020=100
901Y009,4.2.1. 소비자물가지수,0,총지수,A,2020=100
901Y009,4.2.1. 소비자물가지수,0,총지수,M,2020=100
901Y009,4.2.1. 소비자물가지수,0,총지수,Q,2020=100
901Y009,4.2.1. 소비자물가지수,A,식료품 및 비주류음료,A,2020=100
901Y009,4.2.1. 소비자물가지수,A,식료품 및 비주류음료,M,2020=100
901Y009,4.2.1. 소비자물가지수,A,식료품 및 비주류음료,Q,2020=100
901Y009,4.2.1. 소비자물가지수,A01,식료품,A,2020=100
901Y009,4.2.1. 소비자물가지수,A01,식료품,M,2020=100
901Y009,4.2.1. 소비자물가지수,A01,식료품,Q,2020=100
901Y009,4.2.1. 소비자물가지수,A011,빵 및 곡물,A,2020=100
901Y009,4.2.1. 소비자물가지수,A011,빵 및 곡물,M,2020=100
901Y009,4.2.1. 소비자물가지수,A011,빵 및 곡물,Q,2020=100
901Y009,4.2.1. 소비자물가지수,A01101,쌀,A,2020=100
901Y009,4.2.1. 소비자물가지수,A01101,쌀,M,2020=100
901Y009,4.2.1. 소비자물가지수,A01101,쌀,Q,2020=100
901Y009,4.2.1. 소비자물가지수,A01102,현미,A,2020=100
901Y009,4.2.1. 소비자물가지수,A01102,현미,M,2020=100
901Y009,4.2.1. 소비자물가지수,A01102,현미,Q,2020=100
901Y009,4.2.1. 소비자물가지수,A01103,찹쌀,A,2020=100
901Y009,4.2.1. 소비자물가지수,A01103,찹쌀,M,2020=100
901Y009,4.2.1. 소비자물가지수,A01103,찹쌀,Q,2020=100
901Y009,4.2.1. 소비자물가지수,A01104,보리쌀,A,2020=100
901Y009,4.2.1. 소비자물가지수,A01104,보리쌀,M,2020=100
901Y009,4.2.1. 소비자물가지수,A01104,보리쌀,Q,2020=100
901Y009,4.2.1. 소비자물가지수,A01105,콩,A,2020=100
901Y009,4.2.1. 소비자물가지수,A01105,콩,M,2020=100
901Y009,4.2.1. 소비자물가지수,A01105,콩,Q,2020=100
901Y009,4.2.1. 소비자물가지수,A01106,땅콩,A,2020=100
901Y009,4.2.1. 소비자물가지수,A01106,땅콩,M,2020=100
901Y009,4.2.1. 소비자물가지수,A01106,땅콩,Q,2020=100
901Y009,4.2.1. 소비자물가지수,A01107,혼식곡,A,2020=100
901Y009,4.2.1. 소비자물가지수,A01107,혼식곡,M,2020=100
901Y009,4.2.1. 소비자물가지수,A01107,혼식곡,Q,2020=100
901Y009,4.2.1. 소비자물가지수,A01108,밀가루,A,2020=100
901Y009,4.2.1. 소비자물가지수,A01108,밀가루,M,2020=100
901Y009,4.2.1. 소비자물가지수,A01108,밀가루,Q,2020=100
901Y009,4.2.1. 소비자물가지수,A01109,국수,A,2020=100
901Y009,4.2.1. 소비자물가지수,A01109,국수,M,2020=100
901Y009,4.2.1. 소비자물가지수,A01109,국수,Q,2020=100
901Y009,4.2.1. 소비자물가지수,A01110,라면,A,2020=100
901Y009,4.2.1. 소비자물가지수,A01110,라면,M,2020=100
901Y009,4.2.1. 소비자물가지수,A01110,라면,Q,2020=100
901Y009,4.2.1. 소비자물가지수,A01111,당면,A,2020=100
901Y009,4.2.1. 소비자물가지수,A01111,당면,M,2020=100
901Y009,4.2.1. 소비자물가지수,A01111,당면,Q,2020=100
901Y009,4.2.1. 소비자물가지수,A01112,두부,A,2020=100
901Y009,4.2.1. 소비자물가지수,A01112,두부,M,2020=100
901Y009,4.2.1. 소비자물가지수,A01112,두부,Q,2020=100
901Y009,4.2.1. 소비자물가지수,A01113,시리얼,A,2020=100
901Y009,4.2.1. 소비자물가지수,A01113,시리얼,M,2020=100
901Y009,4.2.1. 소비자물가지수,A01113,시리얼,Q,2020=100
901Y009,4.2.1. 소비자물가지수,A01114,부침가루,A,2020=100
901Y009,4.2.1. 소비자물가지수,A01114,부침가루,M,2020=100
901Y009,4.2.1. 소비자물가지수,A01114,부침가루,Q,2020=100
901Y009,4.2.1. 소비자물가지수,A01115,케이크,A,2020=100
901Y009,4.2.1. 소비자물가지수,A01115,케이크,M,2020=100
901Y009,4.2.1. 소비자물가지수,A01115,케이크,Q,2020=100
901Y009,4.2.1. 소비자물가지수,A01116,빵,A,2020=100
901Y009,4.2.1. 소비자물가지수,A01116,빵,M,2020=100
901Y009,4.2.1. 소비자물가지수,A01116,빵,Q,2020=100
901Y009,4.2.1. 소비자물가지수,A01117,떡,A,2020=100
901Y009,4.2.1. 소비자물가지수,A01117,떡,M,2020=100
901Y009,4.2.1. 소비자물가지수,A01117,떡,Q,2020=100
901Y009,4.2.1. 소비자물가지수,A01118,파스타면,A,2020=100
901Y009,4.2.1. 소비자물가지수,A01118,파스타면,M,2020=100
901Y009,4.2.1. 소비자물가지수,A01118,파스타면,Q,2020=100
901Y009,4.2.1. 소비자물가지수,A012,육류,A,2020=100
901Y009,4.2.1. 소비자물가지수,A012,육류,M,2020=100
901Y009,4.2.1. 소비자물가지수,A012,육류,Q,2020=100
901Y009,4.2.1. 소비자물가지수,A01201,국산쇠고기,A,2020=100
901Y009,4.2.1. 소비자물가지수,A01201,국산쇠고기,M,2020=100
901Y009,4.2.1. 소비자물가지수,A01201,국산쇠고기,Q,2020=100
901Y009,4.2.1. 소비자물가지수,A01202,수입쇠고기,A,2020=100
901Y009,4.2.1. 소비자물가지수,A01202,수입쇠고기,M,2020=100
901Y009,4.2.1. 소비자물가지수,A01202,수입쇠고기,Q,2020=100
901Y009,4.2.1. 소비자물가지수,A01203,돼지고기,A,2020=100
901Y009,4.2.1. 소비자물가지수,A01203,돼지고기,M,2020=100
901Y009,4.2.1. 소비자물가지수,A01203,돼지고기,Q,2020=100
901Y009,4.2.1. 소비자물가지수,A01204,닭고기,A,2020=100
901Y009,4.2.1. 소비자물가지수,A01204,닭고기,M,2020=100
901Y009,4.2.1. 소비자물가지수,A01204,닭고기,Q,2020=100
901Y009,4.2.1. 소비자물가지수,A01205,소시지,A,2020=100
901Y009,4.2.1. 소비자물가지수,A01205,소시지,M,2020=100
901Y009,4.2.1. 소비자물가지수,A01205,소시지,Q,2020=100
901Y009,4.2.1. 소비자물가지수,A01206,햄및베이컨,A,2020=100
901Y009,4.2.1. 소비자물가지수,A01206,햄및베이컨,M,2020=100
901Y009,4.2.1. 소비자물가지수,A01206,햄및베이컨,Q,2020=100
901Y009,4.2.1. 소비자물가지수,A01207,기타육류가공품,A,2020=100
901Y009,4.2.1. 소비자물가지수,A01207,기타육류가공품,M,2020=100
901Y009,4.2.1. 소비자물가지수,A01207,기타육류가공품,Q,2020=100
901Y009,4.2.1. 소비자물가지수,A013,어류 및 수산,A,2020=100
901Y009,4.2.1. 소비자물가지수,A013,어류 및 수산,M,2020=100
901Y009,4.2.1. 소비자물가지수,A013,어류 및 수산,Q,2020=100
901Y009,4.2.1. 소비자물가지수,A01301,갈치,A,2020=100
901Y009,4.2.1. 소비자물가지수,A01301,갈치,M,2020=100
901Y009,4.2.1. 소비자물가지수,A01301,갈치,Q,2020=100
901Y009,4.2.1. 소비자물가지수,A01302,명태,A,2020=100
901Y009,4.2.1. 소비자물가지수,A01302,명태,M,2020=100
901Y009,4.2.1. 소비자물가지수,A01302,명태,Q,2020=100
901Y009,4.2.1. 소비자물가지수,A01303,조기,A,2020=100
901Y009,4.2.1. 소비자물가지수,A01303,조기,M,2020=100
901Y009,4.2.1. 소비자물가지수,A01303,조기,Q,2020=100
901Y009,4.2.1. 소비자물가지수,A01304,고등어,A,2020=100
901Y009,4.2.1. 소비자물가지수,A01304,고등어,M,2020=100
901Y009,4.2.1. 소비자물가지수,A01304,고등어,Q,2020=100
901Y009,4.2.1. 소비자물가지수,A01305,오징어,A,2020=100
901Y009,4.2.1. 소비자물가지수,A01305,오징어,M,2020=100
901Y009,4.2.1. 소비자물가지수,A01305,오징어,Q,2020=100
901Y009,4.2.1. 소비자물가지수,A01306,게,A,2020=100
901Y009,4.2.1. 소비자물가지수,A01306,게,M,2020=100
901Y009,4.2.1. 소비자물가지수,A01306,게,Q,2020=100
901Y009,4.2.1. 소비자물가지수,A01307,굴,A,2020=100
901Y009,4.2.1. 소비자물가지수,A01307,굴,M,2020=100
901Y009,4.2.1. 소비자물가지수,A01307,굴,Q,2020=100
901Y009,4.2.1. 소비자물가지수,A01308,조개,A,2020=100
901Y009,4.2.1. 소비자물가지수,A01308,조개,M,2020=100
901Y009,4.2.1. 소비자물가지수,A01308,조개,Q,2020=100
901Y009,4.2.1. 소비자물가지수,A01309,전복,A,2020=100
901Y009,4.2.1. 소비자물가지수,A01309,전복,M,2020=100
901Y009,4.2.1. 소비자물가지수,A01309,전복,Q,2020=100
901Y009,4.2.1. 소비자물가지수,A01310,새우,A,2020=100
901Y009,4.2.1. 소비자물가지수,A01310,새우,M,2020=100
901Y009,4.2.1. 소비자물가지수,A01310,새우,Q,2020=100
901Y009,4.2.1. 소비자물가지수,A01311,마른멸치,A,2020=100
901Y009,4.2.1. 소비자물가지수,A01311,마른멸치,M,2020=100
901Y009,4.2.1. 소비자물가지수,A01311,마른멸치,Q,2020=100
901Y009,4.2.1. 소비자물가지수,A01312,마른오징어,A,2020=100
901Y009,4.2.1. 소비자물가지수,A01312,마른오징어,M,2020=100
901Y009,4.2.1. 소비자물가지수,A01312,마른오징어,Q,2020=100
901Y009,4.2.1. 소비자물가지수,A01313,낙지,A,2020=100
901Y009,4.2.1. 소비자물가지수,A01313,낙지,M,2020=100
901Y009,4.2.1. 소비자물가지수,A01313,낙지,Q,2020=100
901Y009,4.2.1. 소비자물가지수,A01314,오징어채,A,2020=100
901Y009,4.2.1. 소비자물가지수,A01314,오징어채,M,2020=100
901Y009,4.2.1. 소비자물가지수,A01314,오징어채,Q,2020=100
901Y009,4.2.1. 소비자물가지수,A01315,북어채,A,2020=100
901Y009,4.2.1. 소비자물가지수,A01315,북어채,M,2020=100
901Y009,4.2.1. 소비자물가지수,A01315,북어채,Q,2020=100
901Y009,4.2.1. 소비자물가지수,A01316,어묵,A,2020=100
901Y009,4.2.1. 소비자물가지수,A01316,어묵,M,2020=100
901Y009,4.2.1. 소비자물가지수,A01316,어묵,Q,2020=100
901Y009,4.2.1. 소비자물가지수,A01317,맛살,A,2020=100
901Y009,4.2.1. 소비자물가지수,A01317,맛살,M,2020=100
901Y009,4.2.1. 소비자물가지수,A01317,맛살,Q,2020=100
901Y009,4.2.1. 소비자물가지수,A01318,수산물통조림,A,2020=100
901Y009,4.2.1. 소비자물가지수,A01318,수산물통조림,M,2020=100
901Y009,4.2.1. 소비자물가지수,A01318,수산물통조림,Q,2020=100
901Y009,4.2.1. 소비자물가지수,A01319,젓갈,A,2020=100
901Y009,4.2.1. 소비자물가지수,A01319,젓갈,M,2020=100
901Y009,4.2.1. 소비자물가지수,A01319,젓갈,Q,2020=100
901Y009,4.2.1. 소비자물가지수,A014,"우유, 치즈 및 계란",A,2020=100
901Y009,4.2.1. 소비자물가지수,A014,"우유, 치즈 및 계란",M,2020=100
901Y009,4.2.1. 소비자물가지수,A014,"우유, 치즈 및 계란",Q,2020=100
901Y009,4.2.1. 소비자물가지수,A01401,우유,A,2020=100
901Y009,4.2.1. 소비자물가지수,A01401,우유,M,2020=100
901Y009,4.2.1. 소비자물가지수,A01401,우유,Q,2020=100
901Y009,4.2.1. 소비자물가지수,A01402,분유,A,2020=100
901Y009,4.2.1. 소비자물가지수,A01402,분유,M,2020=100
901Y009,4.2.1. 소비자물가지수,A01402,분유,Q,2020=100
901Y009,4.2.1. 소비자물가지수,A01403,치즈,A,2020=100
901Y009,4.2.1. 소비자물가지수,A01403,치즈,M,2020=100
901Y009,4.2.1. 소비자물가지수,A01403,치즈,Q,2020=100
901Y009,4.2.1. 소비자물가지수,A01404,발효유,A,2020=100
901Y009,4.2.1. 소비자물가지수,A01404,발효유,M,2020=100
901Y009,4.2.1. 소비자물가지수,A01404,발효유,Q,2020=100
901Y009,4.2.1. 소비자물가지수,A01405,달걀,A,2020=100
901Y009,4.2.1. 소비자물가지수,A01405,달걀,M,2020=100
901Y009,4.2.1. 소비자물가지수,A01405,달걀,Q,2020=100
901Y009,4.2.1. 소비자물가지수,A015,식용유지,A,2020=100
901Y009,4.2.1. 소비자물가지수,A015,식용유지,M,2020=100
901Y009,4.2.1. 소비자물가지수,A015,식용유지,Q,2020=100
901Y009,4.2.1. 소비자물가지수,A01501,참기름,A,2020=100
901Y009,4.2.1. 소비자물가지수,A01501,참기름,M,2020=100
901Y009,4.2.1. 소비자물가지수,A01501,참기름,Q,2020=100
901Y009,4.2.1. 소비자물가지수,A01502,식용유,A,2020=100
901Y009,4.2.1. 소비자물가지수,A01502,식용유,M,2020=100
901Y009,4.2.1. 소비자물가지수,A01502,식용유,Q,2020=100
901Y009,4.2.1. 소비자물가지수,A016,과일,A,2020=100
901Y009,4.2.1. 소비자물가지수,A016,과일,M,2020=100
901Y009,4.2.1. 소비자물가지수,A016,과일,Q,2020=100
901Y009,4.2.1. 소비자물가지수,A01601,사과,A,2020=100
901Y009,4.2.1. 소비자물가지수,A01601,사과,M,2020=100
901Y009,4.2.1. 소비자물가지수,A01601,사과,Q,2020=100
901Y009,4.2.1. 소비자물가지수,A01602,배,A,2020=100
901Y009,4.2.1. 소비자물가지수,A01602,배,M,2020=100
901Y009,4.2.1. 소비자물가지수,A01602,배,Q,2020=100
901Y009,4.2.1. 소비자물가지수,A01603,복숭아,A,2020=100
901Y009,4.2.1. 소비자물가지수,A01603,복숭아,M,2020=100
901Y009,4.2.1. 소비자물가지수,A01603,복숭아,Q,2020=100
901Y009,4.2.1. 소비자물가지수,A01604,포도,A,2020=100
901Y009,4.2.1. 소비자물가지수,A01604,포도,M,2020=100
901Y009,4.2.1. 소비자물가지수,A01604,포도,Q,2020=100
901Y009,4.2.1. 소비자물가지수,A01605,밤,A,2020=100
901Y009,4.2.1. 소비자물가지수,A01605,밤,M,2020=100
901Y009,4.2.1. 소비자물가지수,A01605,밤,Q,2020=100
901Y009,4.2.1. 소비자물가지수,A01606,감,A,2020=100
901Y009,4.2.1. 소비자물가지수,A01606,감,M,2020=100
901Y009,4.2.1. 소비자물가지수,A01606,감,Q,2020=100
901Y009,4.2.1. 소비자물가지수,A01607,귤,A,2020=100
901Y009,4.2.1. 소비자물가지수,A01607,귤,M,2020=100
901Y009,4.2.1. 소비자물가지수,A01607,귤,Q,2020=100
901Y009,4.2.1. 소비자물가지수,A01608,오렌지,A,2020=100
901Y009,4.2.1. 소비자물가지수,A01608,오렌지,M,2020=100
901Y009,4.2.1. 소비자물가지수,A01608,오렌지,Q,2020=100
901Y009,4.2.1. 소비자물가지수,A01609,참외,A,2020=100
901Y009,4.2.1. 소비자물가지수,A01609,참외,M,2020=100
901Y009,4.2.1. 소비자물가지수,A01609,참외,Q,2020=100
901Y009,4.2.1. 소비자물가지수,A01610,수박,A,2020=100
901Y009,4.2.1. 소비자물가지수,A01610,수박,M,2020=100
901Y009,4.2.1. 소비자물가지수,A01610,수박,Q,2020=100
901Y009,4.2.1. 소비자물가지수,A01611,딸기,A,2020=100
901Y009,4.2.1. 소비자물가지수,A01611,딸기,M,2020=100
901Y009,4.2.1. 소비자물가지수,A01611,딸기,Q,2020=100
901Y009,4.2.1. 소비자물가지수,A01612,바나나,A,2020=100
901Y009,4.2.1. 소비자물가지수,A01612,바나나,M,2020=100
901Y009,4.2.1. 소비자물가지수,A01612,바나나,Q,2020=100
901Y009,4.2.1. 소비자물가지수,A01613,키위,A,2020=100
901Y009,4.2.1. 소비자물가지수,A01613,키위,M,2020=100
901Y009,4.2.1. 소비자물가지수,A01613,키위,Q,2020=100
901Y009,4.2.1. 소비자물가지수,A01614,블루베리,A,2020=100
901Y009,4.2.1. 소비자물가지수,A01614,블루베리,M,2020=100
901Y009,4.2.1. 소비자물가지수,A01614,블루베리,Q,2020=100
901Y009,4.2.1. 소비자물가지수,A01615,망고,A,2020=100
901Y009,4.2.1. 소비자물가지수,A01615,망고,M,2020=100
901Y009,4.2.1. 소비자물가지수,A01615,망고,Q,2020=100
901Y009,4.2.1. 소비자물가지수,A01616,체리,A,2020=100
901Y009,4.2.1. 소비자물가지수,A01616,체리,M,2020=100
901Y009,4.2.1. 소비자물가지수,A01616,체리,Q,2020=100
901Y009,4.2.1. 소비자물가지수,A01617,아보카도,A,2020=100
901Y009,4.2.1. 소비자물가지수,A01617,아보카도,M,2020=100
901Y009,4.2.1. 소비자물가지수,A01617,아보카도,Q,2020=100
901Y009,4.2.1. 소비자물가지수,A01618,파인애플,A,2020=100
901Y009,4.2.1. 소비자물가지수,A01618,파인애플,M,2020=100
901Y009,4.2.1. 소비자물가지수,A01618,파인애플,Q,2020=100
901Y009,4.2.1. 소비자물가지수,A01619,아몬드,A,2020=100
901Y009,4.2.1. 소비자물가지수,A01619,아몬드,M,2020=100
901Y009,4.2.1. 소비자물가지수,A01619,아몬드,Q,2020=100
901Y009,4.2.1. 소비자물가지수,A01620,과일가공품,A,2020=100
901Y009,4.2.1. 소비자물가지수,A01620,과일가공품,M,2020=100
901Y009,4.2.1. 소비자물가지수,A01620,과일가공품,Q,2020=100
901Y009,4.2.1. 소비자물가지수,A017,채소 및 해조,A,2020=100
901Y009,4.2.1. 소비자물가지수,A017,채소 및 해조,M,2020=100
901Y009,4.2.1. 소비자물가지수,A017,채소 및 해조,Q,2020=100
901Y009,4.2.1. 소비자물가지수,A01701,배추,A,2020=100
901Y009,4.2.1. 소비자물가지수,A01701,배추,M,2020=100
901Y009,4.2.1. 소비자물가지수,A01701,배추,Q,2020=100
901Y009,4.2.1. 소비자물가지수,A01702,상추,A,2020=100
901Y009,4.2.1. 소비자물가지수,A01702,상추,M,2020=100
901Y009,4.2.1. 소비자물가지수,A01702,상추,Q,2020=100
901Y009,4.2.1. 소비자물가지수,A01703,시금치,A,2020=100
901Y009,4.2.1. 소비자물가지수,A01703,시금치,M,2020=100
901Y009,4.2.1. 소비자물가지수,A01703,시금치,Q,2020=100
901Y009,4.2.1. 소비자물가지수,A01704,양배추,A,2020=100
901Y009,4.2.1. 소비자물가지수,A01704,양배추,M,2020=100
901Y009,4.2.1. 소비자물가지수,A01704,양배추,Q,2020=100
901Y009,4.2.1. 소비자물가지수,A01705,미나리,A,2020=100
901Y009,4.2.1. 소비자물가지수,A01705,미나리,M,2020=100
901Y009,4.2.1. 소비자물가지수,A01705,미나리,Q,2020=100
901Y009,4.2.1. 소비자물가지수,A01706,깻잎,A,2020=100
901Y009,4.2.1. 소비자물가지수,A01706,깻잎,M,2020=100
901Y009,4.2.1. 소비자물가지수,A01706,깻잎,Q,2020=100
901Y009,4.2.1. 소비자물가지수,A01707,부추,A,2020=100
901Y009,4.2.1. 소비자물가지수,A01707,부추,M,2020=100
901Y009,4.2.1. 소비자물가지수,A01707,부추,Q,2020=100
901Y009,4.2.1. 소비자물가지수,A01708,무,A,2020=100
901Y009,4.2.1. 소비자물가지수,A01708,무,M,2020=100
901Y009,4.2.1. 소비자물가지수,A01708,무,Q,2020=100
901Y009,4.2.1. 소비자물가지수,A01709,열무,A,2020=100
901Y009,4.2.1. 소비자물가지수,A01709,열무,M,2020=100
901Y009,4.2.1. 소비자물가지수,A01709,열무,Q,2020=100
901Y009,4.2.1. 소비자물가지수,A01710,당근,A,2020=100
901Y009,4.2.1. 소비자물가지수,A01710,당근,M,2020=100
901Y009,4.2.1. 소비자물가지수,A01710,당근,Q,2020=100
901Y009,4.2.1. 소비자물가지수,A01711,감자,A,2020=100
901Y009,4.2.1. 소비자물가지수,A01711,감자,M,2020=100
901Y009,4.2.1. 소비자물가지수,A01711,감자,Q,2020=100
901Y009,4.2.1. 소비자물가지수,A01712,고구마,A,2020=100
901Y009,4.2.1. 소비자물가지수,A01712,고구마,M,2020=100
901Y009,4.2.1. 소비자물가지수,A01712,고구마,Q,2020=100
901Y009,4.2.1. 소비자물가지수,A01713,도라지,A,2020=100
901Y009,4.2.1. 소비자물가지수,A01713,도라지,M,2020=100
901Y009,4.2.1. 소비자물가지수,A01713,도라지,Q,2020=100
901Y009,4.2.1. 소비자물가지수,A01714,콩나물,A,2020=100
901Y009,4.2.1. 소비자물가지수,A01714,콩나물,M,2020=100
901Y009,4.2.1. 소비자물가지수,A01714,콩나물,Q,2020=100
901Y009,4.2.1. 소비자물가지수,A01715,버섯,A,2020=100
901Y009,4.2.1. 소비자물가지수,A01715,버섯,M,2020=100
901Y009,4.2.1. 소비자물가지수,A01715,버섯,Q,2020=100
901Y009,4.2.1. 소비자물가지수,A01716,오이,A,2020=100
901Y009,4.2.1. 소비자물가지수,A01716,오이,M,2020=100
901Y009,4.2.1. 소비자물가지수,A01716,오이,Q,2020=100
901Y009,4.2.1. 소비자물가지수,A01717,풋고추,A,2020=100
901Y009,4.2.1. 소비자물가지수,A01717,풋고추,M,2020=100
901Y009,4.2.1. 소비자물가지수,A01717,풋고추,Q,2020=100
901Y009,4.2.1. 소비자물가지수,A01718,호박,A,2020=100
901Y009,4.2.1. 소비자물가지수,A01718,호박,M,2020=100
901Y009,4.2.1. 소비자물가지수,A01718,호박,Q,2020=100
901Y009,4.2.1. 소비자물가지수,A01719,가지,A,2020=100
901Y009,4.2.1. 소비자물가지수,A01719,가지,M,2020=100
901Y009,4.2.1. 소비자물가지수,A01719,가지,Q,2020=100
901Y009,4.2.1. 소비자물가지수,A01720,토마토,A,2020=100
901Y009,4.2.1. 소비자물가지수,A01720,토마토,M,2020=100
901Y009,4.2.1. 소비자물가지수,A01720,토마토,Q,2020=100
901Y009,4.2.1. 소비자물가지수,A01721,파,A,2020=100
901Y009,4.2.1. 소비자물가지수,A01721,파,M,2020=100
901Y009,4.2.1. 소비자물가지수,A01721,파,Q,2020=100
901Y009,4.2.1. 소비자물가지수,A01722,양파,A,2020=100
901Y009,4.2.1. 소비자물가지수,A01722,양파,M,2020=100
901Y009,4.2.1. 소비자물가지수,A01722,양파,Q,2020=100
901Y009,4.2.1. 소비자물가지수,A01723,마늘,A,2020=100
901Y009,4.2.1. 소비자물가지수,A01723,마늘,M,2020=100
901Y009,4.2.1. 소비자물가지수,A01723,마늘,Q,2020=100
901Y009,4.2.1. 소비자물가지수,A01724,브로콜리,A,2020=100
901Y009,4.2.1. 소비자물가지수,A01724,브로콜리,M,2020=100
901Y009,4.2.1. 소비자물가지수,A01724,브로콜리,Q,2020=100
901Y009,4.2.1. 소비자물가지수,A01725,고사리,A,2020=100
901Y009,4.2.1. 소비자물가지수,A01725,고사리,M,2020=100
901Y009,4.2.1. 소비자물가지수,A01725,고사리,Q,2020=100
901Y009,4.2.1. 소비자물가지수,A01726,파프리카,A,2020=100
901Y009,4.2.1. 소비자물가지수,A01726,파프리카,M,2020=100
901Y009,4.2.1. 소비자물가지수,A01726,파프리카,Q,2020=100
901Y009,4.2.1. 소비자물가지수,A01727,단무지,A,2020=100
901Y009,4.2.1. 소비자물가지수,A01727,단무지,M,2020=100
901Y009,4.2.1. 소비자물가지수,A01727,단무지,Q,2020=100
901Y009,4.2.1. 소비자물가지수,A01728,김,A,2020=100
901Y009,4.2.1. 소비자물가지수,A01728,김,M,2020=100
901Y009,4.2.1. 소비자물가지수,A01728,김,Q,2020=100
901Y009,4.2.1. 소비자물가지수,A01729,맛김,A,2020=100
901Y009,4.2.1. 소비자물가지수,A01729,맛김,M,2020=100
901Y009,4.2.1. 소비자물가지수,A01729,맛김,Q,2020=100
901Y009,4.2.1. 소비자물가지수,A01730,미역,A,2020=100
901Y009,4.2.1. 소비자물가지수,A01730,미역,M,2020=100
901Y009,4.2.1. 소비자물가지수,A01730,미역,Q,2020=100
901Y009,4.2.1. 소비자물가지수,A018,"과자, 빙과류 및 당류",A,2020=100
901Y009,4.2.1. 소비자물가지수,A018,"과자, 빙과류 및 당류",M,2020=100
901Y009,4.2.1. 소비자물가지수,A018,"과자, 빙과류 및 당류",Q,2020=100
901Y009,4.2.1. 소비자물가지수,A01801,초콜릿,A,2020=100
901Y009,4.2.1. 소비자물가지수,A01801,초콜릿,M,2020=100
901Y009,4.2.1. 소비자물가지수,A01801,초콜릿,Q,2020=100
901Y009,4.2.1. 소비자물가지수,A01802,사탕,A,2020=100
901Y009,4.2.1. 소비자물가지수,A01802,사탕,M,2020=100
901Y009,4.2.1. 소비자물가지수,A01802,사탕,Q,2020=100
901Y009,4.2.1. 소비자물가지수,A01803,껌,A,2020=100
901Y009,4.2.1. 소비자물가지수,A01803,껌,M,2020=100
901Y009,4.2.1. 소비자물가지수,A01803,껌,Q,2020=100
901Y009,4.2.1. 소비자물가지수,A01804,아이스크림,A,2020=100
901Y009,4.2.1. 소비자물가지수,A01804,아이스크림,M,2020=100
901Y009,4.2.1. 소비자물가지수,A01804,아이스크림,Q,2020=100
901Y009,4.2.1. 소비자물가지수,A01805,비스킷,A,2020=100
901Y009,4.2.1. 소비자물가지수,A01805,비스킷,M,2020=100
901Y009,4.2.1. 소비자물가지수,A01805,비스킷,Q,2020=100
901Y009,4.2.1. 소비자물가지수,A01806,스낵과자,A,2020=100
901Y009,4.2.1. 소비자물가지수,A01806,스낵과자,M,2020=100
901Y009,4.2.1. 소비자물가지수,A01806,스낵과자,Q,2020=100
901Y009,4.2.1. 소비자물가지수,A01807,파이,A,2020=100
901Y009,4.2.1. 소비자물가지수,A01807,파이,M,2020=100
901Y009,4.2.1. 소비자물가지수,A01807,파이,Q,2020=100
901Y009,4.2.1. 소비자물가지수,A01808,설탕,A,2020=100
901Y009,4.2.1. 소비자물가지수,A01808,설탕,M,2020=100
901Y009,4.2.1. 소비자물가지수,A01808,설탕,Q,2020=100
901Y009,4.2.1. 소비자물가지수,A01809,잼,A,2020=100
901Y009,4.2.1. 소비자물가지수,A01809,잼,M,2020=100
901Y009,4.2.1. 소비자물가지수,A01809,잼,Q,2020=100
901Y009,4.2.1. 소비자물가지수,A01810,꿀,A,2020=100
901Y009,4.2.1. 소비자물가지수,A01810,꿀,M,2020=100
901Y009,4.2.1. 소비자물가지수,A01810,꿀,Q,2020=100
901Y009,4.2.1. 소비자물가지수,A01811,물엿,A,2020=100
901Y009,4.2.1. 소비자물가지수,A01811,물엿,M,2020=100
901Y009,4.2.1. 소비자물가지수,A01811,물엿,Q,2020=100
901Y009,4.2.1. 소비자물가지수,A019,기타 식료품,A,2020=100
901Y009,4.2.1. 소비자물가지수,A019,기타 식료품,M,2020=100
901Y009,4.2.1. 소비자물가지수,A019,기타 식료품,Q,2020=100
901Y009,4.2.1. 소비자물가지수,A01901,고춧가루,A,2020=100
901Y009,4.2.1. 소비자물가지수,A01901,고춧가루,M,2020=100
901Y009,4.2.1. 소비자물가지수,A01901,고춧가루,Q,2020=100
901Y009,4.2.1. 소비자물가지수,A01902,참깨,A,2020=100
901Y009,4.2.1. 소비자물가지수,A01902,참깨,M,2020=100
901Y009,4.2.1. 소비자물가지수,A01902,참깨,Q,2020=100
901Y009,4.2.1. 소비자물가지수,A01903,생강,A,2020=100
901Y009,4.2.1. 소비자물가지수,A01903,생강,M,2020=100
901Y009,4.2.1. 소비자물가지수,A01903,생강,Q,2020=100
901Y009,4.2.1. 소비자물가지수,A01904,소금,A,2020=100
901Y009,4.2.1. 소비자물가지수,A01904,소금,M,2020=100
901Y009,4.2.1. 소비자물가지수,A01904,소금,Q,2020=100
901Y009,4.2.1. 소비자물가지수,A01905,간장,A,2020=100
901Y009,4.2.1. 소비자물가지수,A01905,간장,M,2020=100
901Y009,4.2.1. 소비자물가지수,A01905,간장,Q,2020=100
901Y009,4.2.1. 소비자물가지수,A01906,된장,A,2020=100
901Y009,4.2.1. 소비자물가지수,A01906,된장,M,2020=100
901Y009,4.2.1. 소비자물가지수,A01906,된장,Q,2020=100
901Y009,4.2.1. 소비자물가지수,A01907,양념소스,A,2020=100
901Y009,4.2.1. 소비자물가지수,A01907,양념소스,M,2020=100
901Y009,4.2.1. 소비자물가지수,A01907,양념소스,Q,2020=100
901Y009,4.2.1. 소비자물가지수,A01908,고추장,A,2020=100
901Y009,4.2.1. 소비자물가지수,A01908,고추장,M,2020=100
901Y009,4.2.1. 소비자물가지수,A01908,고추장,Q,2020=100
901Y009,4.2.1. 소비자물가지수,A01909,카레,A,2020=100
901Y009,4.2.1. 소비자물가지수,A01909,카레,M,2020=100
901Y009,4.2.1. 소비자물가지수,A01909,카레,Q,2020=100
901Y009,4.2.1. 소비자물가지수,A01910,식초,A,2020=100
901Y009,4.2.1. 소비자물가지수,A01910,식초,M,2020=100
901Y009,4.2.1. 소비자물가지수,A01910,식초,Q,2020=100
901Y009,4.2.1. 소비자물가지수,A01911,드레싱,A,2020=100
901Y009,4.2.1. 소비자물가지수,A01911,드레싱,M,2020=100
901Y009,4.2.1. 소비자물가지수,A01911,드레싱,Q,2020=100
901Y009,4.2.1. 소비자물가지수,A01912,혼합조미료,A,2020=100
901Y009,4.2.1. 소비자물가지수,A01912,혼합조미료,M,2020=100
901Y009,4.2.1. 소비자물가지수,A01912,혼합조미료,Q,2020=100
901Y009,4.2.1. 소비자물가지수,A01913,스프,A,2020=100
901Y009,4.2.1. 소비자물가지수,A01913,스프,M,2020=100
901Y009,4.2.1. 소비자물가지수,A01913,스프,Q,2020=100
901Y009,4.2.1. 소비자물가지수,A01914,이유식,A,2020=100
901Y009,4.2.1. 소비자물가지수,A01914,이유식,M,2020=100
901Y009,4.2.1. 소비자물가지수,A01914,이유식,Q,2020=100
901Y009,4.2.1. 소비자물가지수,A01915,김치,A,2020=100
901Y009,4.2.1. 소비자물가지수,A01915,김치,M,2020=100
901Y009,4.2.1. 소비자물가지수,A01915,김치,Q,2020=100
901Y009,4.2.1. 소비자물가지수,A01916,밑반찬,A,2020=100
901Y009,4.2.1. 소비자물가지수,A01916,밑반찬,M,2020=100
901Y009,4.2.1. 소비자물가지수,A01916,밑반찬,Q,2020=100
901Y009,4.2.1. 소비자물가지수,A01917,냉동식품,A,2020=100
901Y009,4.2.1. 소비자물가지수,A01917,냉동식품,M,2020=100
901Y009,4.2.1. 소비자물가지수,A01917,냉동식품,Q,2020=100
901Y009,4.2.1. 소비자물가지수,A01918,즉석식품,A,2020=100
901Y009,4.2.1. 소비자물가지수,A01918,즉석식품,M,2020=100
901Y009,4.2.1. 소비자물가지수,A01918,즉석식품,Q,2020=100
901Y009,4.2.1. 소비자물가지수,A01919,편의점도시락,A,2020=100
901Y009,4.2.1. 소비자물가지수,A01919,편의점도시락,M,2020=100
901Y009,4.2.1. 소비자물가지수,A01919,편의점도시락,Q,2020=100
901Y009,4.2.1. 소비자물가지수,A01920,삼각김밥,A,2020=100
901Y009,4.2.1. 소비자물가지수,A01920,삼각김밥,M,2020=100
901Y009,4.2.1. 소비자물가지수,A01920,삼각김밥,Q,2020=100
901Y009,4.2.1. 소비자물가지수,A02,비주류 음료,A,2020=100
901Y009,4.2.1. 소비자물가지수,A02,비주류 음료,M,2020=100
901Y009,4.2.1. 소비자물가지수,A02,비주류 음료,Q,2020=100
901Y009,4.2.1. 소비자물가지수,A021,"커피, 차 및 코코아",A,2020=100
901Y009,4.2.1. 소비자물가지수,A021,"커피, 차 및 코코아",M,2020=100
901Y009,4.2.1. 소비자물가지수,A021,"커피, 차 및 코코아",Q,2020=100
901Y009,4.2.1. 소비자물가지수,A02101,커피,A,2020=100
901Y009,4.2.1. 소비자물가지수,A02101,커피,M,2020=100
901Y009,4.2.1. 소비자물가지수,A02101,커피,Q,2020=100
901Y009,4.2.1. 소비자물가지수,A02102,차,A,2020=100
901Y009,4.2.1. 소비자물가지수,A02102,차,M,2020=100
901Y009,4.2.1. 소비자물가지수,A02102,차,Q,2020=100
901Y009,4.2.1. 소비자물가지수,A022,"생수, 청량음료, 과일주스 및 채소주스",A,2020=100
901Y009,4.2.1. 소비자물가지수,A022,"생수, 청량음료, 과일주스 및 채소주스",M,2020=100
901Y009,4.2.1. 소비자물가지수,A022,"생수, 청량음료, 과일주스 및 채소주스",Q,2020=100
901Y009,4.2.1. 소비자물가지수,A02201,주스,A,2020=100
901Y009,4.2.1. 소비자물가지수,A02201,주스,M,2020=100
901Y009,4.2.1. 소비자물가지수,A02201,주스,Q,2020=100
901Y009,4.2.1. 소비자물가지수,A02202,두유,A,2020=100
901Y009,4.2.1. 소비자물가지수,A02202,두유,M,2020=100
901Y009,4.2.1. 소비자물가지수,A02202,두유,Q,2020=100
901Y009,4.2.1. 소비자물가지수,A02203,생수,A,2020=100
901Y009,4.2.1. 소비자물가지수,A02203,생수,M,2020=100
901Y009,4.2.1. 소비자물가지수,A02203,생수,Q,2020=100
901Y009,4.2.1. 소비자물가지수,A02204,기능성음료,A,2020=100
901Y009,4.2.1. 소비자물가지수,A02204,기능성음료,M,2020=100
901Y009,4.2.1. 소비자물가지수,A02204,기능성음료,Q,2020=100
901Y009,4.2.1. 소비자물가지수,A02205,탄산음료,A,2020=100
901Y009,4.2.1. 소비자물가지수,A02205,탄산음료,M,2020=100
901Y009,4.2.1. 소비자물가지수,A02205,탄산음료,Q,2020=100
901Y009,4.2.1. 소비자물가지수,A02206,기타음료,A,2020=100
901Y009,4.2.1. 소비자물가지수,A02206,기타음료,M,2020=100
901Y009,4.2.1. 소비자물가지수,A02206,기타음료,Q,2020=100
901Y009,4.2.1. 소비자물가지수,B,주류 및 담배,A,2020=100
901Y009,4.2.1. 소비자물가지수,B,주류 및 담배,M,2020=100
901Y009,4.2.1. 소비자물가지수,B,주류 및 담배,Q,2020=100
901Y009,4.2.1. 소비자물가지수,B01,주류,A,2020=100
901Y009,4.2.1. 소비자물가지수,B01,주류,M,2020=100
901Y009,4.2.1. 소비자물가지수,B01,주류,Q,2020=100
901Y009,4.2.1. 소비자물가지수,B011,주류,A,2020=100
901Y009,4.2.1. 소비자물가지수,B011,주류,M,2020=100
901Y009,4.2.1. 소비자물가지수,B011,주류,Q,2020=100
901Y009,4.2.1. 소비자물가지수,B01101,소주,A,2020=100
901Y009,4.2.1. 소비자물가지수,B01101,소주,M,2020=100
901Y009,4.2.1. 소비자물가지수,B01101,소주,Q,2020=100
901Y009,4.2.1. 소비자물가지수,B01102,과실주,A,2020=100
901Y009,4.2.1. 소비자물가지수,B01102,과실주,M,2020=100
901Y009,4.2.1. 소비자물가지수,B01102,과실주,Q,2020=100
901Y009,4.2.1. 소비자물가지수,B01103,맥주,A,2020=100
901Y009,4.2.1. 소비자물가지수,B01103,맥주,M,2020=100
901Y009,4.2.1. 소비자물가지수,B01103,맥주,Q,2020=100
901Y009,4.2.1. 소비자물가지수,B01104,막걸리,A,2020=100
901Y009,4.2.1. 소비자물가지수,B01104,막걸리,M,2020=100
901Y009,4.2.1. 소비자물가지수,B01104,막걸리,Q,2020=100
901Y009,4.2.1. 소비자물가지수,B01105,양주,A,2020=100
901Y009,4.2.1. 소비자물가지수,B01105,양주,M,2020=100
901Y009,4.2.1. 소비자물가지수,B01105,양주,Q,2020=100
901Y009,4.2.1. 소비자물가지수,B01106,약주,A,2020=100
901Y009,4.2.1. 소비자물가지수,B01106,약주,M,2020=100
901Y009,4.2.1. 소비자물가지수,B01106,약주,Q,2020=100
901Y009,4.2.1. 소비자물가지수,B02,담배,A,2020=100
901Y009,4.2.1. 소비자물가지수,B02,담배,M,2020=100
901Y009,4.2.1. 소비자물가지수,B02,담배,Q,2020=100
901Y009,4.2.1. 소비자물가지수,B021,담배,A,2020=100
901Y009,4.2.1. 소비자물가지수,B021,담배,M,2020=100
901Y009,4.2.1. 소비자물가지수,B021,담배,Q,2020=100
901Y009,4.2.1. 소비자물가지수,B02101,담배,A,2020=100
901Y009,4.2.1. 소비자물가지수,B02101,담배,M,2020=100
901Y009,4.2.1. 소비자물가지수,B02101,담배,Q,2020=100
901Y009,4.2.1. 소비자물가지수,C,의류 및 신발,A,2020=100
901Y009,4.2.1. 소비자물가지수,C,의류 및 신발,M,2020=100
901Y009,4.2.1. 소비자물가지수,C,의류 및 신발,Q,2020=100
901Y009,4.2.1. 소비자물가지수,C01,의류 ,A,2020=100
901Y009,4.2.1. 소비자물가지수,C01,의류 ,M,2020=100
901Y009,4.2.1. 소비자물가지수,C01,의류 ,Q,2020=100
901Y009,4.2.1. 소비자물가지수,C011,남자의류,A,2020=100
901Y009,4.2.1. 소비자물가지수,C011,남자의류,M,2020=100
901Y009,4.2.1. 소비자물가지수,C011,남자의류,Q,2020=100
901Y009,4.2.1. 소비자물가지수,C01101,남자외의,A,2020=100
901Y009,4.2.1. 소비자물가지수,C01101,남자외의,M,2020=100
901Y009,4.2.1. 소비자물가지수,C01101,남자외의,Q,2020=100
901Y009,4.2.1. 소비자물가지수,C01102,남자상의,A,2020=100
901Y009,4.2.1. 소비자물가지수,C01102,남자상의,M,2020=100
901Y009,4.2.1. 소비자물가지수,C01102,남자상의,Q,2020=100
901Y009,4.2.1. 소비자물가지수,C01103,남자하의,A,2020=100
901Y009,4.2.1. 소비자물가지수,C01103,남자하의,M,2020=100
901Y009,4.2.1. 소비자물가지수,C01103,남자하의,Q,2020=100
901Y009,4.2.1. 소비자물가지수,C01104,남자내의,A,2020=100
901Y009,4.2.1. 소비자물가지수,C01104,남자내의,M,2020=100
901Y009,4.2.1. 소비자물가지수,C01104,남자내의,Q,2020=100
901Y009,4.2.1. 소비자물가지수,C012,여자의류,A,2020=100
901Y009,4.2.1. 소비자물가지수,C012,여자의류,M,2020=100
901Y009,4.2.1. 소비자물가지수,C012,여자의류,Q,2020=100
901Y009,4.2.1. 소비자물가지수,C01201,여자외의,A,2020=100
901Y009,4.2.1. 소비자물가지수,C01201,여자외의,M,2020=100
901Y009,4.2.1. 소비자물가지수,C01201,여자외의,Q,2020=100
901Y009,4.2.1. 소비자물가지수,C01202,원피스,A,2020=100
901Y009,4.2.1. 소비자물가지수,C01202,원피스,M,2020=100
901Y009,4.2.1. 소비자물가지수,C01202,원피스,Q,2020=100
901Y009,4.2.1. 소비자물가지수,C01203,여자상의,A,2020=100
901Y009,4.2.1. 소비자물가지수,C01203,여자상의,M,2020=100
901Y009,4.2.1. 소비자물가지수,C01203,여자상의,Q,2020=100
901Y009,4.2.1. 소비자물가지수,C01204,여자하의,A,2020=100
901Y009,4.2.1. 소비자물가지수,C01204,여자하의,M,2020=100
901Y009,4.2.1. 소비자물가지수,C01204,여자하의,Q,2020=100
901Y009,4.2.1. 소비자물가지수,C01205,여자내의,A,2020=100
901Y009,4.2.1. 소비자물가지수,C01205,여자내의,M,2020=100
901Y009,4.2.1. 소비자물가지수,C01205,여자내의,Q,2020=100
901Y009,4.2.1. 소비자물가지수,C013,캐쥬얼의류,A,2020=100
901Y009,4.2.1. 소비자물가지수,C013,캐쥬얼의류,M,2020=100
901Y009,4.2.1. 소비자물가지수,C013,캐쥬얼의류,Q,2020=100
901Y009,4.2.1. 소비자물가지수,C01301,점퍼,A,2020=100
901Y009,4.2.1. 소비자물가지수,C01301,점퍼,M,2020=100
901Y009,4.2.1. 소비자물가지수,C01301,점퍼,Q,2020=100
901Y009,4.2.1. 소비자물가지수,C01302,티셔츠,A,2020=100
901Y009,4.2.1. 소비자물가지수,C01302,티셔츠,M,2020=100
901Y009,4.2.1. 소비자물가지수,C01302,티셔츠,Q,2020=100
901Y009,4.2.1. 소비자물가지수,C01303,스웨터,A,2020=100
901Y009,4.2.1. 소비자물가지수,C01303,스웨터,M,2020=100
901Y009,4.2.1. 소비자물가지수,C01303,스웨터,Q,2020=100
901Y009,4.2.1. 소비자물가지수,C01304,청바지,A,2020=100
901Y009,4.2.1. 소비자물가지수,C01304,청바지,M,2020=100
901Y009,4.2.1. 소비자물가지수,C01304,청바지,Q,2020=100
901Y009,4.2.1. 소비자물가지수,C01305,운동복,A,2020=100
901Y009,4.2.1. 소비자물가지수,C01305,운동복,M,2020=100
901Y009,4.2.1. 소비자물가지수,C01305,운동복,Q,2020=100
901Y009,4.2.1. 소비자물가지수,C01306,등산복,A,2020=100
901Y009,4.2.1. 소비자물가지수,C01306,등산복,M,2020=100
901Y009,4.2.1. 소비자물가지수,C01306,등산복,Q,2020=100
901Y009,4.2.1. 소비자물가지수,C014,아동복 · 유아복,A,2020=100
901Y009,4.2.1. 소비자물가지수,C014,아동복 · 유아복,M,2020=100
901Y009,4.2.1. 소비자물가지수,C014,아동복 · 유아복,Q,2020=100
901Y009,4.2.1. 소비자물가지수,C01401,유아동복,A,2020=100
901Y009,4.2.1. 소비자물가지수,C01401,유아동복,M,2020=100
901Y009,4.2.1. 소비자물가지수,C01401,유아동복,Q,2020=100
901Y009,4.2.1. 소비자물가지수,C015,기타의류 및 의류 장신구,A,2020=100
901Y009,4.2.1. 소비자물가지수,C015,기타의류 및 의류 장신구,M,2020=100
901Y009,4.2.1. 소비자물가지수,C015,기타의류 및 의류 장신구,Q,2020=100
901Y009,4.2.1. 소비자물가지수,C01501,양말,A,2020=100
901Y009,4.2.1. 소비자물가지수,C01501,양말,M,2020=100
901Y009,4.2.1. 소비자물가지수,C01501,양말,Q,2020=100
901Y009,4.2.1. 소비자물가지수,C01502,모자,A,2020=100
901Y009,4.2.1. 소비자물가지수,C01502,모자,M,2020=100
901Y009,4.2.1. 소비자물가지수,C01502,모자,Q,2020=100
901Y009,4.2.1. 소비자물가지수,C01503,장갑,A,2020=100
901Y009,4.2.1. 소비자물가지수,C01503,장갑,M,2020=100
901Y009,4.2.1. 소비자물가지수,C01503,장갑,Q,2020=100
901Y009,4.2.1. 소비자물가지수,C016,"의류 세탁, 수선 및 임차",A,2020=100
901Y009,4.2.1. 소비자물가지수,C016,"의류 세탁, 수선 및 임차",M,2020=100
901Y009,4.2.1. 소비자물가지수,C016,"의류 세탁, 수선 및 임차",Q,2020=100
901Y009,4.2.1. 소비자물가지수,C01601,의복수선료,A,2020=100
901Y009,4.2.1. 소비자물가지수,C01601,의복수선료,M,2020=100
901Y009,4.2.1. 소비자물가지수,C01601,의복수선료,Q,2020=100
901Y009,4.2.1. 소비자물가지수,C01602,세탁료,A,2020=100
901Y009,4.2.1. 소비자물가지수,C01602,세탁료,M,2020=100
901Y009,4.2.1. 소비자물가지수,C01602,세탁료,Q,2020=100
901Y009,4.2.1. 소비자물가지수,C02,신발,A,2020=100
901Y009,4.2.1. 소비자물가지수,C02,신발,M,2020=100
901Y009,4.2.1. 소비자물가지수,C02,신발,Q,2020=100
901Y009,4.2.1. 소비자물가지수,C021,신발,A,2020=100
901Y009,4.2.1. 소비자물가지수,C021,신발,M,2020=100
901Y009,4.2.1. 소비자물가지수,C021,신발,Q,2020=100
901Y009,4.2.1. 소비자물가지수,C02101,아동화,A,2020=100
901Y009,4.2.1. 소비자물가지수,C02101,아동화,M,2020=100
901Y009,4.2.1. 소비자물가지수,C02101,아동화,Q,2020=100
901Y009,4.2.1. 소비자물가지수,C02102,구두,A,2020=100
901Y009,4.2.1. 소비자물가지수,C02102,구두,M,2020=100
901Y009,4.2.1. 소비자물가지수,C02102,구두,Q,2020=100
901Y009,4.2.1. 소비자물가지수,C02103,운동화,A,2020=100
901Y009,4.2.1. 소비자물가지수,C02103,운동화,M,2020=100
901Y009,4.2.1. 소비자물가지수,C02103,운동화,Q,2020=100
901Y009,4.2.1. 소비자물가지수,C02104,실내화,A,2020=100
901Y009,4.2.1. 소비자물가지수,C02104,실내화,M,2020=100
901Y009,4.2.1. 소비자물가지수,C02104,실내화,Q,2020=100
901Y009,4.2.1. 소비자물가지수,D,"주택, 수도, 전기 및 연료",A,2020=100
901Y009,4.2.1. 소비자물가지수,D,"주택, 수도, 전기 및 연료",M,2020=100
901Y009,4.2.1. 소비자물가지수,D,"주택, 수도, 전기 및 연료",Q,2020=100
901Y009,4.2.1. 소비자물가지수,D01,주택임차료,A,2020=100
901Y009,4.2.1. 소비자물가지수,D01,주택임차료,M,2020=100
901Y009,4.2.1. 소비자물가지수,D01,주택임차료,Q,2020=100
901Y009,4.2.1. 소비자물가지수,D011,주택임차료,A,2020=100
901Y009,4.2.1. 소비자물가지수,D011,주택임차료,M,2020=100
901Y009,4.2.1. 소비자물가지수,D011,주택임차료,Q,2020=100
901Y009,4.2.1. 소비자물가지수,D01101,전세,A,2020=100
901Y009,4.2.1. 소비자물가지수,D01101,전세,M,2020=100
901Y009,4.2.1. 소비자물가지수,D01101,전세,Q,2020=100
901Y009,4.2.1. 소비자물가지수,D01102,월세,A,2020=100
901Y009,4.2.1. 소비자물가지수,D01102,월세,M,2020=100
901Y009,4.2.1. 소비자물가지수,D01102,월세,Q,2020=100
901Y009,4.2.1. 소비자물가지수,D03,주거시설 유지·보수,A,2020=100
901Y009,4.2.1. 소비자물가지수,D03,주거시설 유지·보수,M,2020=100
901Y009,4.2.1. 소비자물가지수,D03,주거시설 유지·보수,Q,2020=100
901Y009,4.2.1. 소비자물가지수,D031,주거시설 유지·보수,A,2020=100
901Y009,4.2.1. 소비자물가지수,D031,주거시설 유지·보수,M,2020=100
901Y009,4.2.1. 소비자물가지수,D031,주거시설 유지·보수,Q,2020=100
901Y009,4.2.1. 소비자물가지수,D03101,주택수선재료,A,2020=100
901Y009,4.2.1. 소비자물가지수,D03101,주택수선재료,M,2020=100
901Y009,4.2.1. 소비자물가지수,D03101,주택수선재료,Q,2020=100
901Y009,4.2.1. 소비자물가지수,D03102,설비수리비,A,2020=100
901Y009,4.2.1. 소비자물가지수,D03102,설비수리비,M,2020=100
901Y009,4.2.1. 소비자물가지수,D03102,설비수리비,Q,2020=100
901Y009,4.2.1. 소비자물가지수,D04,수도 및 주거관련 서비스,A,2020=100
901Y009,4.2.1. 소비자물가지수,D04,수도 및 주거관련 서비스,M,2020=100
901Y009,4.2.1. 소비자물가지수,D04,수도 및 주거관련 서비스,Q,2020=100
901Y009,4.2.1. 소비자물가지수,D041,상하수도료,A,2020=100
901Y009,4.2.1. 소비자물가지수,D041,상하수도료,M,2020=100
901Y009,4.2.1. 소비자물가지수,D041,상하수도료,Q,2020=100
901Y009,4.2.1. 소비자물가지수,D04101,상수도료,A,2020=100
901Y009,4.2.1. 소비자물가지수,D04101,상수도료,M,2020=100
901Y009,4.2.1. 소비자물가지수,D04101,상수도료,Q,2020=100
901Y009,4.2.1. 소비자물가지수,D04102,하수도료,A,2020=100
901Y009,4.2.1. 소비자물가지수,D04102,하수도료,M,2020=100
901Y009,4.2.1. 소비자물가지수,D04102,하수도료,Q,2020=100
901Y009,4.2.1. 소비자물가지수,D042,기타 주거관련 서비스,A,2020=100
901Y009,4.2.1. 소비자물가지수,D042,기타 주거관련 서비스,M,2020=100
901Y009,4.2.1. 소비자물가지수,D042,기타 주거관련 서비스,Q,2020=100
901Y009,4.2.1. 소비자물가지수,D04201,공동주택관리비,A,2020=100
901Y009,4.2.1. 소비자물가지수,D04201,공동주택관리비,M,2020=100
901Y009,4.2.1. 소비자물가지수,D04201,공동주택관리비,Q,2020=100
901Y009,4.2.1. 소비자물가지수,D04202,쓰레기봉투료,A,2020=100
901Y009,4.2.1. 소비자물가지수,D04202,쓰레기봉투료,M,2020=100
901Y009,4.2.1. 소비자물가지수,D04202,쓰레기봉투료,Q,2020=100
901Y009,4.2.1. 소비자물가지수,D04203,정화조청소료,A,2020=100
901Y009,4.2.1. 소비자물가지수,D04203,정화조청소료,M,2020=100
901Y009,4.2.1. 소비자물가지수,D04203,정화조청소료,Q,2020=100
901Y009,4.2.1. 소비자물가지수,D05,"전기, 가스 및 기타연료",A,2020=100
901Y009,4.2.1. 소비자물가지수,D05,"전기, 가스 및 기타연료",M,2020=100
901Y009,4.2.1. 소비자물가지수,D05,"전기, 가스 및 기타연료",Q,2020=100
901Y009,4.2.1. 소비자물가지수,D051,전기,A,2020=100
901Y009,4.2.1. 소비자물가지수,D051,전기,M,2020=100
901Y009,4.2.1. 소비자물가지수,D051,전기,Q,2020=100
901Y009,4.2.1. 소비자물가지수,D05101,전기료,A,2020=100
901Y009,4.2.1. 소비자물가지수,D05101,전기료,M,2020=100
901Y009,4.2.1. 소비자물가지수,D05101,전기료,Q,2020=100
901Y009,4.2.1. 소비자물가지수,D052,가스,A,2020=100
901Y009,4.2.1. 소비자물가지수,D052,가스,M,2020=100
901Y009,4.2.1. 소비자물가지수,D052,가스,Q,2020=100
901Y009,4.2.1. 소비자물가지수,D05201,도시가스,A,2020=100
901Y009,4.2.1. 소비자물가지수,D05201,도시가스,M,2020=100
901Y009,4.2.1. 소비자물가지수,D05201,도시가스,Q,2020=100
901Y009,4.2.1. 소비자물가지수,D05202,취사용LPG,A,2020=100
901Y009,4.2.1. 소비자물가지수,D05202,취사용LPG,M,2020=100
901Y009,4.2.1. 소비자물가지수,D05202,취사용LPG,Q,2020=100
901Y009,4.2.1. 소비자물가지수,D053,기타연료 및 에너지,A,2020=100
901Y009,4.2.1. 소비자물가지수,D053,기타연료 및 에너지,M,2020=100
901Y009,4.2.1. 소비자물가지수,D053,기타연료 및 에너지,Q,2020=100
901Y009,4.2.1. 소비자물가지수,D05301,등유,A,2020=100
901Y009,4.2.1. 소비자물가지수,D05301,등유,M,2020=100
901Y009,4.2.1. 소비자물가지수,D05301,등유,Q,2020=100
901Y009,4.2.1. 소비자물가지수,D05302,지역난방비,A,2020=100
901Y009,4.2.1. 소비자물가지수,D05302,지역난방비,M,2020=100
901Y009,4.2.1. 소비자물가지수,D05302,지역난방비,Q,2020=100
901Y009,4.2.1. 소비자물가지수,D05303,부탄가스,A,2020=100
901Y009,4.2.1. 소비자물가지수,D05303,부탄가스,M,2020=100
901Y009,4.2.1. 소비자물가지수,D05303,부탄가스,Q,2020=100
901Y009,4.2.1. 소비자물가지수,E,가정용품 및 가사 서비스,A,2020=100
901Y009,4.2.1. 소비자물가지수,E,가정용품 및 가사 서비스,M,2020=100
901Y009,4.2.1. 소비자물가지수,E,가정용품 및 가사 서비스,Q,2020=100
901Y009,4.2.1. 소비자물가지수,E01,"가구, 가사비품 및 카페트",A,2020=100
901Y009,4.2.1. 소비자물가지수,E01,"가구, 가사비품 및 카페트",M,2020=100
901Y009,4.2.1. 소비자물가지수,E01,"가구, 가사비품 및 카페트",Q,2020=100
901Y009,4.2.1. 소비자물가지수,E011,"가구, 가사비품 및 카페트",A,2020=100
901Y009,4.2.1. 소비자물가지수,E011,"가구, 가사비품 및 카페트",M,2020=100
901Y009,4.2.1. 소비자물가지수,E011,"가구, 가사비품 및 카페트",Q,2020=100
901Y009,4.2.1. 소비자물가지수,E01101,장롱,A,2020=100
901Y009,4.2.1. 소비자물가지수,E01101,장롱,M,2020=100
901Y009,4.2.1. 소비자물가지수,E01101,장롱,Q,2020=100
901Y009,4.2.1. 소비자물가지수,E01102,침대,A,2020=100
901Y009,4.2.1. 소비자물가지수,E01102,침대,M,2020=100
901Y009,4.2.1. 소비자물가지수,E01102,침대,Q,2020=100
901Y009,4.2.1. 소비자물가지수,E01103,거실장,A,2020=100
901Y009,4.2.1. 소비자물가지수,E01103,거실장,M,2020=100
901Y009,4.2.1. 소비자물가지수,E01103,거실장,Q,2020=100
901Y009,4.2.1. 소비자물가지수,E01104,소파,A,2020=100
901Y009,4.2.1. 소비자물가지수,E01104,소파,M,2020=100
901Y009,4.2.1. 소비자물가지수,E01104,소파,Q,2020=100
901Y009,4.2.1. 소비자물가지수,E01105,책상,A,2020=100
901Y009,4.2.1. 소비자물가지수,E01105,책상,M,2020=100
901Y009,4.2.1. 소비자물가지수,E01105,책상,Q,2020=100
901Y009,4.2.1. 소비자물가지수,E01106,의자,A,2020=100
901Y009,4.2.1. 소비자물가지수,E01106,의자,M,2020=100
901Y009,4.2.1. 소비자물가지수,E01106,의자,Q,2020=100
901Y009,4.2.1. 소비자물가지수,E01107,식탁,A,2020=100
901Y009,4.2.1. 소비자물가지수,E01107,식탁,M,2020=100
901Y009,4.2.1. 소비자물가지수,E01107,식탁,Q,2020=100
901Y009,4.2.1. 소비자물가지수,E01108,싱크대,A,2020=100
901Y009,4.2.1. 소비자물가지수,E01108,싱크대,M,2020=100
901Y009,4.2.1. 소비자물가지수,E01108,싱크대,Q,2020=100
901Y009,4.2.1. 소비자물가지수,E02,가정용 섬유제품,A,2020=100
901Y009,4.2.1. 소비자물가지수,E02,가정용 섬유제품,M,2020=100
901Y009,4.2.1. 소비자물가지수,E02,가정용 섬유제품,Q,2020=100
901Y009,4.2.1. 소비자물가지수,E021,가정용 섬유제품,A,2020=100
901Y009,4.2.1. 소비자물가지수,E021,가정용 섬유제품,M,2020=100
901Y009,4.2.1. 소비자물가지수,E021,가정용 섬유제품,Q,2020=100
901Y009,4.2.1. 소비자물가지수,E02101,침구,A,2020=100
901Y009,4.2.1. 소비자물가지수,E02101,침구,M,2020=100
901Y009,4.2.1. 소비자물가지수,E02101,침구,Q,2020=100
901Y009,4.2.1. 소비자물가지수,E02102,커튼,A,2020=100
901Y009,4.2.1. 소비자물가지수,E02102,커튼,M,2020=100
901Y009,4.2.1. 소비자물가지수,E02102,커튼,Q,2020=100
901Y009,4.2.1. 소비자물가지수,E03,가정용 기기,A,2020=100
901Y009,4.2.1. 소비자물가지수,E03,가정용 기기,M,2020=100
901Y009,4.2.1. 소비자물가지수,E03,가정용 기기,Q,2020=100
901Y009,4.2.1. 소비자물가지수,E031,가정용 기구,A,2020=100
901Y009,4.2.1. 소비자물가지수,E031,가정용 기구,M,2020=100
901Y009,4.2.1. 소비자물가지수,E031,가정용 기구,Q,2020=100
901Y009,4.2.1. 소비자물가지수,E03101,전기밥솥,A,2020=100
901Y009,4.2.1. 소비자물가지수,E03101,전기밥솥,M,2020=100
901Y009,4.2.1. 소비자물가지수,E03101,전기밥솥,Q,2020=100
901Y009,4.2.1. 소비자물가지수,E03102,가스레인지,A,2020=100
901Y009,4.2.1. 소비자물가지수,E03102,가스레인지,M,2020=100
901Y009,4.2.1. 소비자물가지수,E03102,가스레인지,Q,2020=100
901Y009,4.2.1. 소비자물가지수,E03103,전자레인지,A,2020=100
901Y009,4.2.1. 소비자물가지수,E03103,전자레인지,M,2020=100
901Y009,4.2.1. 소비자물가지수,E03103,전자레인지,Q,2020=100
901Y009,4.2.1. 소비자물가지수,E03104,전기레인지,A,2020=100
901Y009,4.2.1. 소비자물가지수,E03104,전기레인지,M,2020=100
901Y009,4.2.1. 소비자물가지수,E03104,전기레인지,Q,2020=100
901Y009,4.2.1. 소비자물가지수,E03105,냉장고,A,2020=100
901Y009,4.2.1. 소비자물가지수,E03105,냉장고,M,2020=100
901Y009,4.2.1. 소비자물가지수,E03105,냉장고,Q,2020=100
901Y009,4.2.1. 소비자물가지수,E03106,김치냉장고,A,2020=100
901Y009,4.2.1. 소비자물가지수,E03106,김치냉장고,M,2020=100
901Y009,4.2.1. 소비자물가지수,E03106,김치냉장고,Q,2020=100
901Y009,4.2.1. 소비자물가지수,E03107,에어컨,A,2020=100
901Y009,4.2.1. 소비자물가지수,E03107,에어컨,M,2020=100
901Y009,4.2.1. 소비자물가지수,E03107,에어컨,Q,2020=100
901Y009,4.2.1. 소비자물가지수,E03108,선풍기,A,2020=100
901Y009,4.2.1. 소비자물가지수,E03108,선풍기,M,2020=100
901Y009,4.2.1. 소비자물가지수,E03108,선풍기,Q,2020=100
901Y009,4.2.1. 소비자물가지수,E03109,공기청정기,A,2020=100
901Y009,4.2.1. 소비자물가지수,E03109,공기청정기,M,2020=100
901Y009,4.2.1. 소비자물가지수,E03109,공기청정기,Q,2020=100
901Y009,4.2.1. 소비자물가지수,E03110,세탁기,A,2020=100
901Y009,4.2.1. 소비자물가지수,E03110,세탁기,M,2020=100
901Y009,4.2.1. 소비자물가지수,E03110,세탁기,Q,2020=100
901Y009,4.2.1. 소비자물가지수,E03111,의류건조기,A,2020=100
901Y009,4.2.1. 소비자물가지수,E03111,의류건조기,M,2020=100
901Y009,4.2.1. 소비자물가지수,E03111,의류건조기,Q,2020=100
901Y009,4.2.1. 소비자물가지수,E03112,식기세척기,A,2020=100
901Y009,4.2.1. 소비자물가지수,E03112,식기세척기,M,2020=100
901Y009,4.2.1. 소비자물가지수,E03112,식기세척기,Q,2020=100
901Y009,4.2.1. 소비자물가지수,E03113,청소기,A,2020=100
901Y009,4.2.1. 소비자물가지수,E03113,청소기,M,2020=100
901Y009,4.2.1. 소비자물가지수,E03113,청소기,Q,2020=100
901Y009,4.2.1. 소비자물가지수,E03114,소형주방가전,A,2020=100
901Y009,4.2.1. 소비자물가지수,E03114,소형주방가전,M,2020=100
901Y009,4.2.1. 소비자물가지수,E03114,소형주방가전,Q,2020=100
901Y009,4.2.1. 소비자물가지수,E03115,보온매트,A,2020=100
901Y009,4.2.1. 소비자물가지수,E03115,보온매트,M,2020=100
901Y009,4.2.1. 소비자물가지수,E03115,보온매트,Q,2020=100
901Y009,4.2.1. 소비자물가지수,E032,가정용 기구 수리서비스,A,2020=100
901Y009,4.2.1. 소비자물가지수,E032,가정용 기구 수리서비스,M,2020=100
901Y009,4.2.1. 소비자물가지수,E032,가정용 기구 수리서비스,Q,2020=100
901Y009,4.2.1. 소비자물가지수,E03201,가전제품수리비,A,2020=100
901Y009,4.2.1. 소비자물가지수,E03201,가전제품수리비,M,2020=100
901Y009,4.2.1. 소비자물가지수,E03201,가전제품수리비,Q,2020=100
901Y009,4.2.1. 소비자물가지수,E03202,가전제품렌탈비,A,2020=100
901Y009,4.2.1. 소비자물가지수,E03202,가전제품렌탈비,M,2020=100
901Y009,4.2.1. 소비자물가지수,E03202,가전제품렌탈비,Q,2020=100
901Y009,4.2.1. 소비자물가지수,E04,주방용품 및 가정용품,A,2020=100
901Y009,4.2.1. 소비자물가지수,E04,주방용품 및 가정용품,M,2020=100
901Y009,4.2.1. 소비자물가지수,E04,주방용품 및 가정용품,Q,2020=100
901Y009,4.2.1. 소비자물가지수,E041,주방용품 및 가정용품,A,2020=100
901Y009,4.2.1. 소비자물가지수,E041,주방용품 및 가정용품,M,2020=100
901Y009,4.2.1. 소비자물가지수,E041,주방용품 및 가정용품,Q,2020=100
901Y009,4.2.1. 소비자물가지수,E04101,식기,A,2020=100
901Y009,4.2.1. 소비자물가지수,E04101,식기,M,2020=100
901Y009,4.2.1. 소비자물가지수,E04101,식기,Q,2020=100
901Y009,4.2.1. 소비자물가지수,E04102,컵,A,2020=100
901Y009,4.2.1. 소비자물가지수,E04102,컵,M,2020=100
901Y009,4.2.1. 소비자물가지수,E04102,컵,Q,2020=100
901Y009,4.2.1. 소비자물가지수,E04103,솥,A,2020=100
901Y009,4.2.1. 소비자물가지수,E04103,솥,M,2020=100
901Y009,4.2.1. 소비자물가지수,E04103,솥,Q,2020=100
901Y009,4.2.1. 소비자물가지수,E04104,프라이팬,A,2020=100
901Y009,4.2.1. 소비자물가지수,E04104,프라이팬,M,2020=100
901Y009,4.2.1. 소비자물가지수,E04104,프라이팬,Q,2020=100
901Y009,4.2.1. 소비자물가지수,E04105,냄비,A,2020=100
901Y009,4.2.1. 소비자물가지수,E04105,냄비,M,2020=100
901Y009,4.2.1. 소비자물가지수,E04105,냄비,Q,2020=100
901Y009,4.2.1. 소비자물가지수,E04106,수저,A,2020=100
901Y009,4.2.1. 소비자물가지수,E04106,수저,M,2020=100
901Y009,4.2.1. 소비자물가지수,E04106,수저,Q,2020=100
901Y009,4.2.1. 소비자물가지수,E04107,밀폐용기,A,2020=100
901Y009,4.2.1. 소비자물가지수,E04107,밀폐용기,M,2020=100
901Y009,4.2.1. 소비자물가지수,E04107,밀폐용기,Q,2020=100
901Y009,4.2.1. 소비자물가지수,E04108,부엌용용구,A,2020=100
901Y009,4.2.1. 소비자물가지수,E04108,부엌용용구,M,2020=100
901Y009,4.2.1. 소비자물가지수,E04108,부엌용용구,Q,2020=100
901Y009,4.2.1. 소비자물가지수,E05,가정·정원용 공구 및 장비,A,2020=100
901Y009,4.2.1. 소비자물가지수,E05,가정·정원용 공구 및 장비,M,2020=100
901Y009,4.2.1. 소비자물가지수,E05,가정·정원용 공구 및 장비,Q,2020=100
901Y009,4.2.1. 소비자물가지수,E051,가정·정원용 공구 및 장비,A,2020=100
901Y009,4.2.1. 소비자물가지수,E051,가정·정원용 공구 및 장비,M,2020=100
901Y009,4.2.1. 소비자물가지수,E051,가정·정원용 공구 및 장비,Q,2020=100
901Y009,4.2.1. 소비자물가지수,E05101,보일러,A,2020=100
901Y009,4.2.1. 소비자물가지수,E05101,보일러,M,2020=100
901Y009,4.2.1. 소비자물가지수,E05101,보일러,Q,2020=100
901Y009,4.2.1. 소비자물가지수,E05102,건전지,A,2020=100
901Y009,4.2.1. 소비자물가지수,E05102,건전지,M,2020=100
901Y009,4.2.1. 소비자물가지수,E05102,건전지,Q,2020=100
901Y009,4.2.1. 소비자물가지수,E05103,소형가사용품,A,2020=100
901Y009,4.2.1. 소비자물가지수,E05103,소형가사용품,M,2020=100
901Y009,4.2.1. 소비자물가지수,E05103,소형가사용품,Q,2020=100
901Y009,4.2.1. 소비자물가지수,E06,일상 생활용품 및 가사 서비스,A,2020=100
901Y009,4.2.1. 소비자물가지수,E06,일상 생활용품 및 가사 서비스,M,2020=100
901Y009,4.2.1. 소비자물가지수,E06,일상 생활용품 및 가사 서비스,Q,2020=100
901Y009,4.2.1. 소비자물가지수,E061,비내구성 가정용품,A,2020=100
901Y009,4.2.1. 소비자물가지수,E061,비내구성 가정용품,M,2020=100
901Y009,4.2.1. 소비자물가지수,E061,비내구성 가정용품,Q,2020=100
901Y009,4.2.1. 소비자물가지수,E06101,세탁세제,A,2020=100
901Y009,4.2.1. 소비자물가지수,E06101,세탁세제,M,2020=100
901Y009,4.2.1. 소비자물가지수,E06101,세탁세제,Q,2020=100
901Y009,4.2.1. 소비자물가지수,E06102,섬유유연제,A,2020=100
901Y009,4.2.1. 소비자물가지수,E06102,섬유유연제,M,2020=100
901Y009,4.2.1. 소비자물가지수,E06102,섬유유연제,Q,2020=100
901Y009,4.2.1. 소비자물가지수,E06103,전구,A,2020=100
901Y009,4.2.1. 소비자물가지수,E06103,전구,M,2020=100
901Y009,4.2.1. 소비자물가지수,E06103,전구,Q,2020=100
901Y009,4.2.1. 소비자물가지수,E06104,부엌용세제,A,2020=100
901Y009,4.2.1. 소비자물가지수,E06104,부엌용세제,M,2020=100
901Y009,4.2.1. 소비자물가지수,E06104,부엌용세제,Q,2020=100
901Y009,4.2.1. 소비자물가지수,E06105,청소용세제,A,2020=100
901Y009,4.2.1. 소비자물가지수,E06105,청소용세제,M,2020=100
901Y009,4.2.1. 소비자물가지수,E06105,청소용세제,Q,2020=100
901Y009,4.2.1. 소비자물가지수,E06106,살충제,A,2020=100
901Y009,4.2.1. 소비자물가지수,E06106,살충제,M,2020=100
901Y009,4.2.1. 소비자물가지수,E06106,살충제,Q,2020=100
901Y009,4.2.1. 소비자물가지수,E06107,가정용비닐용품,A,2020=100
901Y009,4.2.1. 소비자물가지수,E06107,가정용비닐용품,M,2020=100
901Y009,4.2.1. 소비자물가지수,E06107,가정용비닐용품,Q,2020=100
901Y009,4.2.1. 소비자물가지수,E06108,키친타월,A,2020=100
901Y009,4.2.1. 소비자물가지수,E06108,키친타월,M,2020=100
901Y009,4.2.1. 소비자물가지수,E06108,키친타월,Q,2020=100
901Y009,4.2.1. 소비자물가지수,E06109,방향제,A,2020=100
901Y009,4.2.1. 소비자물가지수,E06109,방향제,M,2020=100
901Y009,4.2.1. 소비자물가지수,E06109,방향제,Q,2020=100
901Y009,4.2.1. 소비자물가지수,E06110,습기제거제,A,2020=100
901Y009,4.2.1. 소비자물가지수,E06110,습기제거제,M,2020=100
901Y009,4.2.1. 소비자물가지수,E06110,습기제거제,Q,2020=100
901Y009,4.2.1. 소비자물가지수,E062,가구내 고용 및 가사 서비스,A,2020=100
901Y009,4.2.1. 소비자물가지수,E062,가구내 고용 및 가사 서비스,M,2020=100
901Y009,4.2.1. 소비자물가지수,E062,가구내 고용 및 가사 서비스,Q,2020=100
901Y009,4.2.1. 소비자물가지수,E06201,가사도우미료,A,2020=100
901Y009,4.2.1. 소비자물가지수,E06201,가사도우미료,M,2020=100
901Y009,4.2.1. 소비자물가지수,E06201,가사도우미료,Q,2020=100
901Y009,4.2.1. 소비자물가지수,E06202,간병도우미료,A,2020=100
901Y009,4.2.1. 소비자물가지수,E06202,간병도우미료,M,2020=100
901Y009,4.2.1. 소비자물가지수,E06202,간병도우미료,Q,2020=100
901Y009,4.2.1. 소비자물가지수,F,보건,A,2020=100
901Y009,4.2.1. 소비자물가지수,F,보건,M,2020=100
901Y009,4.2.1. 소비자물가지수,F,보건,Q,2020=100
901Y009,4.2.1. 소비자물가지수,F01,의료용품 및 장비,A,2020=100
901Y009,4.2.1. 소비자물가지수,F01,의료용품 및 장비,M,2020=100
901Y009,4.2.1. 소비자물가지수,F01,의료용품 및 장비,Q,2020=100
901Y009,4.2.1. 소비자물가지수,F011,의약품,A,2020=100
901Y009,4.2.1. 소비자물가지수,F011,의약품,M,2020=100
901Y009,4.2.1. 소비자물가지수,F011,의약품,Q,2020=100
901Y009,4.2.1. 소비자물가지수,F01101,감기약,A,2020=100
901Y009,4.2.1. 소비자물가지수,F01101,감기약,M,2020=100
901Y009,4.2.1. 소비자물가지수,F01101,감기약,Q,2020=100
901Y009,4.2.1. 소비자물가지수,F01102,진통제,A,2020=100
901Y009,4.2.1. 소비자물가지수,F01102,진통제,M,2020=100
901Y009,4.2.1. 소비자물가지수,F01102,진통제,Q,2020=100
901Y009,4.2.1. 소비자물가지수,F01103,소화제,A,2020=100
901Y009,4.2.1. 소비자물가지수,F01103,소화제,M,2020=100
901Y009,4.2.1. 소비자물가지수,F01103,소화제,Q,2020=100
901Y009,4.2.1. 소비자물가지수,F01104,위장약,A,2020=100
901Y009,4.2.1. 소비자물가지수,F01104,위장약,M,2020=100
901Y009,4.2.1. 소비자물가지수,F01104,위장약,Q,2020=100
901Y009,4.2.1. 소비자물가지수,F01105,진해거담제,A,2020=100
901Y009,4.2.1. 소비자물가지수,F01105,진해거담제,M,2020=100
901Y009,4.2.1. 소비자물가지수,F01105,진해거담제,Q,2020=100
901Y009,4.2.1. 소비자물가지수,F01106,소염진통제,A,2020=100
901Y009,4.2.1. 소비자물가지수,F01106,소염진통제,M,2020=100
901Y009,4.2.1. 소비자물가지수,F01106,소염진통제,Q,2020=100
901Y009,4.2.1. 소비자물가지수,F01107,피부질환제,A,2020=100
901Y009,4.2.1. 소비자물가지수,F01107,피부질환제,M,2020=100
901Y009,4.2.1. 소비자물가지수,F01107,피부질환제,Q,2020=100
901Y009,4.2.1. 소비자물가지수,F01108,치과구강용약,A,2020=100
901Y009,4.2.1. 소비자물가지수,F01108,치과구강용약,M,2020=100
901Y009,4.2.1. 소비자물가지수,F01108,치과구강용약,Q,2020=100
901Y009,4.2.1. 소비자물가지수,F01109,조제약,A,2020=100
901Y009,4.2.1. 소비자물가지수,F01109,조제약,M,2020=100
901Y009,4.2.1. 소비자물가지수,F01109,조제약,Q,2020=100
901Y009,4.2.1. 소비자물가지수,F01110,한방약,A,2020=100
901Y009,4.2.1. 소비자물가지수,F01110,한방약,M,2020=100
901Y009,4.2.1. 소비자물가지수,F01110,한방약,Q,2020=100
901Y009,4.2.1. 소비자물가지수,F01111,인삼,A,2020=100
901Y009,4.2.1. 소비자물가지수,F01111,인삼,M,2020=100
901Y009,4.2.1. 소비자물가지수,F01111,인삼,Q,2020=100
901Y009,4.2.1. 소비자물가지수,F01112,홍삼,A,2020=100
901Y009,4.2.1. 소비자물가지수,F01112,홍삼,M,2020=100
901Y009,4.2.1. 소비자물가지수,F01112,홍삼,Q,2020=100
901Y009,4.2.1. 소비자물가지수,F01113,비타민제,A,2020=100
901Y009,4.2.1. 소비자물가지수,F01113,비타민제,M,2020=100
901Y009,4.2.1. 소비자물가지수,F01113,비타민제,Q,2020=100
901Y009,4.2.1. 소비자물가지수,F01114,건강기능식품,A,2020=100
901Y009,4.2.1. 소비자물가지수,F01114,건강기능식품,M,2020=100
901Y009,4.2.1. 소비자물가지수,F01114,건강기능식품,Q,2020=100
901Y009,4.2.1. 소비자물가지수,F01115,유산균,A,2020=100
901Y009,4.2.1. 소비자물가지수,F01115,유산균,M,2020=100
901Y009,4.2.1. 소비자물가지수,F01115,유산균,Q,2020=100
901Y009,4.2.1. 소비자물가지수,F01116,병원약품,A,2020=100
901Y009,4.2.1. 소비자물가지수,F01116,병원약품,M,2020=100
901Y009,4.2.1. 소비자물가지수,F01116,병원약품,Q,2020=100
901Y009,4.2.1. 소비자물가지수,F012,의료용품 및 치료기기,A,2020=100
901Y009,4.2.1. 소비자물가지수,F012,의료용품 및 치료기기,M,2020=100
901Y009,4.2.1. 소비자물가지수,F012,의료용품 및 치료기기,Q,2020=100
901Y009,4.2.1. 소비자물가지수,F01201,종이기저귀,A,2020=100
901Y009,4.2.1. 소비자물가지수,F01201,종이기저귀,M,2020=100
901Y009,4.2.1. 소비자물가지수,F01201,종이기저귀,Q,2020=100
901Y009,4.2.1. 소비자물가지수,F01202,생리대,A,2020=100
901Y009,4.2.1. 소비자물가지수,F01202,생리대,M,2020=100
901Y009,4.2.1. 소비자물가지수,F01202,생리대,Q,2020=100
901Y009,4.2.1. 소비자물가지수,F01203,마스크,A,2020=100
901Y009,4.2.1. 소비자물가지수,F01203,마스크,M,2020=100
901Y009,4.2.1. 소비자물가지수,F01203,마스크,Q,2020=100
901Y009,4.2.1. 소비자물가지수,F01204,반창고,A,2020=100
901Y009,4.2.1. 소비자물가지수,F01204,반창고,M,2020=100
901Y009,4.2.1. 소비자물가지수,F01204,반창고,Q,2020=100
901Y009,4.2.1. 소비자물가지수,F01205,안경,A,2020=100
901Y009,4.2.1. 소비자물가지수,F01205,안경,M,2020=100
901Y009,4.2.1. 소비자물가지수,F01205,안경,Q,2020=100
901Y009,4.2.1. 소비자물가지수,F01206,콘택트렌즈,A,2020=100
901Y009,4.2.1. 소비자물가지수,F01206,콘택트렌즈,M,2020=100
901Y009,4.2.1. 소비자물가지수,F01206,콘택트렌즈,Q,2020=100
901Y009,4.2.1. 소비자물가지수,F01207,의료측정기,A,2020=100
901Y009,4.2.1. 소비자물가지수,F01207,의료측정기,M,2020=100
901Y009,4.2.1. 소비자물가지수,F01207,의료측정기,Q,2020=100
901Y009,4.2.1. 소비자물가지수,F01208,보청기,A,2020=100
901Y009,4.2.1. 소비자물가지수,F01208,보청기,M,2020=100
901Y009,4.2.1. 소비자물가지수,F01208,보청기,Q,2020=100
901Y009,4.2.1. 소비자물가지수,F01209,건강기기렌탈비,A,2020=100
901Y009,4.2.1. 소비자물가지수,F01209,건강기기렌탈비,M,2020=100
901Y009,4.2.1. 소비자물가지수,F01209,건강기기렌탈비,Q,2020=100
901Y009,4.2.1. 소비자물가지수,F01210,치료재료,A,2020=100
901Y009,4.2.1. 소비자물가지수,F01210,치료재료,M,2020=100
901Y009,4.2.1. 소비자물가지수,F01210,치료재료,Q,2020=100
901Y009,4.2.1. 소비자물가지수,F02,외래환자 서비스,A,2020=100
901Y009,4.2.1. 소비자물가지수,F02,외래환자 서비스,M,2020=100
901Y009,4.2.1. 소비자물가지수,F02,외래환자 서비스,Q,2020=100
901Y009,4.2.1. 소비자물가지수,F021,의료서비스,A,2020=100
901Y009,4.2.1. 소비자물가지수,F021,의료서비스,M,2020=100
901Y009,4.2.1. 소비자물가지수,F021,의료서비스,Q,2020=100
901Y009,4.2.1. 소비자물가지수,F02101,외래진료비,A,2020=100
901Y009,4.2.1. 소비자물가지수,F02101,외래진료비,M,2020=100
901Y009,4.2.1. 소비자물가지수,F02101,외래진료비,Q,2020=100
901Y009,4.2.1. 소비자물가지수,F02102,건강검진비,A,2020=100
901Y009,4.2.1. 소비자물가지수,F02102,건강검진비,M,2020=100
901Y009,4.2.1. 소비자물가지수,F02102,건강검진비,Q,2020=100
901Y009,4.2.1. 소비자물가지수,F02103,한방진료비,A,2020=100
901Y009,4.2.1. 소비자물가지수,F02103,한방진료비,M,2020=100
901Y009,4.2.1. 소비자물가지수,F02103,한방진료비,Q,2020=100
901Y009,4.2.1. 소비자물가지수,F02104,약국조제료,A,2020=100
901Y009,4.2.1. 소비자물가지수,F02104,약국조제료,M,2020=100
901Y009,4.2.1. 소비자물가지수,F02104,약국조제료,Q,2020=100
901Y009,4.2.1. 소비자물가지수,F022,기타의료서비스,A,2020=100
901Y009,4.2.1. 소비자물가지수,F022,기타의료서비스,M,2020=100
901Y009,4.2.1. 소비자물가지수,F022,기타의료서비스,Q,2020=100
901Y009,4.2.1. 소비자물가지수,F02201,치과진료비,A,2020=100
901Y009,4.2.1. 소비자물가지수,F02201,치과진료비,M,2020=100
901Y009,4.2.1. 소비자물가지수,F02201,치과진료비,Q,2020=100
901Y009,4.2.1. 소비자물가지수,F02202,치과보철료,A,2020=100
901Y009,4.2.1. 소비자물가지수,F02202,치과보철료,M,2020=100
901Y009,4.2.1. 소비자물가지수,F02202,치과보철료,Q,2020=100
901Y009,4.2.1. 소비자물가지수,F03,병원 서비스,A,2020=100
